time_betw_scan_hours,CA,YM,2/1 mM Glu/Lac [mM],1 mM H2O2 [mM],40/25 mM glu/lac høj O2,Sensitivity [pA/µM],t on 10/5 mM glu/lac [s],Lav O2 - Høj O2
1780,2.136,6.098,0.05,0.9,3.33,194,2.1,2.7
1133,2.61,5.74,0.27,1.1,2.37,482,1.7,2.07
1257,2.556,6.876,0.4,1.2,2.97,383,6.8,1.05
649,2.465,5.64,0.36,0.2,4.74,479,0.3,0.42
1704,2.71,6.918,0.15,0.0,2.87,401,5.5,0.18
4384,2.611,6.291,0.12,1.5,6.65,247,6.8,3.26
2521,2.613,6.64,0.3,2.8,5.3,441,0.0,0.43
8668,2.632,6.916,0.32,2.7,3.71,462,7.8,0.57
2714,2.475,6.712,0.42,2.6,3.96,442,1.6,0.66
1758,2.95,6.636,0.21,0.1,2.65,327,6.0,0.16
5927,2.664,6.709,0.12,0.6,1.18,205,4.1,4.02
824,2.66,7.081,0.21,0.1,2.72,182,8.3,2.65
1449,2.532,7.216,0.35,3.2,1.76,423,17.7,0.76
3353,2.495,6.648,0.31,0.8,2.48,424,2.1,1.38
853,2.376,5.823,0.23,0.7,0.64,159,7.1,3.67
8848,2.57,6.534,0.26,2.2,4.35,401,2.6,0.37
1935,2.45,4.505,0.22,0.2,4.49,504,0.2,0.43
277,2.75,6.242,0.21,1.7,3.71,461,1.4,1.04
3029,2.637,6.286,0.04,1.0,0.41,414,2.7,4.12
1233,2.43,6.787,0.19,0.3,0.44,19,7.7,2.63
1727,2.741,6.852,0.37,3.7,4.08,478,5.2,0.44
2626,2.487,6.355,0.32,0.9,3.72,519,1.9,0.11
21,2.633,6.841,0.09,1.4,4.2,21,4.6,4.41
2771,2.65,6.167,0.17,5.9,2.88,301,9.3,1.58
7093,2.377,6.144,0.11,1.6,1.12,77,6.2,3.21
2566,2.428,7.167,0.33,0.3,5.08,405,4.3,0.37
1209,2.81,7.316,0.22,1.4,4.96,271,7.1,0.34
754,2.982,7.302,0.31,1.0,3.5,436,7.7,1.61
858,2.95,5.438,0.25,0.9,4.19,556,0.1,1.78
1717,2.531,7.207,0.34,1.9,4.03,414,3.6,0.45
4980,2.619,5.957,0.26,0.6,4.07,704,1.1,1.11
1481,3.053,6.996,0.32,1.3,4.43,404,4.3,0.29
3063,2.848,6.451,0.01,1.7,8.55,364,2.1,3.23
3149,2.765,6.674,0.44,1.4,4.13,443,4.2,0.08
193,2.524,5.986,0.31,0.8,3.11,408,1.2,1.27
2772,2.76,7.108,0.39,2.3,3.68,443,3.0,0.51
3167,2.328,6.961,0.35,4.6,3.46,436,3.6,0.87
7788,2.688,6.582,0.21,2.0,4.84,157,6.4,1.22
7011,2.627,6.913,0.35,1.4,5.16,209,6.2,0.13
3198,2.59,6.595,0.25,2.9,4.41,408,1.5,0.6
637,2.516,5.455,0.34,0.0,4.57,729,0.3,0.06
3236,2.75,6.449,0.29,0.3,3.04,216,6.9,1.58
1879,2.69,6.572,0.13,0.8,0.5,41,10.3,3.81
1472,2.78,6.683,0.2,0.3,0.96,340,5.8,1.71
7547,2.7,5.897,0.24,0.3,2.7,19,6.6,2.45
1411,2.71,6.888,0.27,2.7,3.04,409,3.2,0.52
4498,2.732,6.436,0.03,1.0,2.52,267,5.9,6.01
5996,2.547,5.605,0.18,0.8,2.04,261,6.2,1.84
3987,2.606,6.323,0.34,1.2,1.67,235,5.8,0.91
2077,2.6,6.748,0.1,1.0,1.88,91,7.3,2.43
1866,2.7,6.97,0.25,0.6,1.31,213,6.3,1.56
1503,2.422,6.313,0.09,0.0,0.37,159,12.7,3.54
1338,2.61,7.031,0.1,0.5,0.94,330,13.7,1.8
4752,2.77,6.968,0.19,0.7,3.76,306,6.9,1.08
4323,2.318,6.915,0.21,0.5,1.87,229,7.6,2.43
3416,2.567,6.946,0.23,1.3,2.98,442,7.6,0.1
6741,2.54,6.513,0.11,0.6,1.5,2,5.7,4.42
95,2.435,6.143,0.19,1.9,2.85,509,1.2,2.32
217,2.669,5.95,0.19,0.3,0.1,67,9.8,3.17
1738,2.817,6.646,0.12,1.0,0.16,179,5.8,1.31
108,2.612,6.188,0.01,0.6,1.98,373,4.4,3.99
2509,2.459,6.695,0.2,3.1,2.53,335,6.1,0.2
398,2.311,6.231,0.11,1.7,3.42,394,1.9,3.65
31,2.55,6.235,0.16,0.4,0.49,256,7.5,1.51
6074,2.625,6.166,0.24,1.0,1.17,28,1.5,2.31
3244,2.15,6.426,0.27,1.7,5.2,483,1.2,0.35
1408,2.486,6.821,0.19,1.2,1.82,220,5.2,3.14
1270,2.53,5.475,0.21,0.1,2.06,432,0.3,1.07
1790,2.936,6.061,0.5,1.5,2.63,219,2.7,1.01
5699,2.547,6.108,0.35,0.3,2.97,154,6.3,1.43
1247,2.604,6.628,0.04,1.1,4.16,265,11.9,2.84
1551,2.635,7.112,0.43,0.2,2.75,270,6.9,0.47
2559,2.498,6.929,0.04,1.2,1.54,6,9.0,4.56
1096,2.575,6.014,0.14,0.3,1.09,149,9.5,4.6
4731,2.546,6.389,0.28,0.8,3.93,410,1.0,0.64
6214,2.663,6.363,0.08,0.4,0.28,62,5.8,1.42
1666,2.51,6.051,0.21,1.1,1.22,122,2.1,1.91
3296,2.533,6.906,0.28,0.0,2.92,315,6.8,0.21
1729,2.64,6.743,0.21,1.0,1.01,5,6.3,1.06
84,2.402,6.732,0.16,1.6,2.06,134,0.8,4.18
4414,2.598,5.905,0.16,1.6,7.79,260,0.4,0.6
1557,2.452,5.926,0.23,1.6,3.91,417,0.5,0.71
2396,2.447,5.99,0.37,5.1,4.7,265,0.5,0.25
971,2.589,7.165,0.47,1.1,3.86,411,2.5,0.62
14613,2.677,6.923,0.13,0.1,2.37,200,6.0,1.09
1817,2.75,6.031,0.25,0.1,1.84,75,7.2,2.74
1558,2.503,7.299,0.18,0.2,0.51,130,9.0,3.72
2893,2.553,6.735,0.42,1.6,4.79,402,0.6,0.26
892,2.815,6.417,0.11,0.7,0.05,13,10.6,3.48
1444,2.32,6.357,0.04,1.5,0.89,80,9.2,3.38
1705,2.574,6.563,0.5,2.5,3.68,447,2.8,0.66
1524,2.654,6.733,0.47,1.4,0.67,323,6.5,2.02
4797,2.614,6.448,0.02,0.5,2.3,22,6.4,2.41
1159,2.65,6.427,0.37,7.0,3.47,359,3.7,0.39
2739,2.337,5.927,0.29,0.7,4.48,428,0.1,0.92
1726,2.712,6.501,0.38,5.5,3.6,478,3.4,0.44
65,2.573,7.069,0.41,0.9,3.14,420,3.8,0.72
4730,2.664,6.12,0.31,0.7,4.5,572,0.0,0.03
136,2.72,6.773,0.19,0.2,1.45,94,8.9,4.01
7520,2.493,6.472,0.13,2.1,7.11,128,0.3,0.3
156,2.599,7.021,0.18,0.3,1.73,222,6.5,0.75
1108,2.823,7.153,0.2,0.6,2.84,268,8.4,3.56
1521,2.6,6.361,0.23,0.1,2.37,165,6.7,0.4
1508,2.458,6.601,0.51,3.8,4.84,448,4.6,0.15
4082,2.667,6.599,0.39,1.6,1.57,60,5.8,0.71
4921,2.541,6.098,0.29,1.1,3.57,640,1.7,1.16
531,2.469,7.301,0.36,2.1,2.86,312,6.2,0.36
1446,2.5,6.716,0.45,1.6,1.42,74,5.4,1.16
2235,2.635,6.132,0.37,6.5,3.99,394,0.6,0.81
1120,2.633,6.355,0.07,0.4,1.47,83,9.2,1.4
4690,2.51,6.647,0.17,2.2,2.65,38,6.8,6.84
879,2.401,6.959,0.22,0.4,1.68,126,3.2,3.0
1300,2.361,6.178,0.24,1.3,2.19,402,0.9,2.04
2861,2.69,5.222,0.23,0.9,2.76,539,1.6,1.49
266,2.768,6.867,0.63,1.9,4.33,421,3.0,0.3
136,2.915,6.433,0.28,1.0,2.98,3,6.4,3.01
5543,2.8,6.78,0.04,0.6,0.03,7,7.9,2.22
2920,2.577,5.701,0.27,0.6,4.12,505,0.2,0.45
305,2.725,7.148,0.24,0.1,2.11,223,10.9,2.43
1495,2.81,6.702,0.29,1.4,2.93,39,6.4,2.97
1227,2.737,6.865,0.13,2.0,2.28,412,3.7,2.41
1163,2.71,7.043,0.2,0.4,1.45,174,14.4,2.04
2302,2.704,7.071,0.36,3.6,4.1,186,7.1,0.9
214,2.77,6.347,0.56,0.6,0.98,152,7.4,2.14
1453,2.573,6.91,0.3,0.0,1.79,102,7.3,2.06
8705,2.41,6.486,0.26,0.9,1.82,105,2.2,4.07
1774,2.578,5.598,0.29,1.0,4.53,421,0.8,0.06
115,2.85,7.004,0.56,1.4,5.04,410,4.1,0.4
3295,2.593,5.924,0.35,0.8,4.03,414,0.2,0.5
3124,2.461,5.198,0.17,1.1,2.7,418,1.4,2.65
1574,2.479,6.559,0.53,3.2,3.56,449,0.2,0.59
1536,2.49,6.562,0.16,1.3,1.86,52,11.4,3.91
86,2.75,6.69,0.46,2.5,3.94,407,4.0,0.15
1851,2.689,7.064,0.23,4.3,4.08,414,2.5,0.5
2370,3.024,6.673,0.07,0.3,2.01,331,6.2,0.83
1033,2.886,7.123,0.28,0.7,3.16,253,9.3,0.71
1218,2.608,6.744,0.1,0.7,0.11,149,16.3,2.14
3206,2.607,6.206,0.1,0.8,0.63,52,6.6,3.26
1583,2.853,6.545,0.29,0.2,3.4,211,9.2,0.95
5321,2.614,7.04,0.02,0.7,0.25,103,7.6,2.35
910,2.608,6.066,0.21,0.6,1.23,432,2.1,3.74
3137,3.03,6.84,0.02,1.2,2.95,87,4.2,2.21
1016,2.688,5.713,0.2,0.4,0.63,460,0.5,3.62
2553,2.73,7.073,0.16,0.2,1.68,210,6.6,1.61
7803,2.584,6.947,0.0,1.1,4.41,167,4.1,4.85
3002,2.72,5.89,0.21,0.0,2.97,218,7.1,3.43
1242,2.131,7.024,0.2,0.1,1.2,24,7.3,3.23
2847,2.406,7.071,0.22,1.6,2.95,406,5.5,0.18
2435,2.75,7.185,0.24,1.4,3.38,412,2.3,0.28
1769,3.0,6.39,0.4,1.5,3.44,322,7.5,0.9
5758,2.315,6.701,0.5,0.9,2.7,340,8.2,1.23
3401,2.583,7.159,0.15,0.8,3.38,428,7.3,0.18
4437,2.839,7.313,0.34,3.0,4.15,282,6.6,0.15
5909,2.332,6.234,0.23,0.1,3.56,446,0.4,1.16
5654,2.6,7.266,0.32,1.4,4.79,365,11.4,0.67
5477,2.48,6.259,0.24,1.5,5.43,106,3.5,3.69
1849,2.52,6.339,0.14,0.0,1.36,16,6.2,2.24
2503,2.438,6.326,0.18,0.2,2.21,101,2.1,2.28
867,2.528,6.887,0.0,1.6,1.94,52,4.6,2.0
251,2.448,5.487,0.18,0.2,3.95,445,0.8,1.15
1180,2.42,6.483,0.23,1.5,3.46,401,4.6,0.95
1544,2.43,6.901,0.1,0.2,1.04,33,8.7,2.54
2030,2.67,6.84,0.46,1.1,4.19,442,3.1,0.7
1281,2.619,7.062,0.17,0.7,1.82,233,7.7,0.84
4206,2.658,6.631,0.27,0.2,0.13,61,5.9,2.15
1459,2.385,5.224,0.2,1.0,4.19,569,0.5,0.46
1535,2.196,6.879,0.57,2.5,4.01,411,0.2,0.66
1233,2.532,6.415,0.17,1.6,1.44,427,2.9,2.72
6110,2.62,6.732,0.42,1.6,2.93,425,1.4,0.68
1101,2.591,6.892,0.0,0.9,2.54,37,8.1,3.5
1266,2.69,5.523,0.25,0.0,4.79,712,0.7,0.86
1292,2.311,5.848,0.16,0.3,3.56,424,0.5,1.59
1419,2.526,5.719,0.28,0.4,4.01,405,0.3,0.42
4579,2.709,6.348,0.22,0.7,4.77,449,2.6,0.92
6968,2.617,7.199,0.24,3.3,4.76,439,7.5,0.19
94,2.82,6.577,0.18,0.3,1.04,229,5.9,0.81
1448,2.79,5.902,0.16,2.4,4.25,490,1.7,1.34
2874,2.544,6.717,0.26,0.6,2.92,73,5.8,2.21
12036,2.375,6.881,0.09,0.2,1.23,257,5.2,2.42
1526,2.51,6.383,0.5,3.0,4.35,454,1.2,0.56
1359,2.599,6.965,0.12,0.2,1.63,2,5.3,2.83
1060,2.642,6.281,0.21,0.4,0.99,152,7.1,2.13
1619,2.73,6.697,0.26,0.8,2.98,244,4.3,6.76
3349,2.566,5.295,0.25,0.5,4.53,617,0.1,0.16
3086,2.63,6.452,0.13,2.1,4.35,409,1.6,0.52
4146,2.627,5.542,0.23,0.2,4.45,427,0.9,0.17
1150,2.66,6.891,0.22,0.7,2.62,285,5.7,1.14
7451,2.495,7.38,0.3,1.5,4.15,438,2.1,0.75
2251,2.535,7.111,0.55,2.0,3.55,432,3.0,0.89
1315,2.48,7.239,0.42,0.9,2.93,293,6.9,0.72
157,2.536,6.685,0.26,0.2,3.09,120,6.2,0.35
11198,2.635,7.382,0.33,1.3,3.66,420,5.7,0.52
2534,2.59,6.246,0.3,1.8,4.5,408,3.6,0.1
4319,2.67,6.234,0.23,0.1,3.57,34,6.4,2.05
1312,2.64,7.212,0.26,1.4,4.23,348,7.4,1.44
1536,2.565,6.492,0.08,1.4,2.73,10,8.8,4.44
1420,2.78,6.568,0.01,0.3,2.78,171,6.1,2.78
2716,2.507,6.844,0.31,0.3,0.99,202,10.8,1.67
6687,2.476,6.752,0.29,0.1,0.57,295,11.5,4.71
2935,2.59,7.339,0.26,3.4,2.79,441,2.6,0.77
1742,2.663,6.712,0.1,0.5,1.12,100,3.0,3.0
1709,2.64,6.48,0.21,0.8,0.45,154,4.7,6.99
1226,2.087,6.059,0.28,0.3,2.81,226,5.7,2.07
2155,2.532,5.731,0.24,1.0,3.36,622,1.1,0.96
405,2.84,6.432,0.03,0.6,1.15,79,1.9,2.64
1676,2.526,7.144,0.17,0.7,2.42,249,5.7,1.19
1316,2.587,6.104,0.29,0.2,4.93,460,0.8,0.0
1666,2.517,7.084,0.52,2.0,3.99,406,0.4,0.45
256,2.456,7.249,0.32,2.5,3.06,430,7.1,0.37
312,2.62,6.655,0.07,1.7,1.07,389,6.8,1.13
63,2.79,6.833,0.19,0.5,1.75,351,7.7,0.81
1513,2.549,6.724,0.18,0.0,0.97,83,10.5,2.68
1151,2.614,6.557,0.03,0.3,2.14,131,3.2,1.53
1540,2.552,6.698,0.32,0.8,0.46,423,6.3,0.55
1063,2.658,6.738,0.33,5.5,3.41,446,2.6,0.55
1723,2.386,6.75,0.37,3.6,2.73,402,1.2,0.4
1317,2.47,6.929,0.15,0.6,0.36,365,16.2,1.26
7195,2.538,6.386,0.12,0.1,0.13,69,6.0,3.21
1585,2.577,6.332,0.34,1.1,3.91,413,0.5,0.31
2519,2.28,5.907,0.43,1.2,4.35,415,1.5,0.09
1326,2.74,6.607,0.21,0.1,1.29,108,6.0,0.74
1724,2.527,7.118,0.32,2.8,4.68,429,3.3,0.02
4572,2.88,5.494,0.21,0.7,3.79,738,0.5,1.41
1700,2.48,6.5,0.17,1.6,1.0,32,1.8,0.91
1381,2.208,6.585,0.52,1.0,4.34,409,0.7,0.12
5594,2.592,6.688,0.28,3.0,2.13,171,6.0,1.35
43,2.636,6.957,0.3,1.8,4.3,409,3.7,0.22
1312,2.561,6.733,0.27,3.0,3.96,408,3.8,0.31
1614,2.545,6.134,0.49,2.2,4.48,444,1.1,0.47
1427,2.56,5.745,0.27,1.3,2.92,561,0.5,1.32
5424,2.521,7.008,0.47,2.1,4.5,425,2.4,0.78
3908,2.18,6.916,0.19,2.2,2.87,301,6.3,2.04
1533,2.594,6.345,0.28,3.3,3.95,441,0.8,0.37
2836,2.89,6.03,0.23,0.2,4.0,601,1.6,3.13
215,2.604,6.552,0.03,0.9,1.9,48,12.0,3.77
1201,2.401,6.571,0.29,0.4,1.24,187,2.8,1.71
1622,2.656,6.215,0.01,1.2,3.29,137,2.2,2.65
1398,2.554,7.062,0.11,1.4,1.7,410,29.5,0.92
873,2.376,6.353,0.28,0.0,0.87,430,2.3,1.57
3211,2.435,7.264,0.18,0.9,1.02,201,6.8,2.09
908,2.404,5.721,0.24,0.2,3.99,511,0.0,1.02
1548,2.505,6.697,0.03,1.1,2.64,169,4.2,2.69
3929,2.286,7.034,0.26,0.2,3.47,284,6.0,1.18
5384,2.554,7.131,0.25,5.2,3.72,280,3.0,0.16
2251,2.21,5.873,0.18,0.6,2.25,631,0.3,3.96
4277,3.051,7.108,0.29,1.7,3.99,407,2.8,0.46
3345,2.59,6.25,0.18,0.0,2.05,155,0.9,0.77
2453,2.807,5.387,0.31,0.1,3.54,412,0.0,0.03
1628,2.509,6.598,0.21,1.7,3.2,230,0.6,2.58
140,2.643,6.884,0.24,0.3,1.96,247,13.0,4.31
1312,2.349,6.125,0.23,2.3,4.63,426,1.7,0.36
1368,2.624,6.646,0.11,1.4,0.71,137,6.0,1.58
3066,2.745,7.179,0.28,1.0,2.04,286,8.2,1.71
158,2.836,5.684,0.31,1.0,4.27,456,0.6,1.07
1141,2.604,6.533,0.19,1.2,0.34,3,6.2,2.06
3144,2.585,7.036,0.58,1.9,2.23,152,9.3,2.86
4752,2.404,5.776,0.24,0.0,4.98,469,0.9,0.29
529,2.789,6.936,0.28,0.8,1.02,153,5.8,2.5
129,2.72,5.7,0.19,0.6,3.05,650,0.9,2.02
1746,2.476,6.168,0.31,0.2,4.1,485,0.1,0.25
1481,2.57,5.74,0.09,1.2,3.67,797,2.1,2.11
1296,2.57,6.39,0.47,0.8,0.23,134,6.6,0.4
60,2.586,6.371,0.06,2.0,0.82,65,6.4,3.29
1302,2.75,7.124,0.31,1.1,2.88,394,5.7,0.71
1712,2.648,6.622,0.34,0.6,0.48,414,6.1,1.26
4346,2.86,5.614,0.22,0.4,3.46,696,0.1,2.43
2387,2.49,5.902,0.14,0.6,4.01,405,0.5,1.6
104,2.77,5.796,0.28,1.0,3.61,412,0.1,2.67
7678,2.742,6.119,0.43,2.8,2.81,106,4.1,0.64
1999,2.667,7.086,0.13,0.8,0.16,247,10.8,1.63
1269,2.288,7.138,0.15,0.2,2.61,235,5.2,1.32
7472,2.568,6.874,0.29,0.7,3.42,240,7.5,3.1
2075,2.597,5.85,0.26,0.6,4.64,543,1.0,0.17
1406,2.599,7.059,0.29,0.1,1.98,298,6.9,0.4
1044,2.373,6.798,0.13,0.3,2.81,235,7.8,1.67
1044,2.68,6.888,0.24,1.0,3.84,282,7.7,0.21
2849,2.418,6.345,0.1,1.0,0.8,60,9.1,4.13
79,2.812,5.953,0.23,1.1,3.69,483,1.0,0.92
1430,2.26,5.393,0.22,0.7,3.4,702,0.4,1.81
864,2.468,6.742,0.01,0.6,1.06,57,3.8,3.35
5848,2.649,5.865,0.16,0.7,2.9,141,1.4,3.81
1648,2.667,6.822,0.13,0.3,0.37,234,8.8,2.7
202,2.359,5.538,0.23,0.1,4.47,573,0.4,0.22
897,2.239,6.9,0.36,3.0,3.67,409,0.5,0.76
1255,2.39,6.586,0.16,0.2,0.08,171,7.5,2.13
1794,2.75,7.196,0.24,0.3,1.38,241,7.0,1.98
1409,2.372,7.243,0.35,0.7,1.71,341,14.1,2.12
1681,2.481,6.369,0.38,1.9,1.19,1,5.7,0.37
1521,2.564,7.029,0.21,0.1,1.85,220,7.3,1.09
2695,2.65,6.609,0.01,0.4,2.44,145,1.7,2.14
2317,2.55,6.819,0.25,2.6,4.1,403,2.7,0.1
1575,2.568,5.474,0.21,1.0,3.45,431,1.3,0.91
1428,2.614,6.9,0.11,0.1,1.19,100,3.6,3.11
1345,2.61,7.174,0.28,0.2,2.74,285,11.2,0.14
2004,2.445,6.574,0.29,2.5,3.38,339,7.2,0.86
1634,2.37,6.962,0.12,0.3,1.11,222,12.0,2.24
1747,2.332,6.264,0.31,0.1,3.59,445,0.5,0.54
1161,2.81,6.188,0.24,1.8,2.65,439,0.8,1.56
4390,2.86,6.113,0.22,0.3,1.13,457,3.6,2.51
144,3.0,5.94,0.25,0.0,4.9,451,0.1,0.59
1285,2.523,5.561,0.24,0.1,4.36,443,0.9,1.27
218,2.46,6.982,0.25,2.6,3.71,421,5.3,0.54
1526,2.498,6.937,0.04,0.6,0.21,124,10.8,3.37
1665,2.502,6.67,0.19,0.6,0.62,176,8.9,3.22
1086,2.75,6.298,0.25,0.6,3.42,282,9.6,1.32
185,2.593,7.018,0.23,2.2,4.7,404,4.0,0.39
1371,2.573,6.233,0.13,1.5,0.48,435,2.3,2.13
114,2.589,7.022,0.04,0.6,1.61,75,3.5,4.61
3973,2.681,6.301,0.18,0.1,3.62,478,1.5,1.56
1575,2.675,6.787,0.17,0.3,0.3,187,6.3,1.47
1325,2.747,6.404,0.03,1.2,3.01,231,4.2,3.28
1432,2.81,6.7,0.19,0.2,3.49,245,7.2,1.53
2094,2.567,5.83,0.25,0.2,0.69,534,1.2,2.19
2924,2.655,5.686,0.23,0.8,1.66,457,0.6,1.15
1897,2.341,6.552,0.22,1.8,4.32,337,5.7,0.01
1370,2.692,6.121,0.15,0.2,1.15,67,6.2,2.73
117,2.77,5.496,0.14,0.6,2.3,700,0.6,1.88
5630,2.466,5.99,0.13,0.8,1.53,69,7.4,1.94
1413,2.681,6.67,0.24,1.8,3.4,256,5.8,0.27
1045,2.61,7.007,0.41,0.2,2.59,76,7.6,1.52
1003,2.796,6.75,0.29,2.0,3.66,171,5.8,0.51
1524,2.643,6.608,0.36,0.9,0.89,218,8.4,2.76
1448,2.71,5.854,0.22,1.4,3.26,611,1.9,1.75
1320,2.76,5.745,0.13,0.4,0.18,4,5.8,2.19
1300,2.698,5.859,0.24,0.2,4.84,418,0.3,0.31
357,2.788,7.358,0.31,3.9,3.04,454,2.5,0.63
4315,2.66,6.375,0.02,0.6,0.38,138,6.2,2.3
1680,2.786,5.302,0.22,0.1,3.6,446,0.7,0.06
1366,2.383,6.785,0.42,2.8,5.11,427,1.4,0.18
8439,2.698,6.695,0.13,1.6,7.71,185,0.3,0.29
1179,2.826,5.33,0.2,0.9,4.09,532,0.8,1.35
1486,2.591,5.637,0.14,1.0,1.78,514,2.6,1.27
1573,2.578,6.406,0.18,0.4,1.19,248,4.2,2.36
1452,2.558,6.584,0.52,2.4,1.76,56,5.1,3.23
950,2.286,7.291,0.16,0.6,2.46,273,9.8,0.81
1917,2.486,6.576,0.14,0.5,0.93,42,4.1,3.34
1734,2.87,6.983,0.41,2.5,5.36,433,12.7,0.16
1246,2.656,6.467,0.2,0.5,0.04,122,6.6,3.75
703,3.059,7.048,0.42,0.5,1.35,201,5.5,1.56
1312,2.573,7.108,0.48,2.2,3.65,406,8.5,0.47
2827,2.601,7.114,0.16,1.6,2.99,360,6.1,1.22
6971,2.642,6.748,0.15,1.1,1.2,267,1.6,2.39
1378,2.716,7.169,0.05,3.1,1.17,270,7.1,1.15
3134,2.796,6.32,0.38,0.0,3.3,224,5.8,1.4
2898,2.618,6.525,0.3,1.3,3.02,106,6.1,1.67
1947,2.84,7.07,0.24,0.4,3.81,245,8.1,2.81
1978,2.29,5.924,0.12,0.7,2.45,195,4.7,4.12
2699,2.65,7.383,0.22,0.6,3.53,309,5.8,1.01
1750,2.574,6.159,0.44,2.5,4.39,412,0.2,0.54
6365,2.368,6.92,0.35,0.7,2.57,358,6.2,0.61
338,2.637,6.945,0.31,1.0,3.93,207,6.2,0.16
7654,2.328,6.751,0.16,0.2,2.15,198,6.2,0.89
2457,2.762,6.412,0.82,2.8,4.8,254,0.1,1.41
4584,2.805,6.094,0.14,0.9,1.74,196,7.0,2.34
1504,2.382,6.717,0.21,0.1,1.07,111,2.8,0.72
2854,2.946,6.338,0.04,0.7,0.19,143,5.8,1.95
856,2.581,6.656,0.13,0.1,0.34,0,6.7,2.58
1101,2.646,6.302,0.24,0.0,0.74,205,5.7,2.12
2925,2.909,7.134,0.27,1.5,3.69,408,6.2,0.0
1583,2.574,6.894,0.31,1.4,1.9,439,8.4,0.61
4566,2.522,6.907,0.32,0.8,1.88,327,8.0,0.78
768,2.562,6.056,0.32,1.2,3.99,474,0.7,0.4
2073,2.493,6.876,0.41,2.4,4.71,408,2.3,0.36
1384,2.033,7.008,0.29,1.2,4.24,410,1.2,0.41
5606,2.512,6.819,0.33,1.2,0.77,44,7.9,1.96
1269,2.578,6.726,0.17,0.4,0.74,188,6.3,1.64
1498,2.807,6.972,0.14,1.8,1.21,252,8.3,0.45
1579,2.576,6.405,0.11,0.3,1.67,118,2.3,1.29
5693,2.618,7.322,0.16,0.8,2.66,338,9.4,0.59
1089,2.867,6.718,0.52,3.8,4.82,96,3.0,0.92
4577,2.72,6.358,0.02,1.8,2.77,103,3.5,3.94
939,2.532,7.351,0.59,2.4,4.2,464,6.2,0.47
78,2.617,6.245,0.27,1.2,2.3,115,7.2,2.07
1196,2.384,6.775,0.58,2.0,3.98,430,3.6,0.62
1365,2.81,7.055,0.3,0.2,3.41,278,5.7,1.09
1469,2.71,6.318,0.11,0.2,0.95,1,6.0,2.24
48,2.444,6.604,0.55,2.1,1.53,1,4.1,0.05
1513,2.544,7.344,0.24,0.2,2.79,410,10.5,1.32
1283,2.595,6.536,0.17,1.1,1.62,8,4.3,4.51
1721,2.92,6.06,0.2,0.7,4.26,622,0.8,2.13
1228,2.527,7.104,0.27,3.3,3.5,303,6.7,1.61
1149,2.413,6.65,0.14,0.6,0.08,286,13.7,2.58
498,2.454,6.554,0.11,0.0,1.47,93,3.7,2.07
1232,2.953,5.207,0.25,0.8,4.14,482,0.1,0.0
144,2.808,5.752,0.12,0.7,1.45,409,2.3,2.19
183,2.81,7.25,0.19,1.5,2.36,441,4.0,0.87
1386,2.638,7.255,0.3,1.0,0.05,185,8.9,3.84
3006,2.561,6.549,0.38,2.4,4.38,422,1.8,0.55
1492,2.81,5.377,0.23,0.8,2.46,619,0.5,1.12
1820,2.55,6.583,0.27,1.0,2.31,493,1.6,2.85
1137,2.25,6.02,0.31,0.1,3.82,677,0.1,0.75
1415,2.56,6.442,0.22,1.6,2.96,287,6.6,1.93
1835,2.865,6.952,0.17,1.6,2.87,208,6.6,0.4
2511,2.668,6.637,0.2,2.3,2.59,256,6.8,1.76
2621,2.501,5.174,0.17,1.3,3.6,474,0.0,2.89
1525,2.87,6.443,0.01,0.7,0.76,198,5.9,1.72
2682,2.388,7.329,0.28,0.2,3.33,392,6.6,0.85
1474,2.838,6.698,0.17,3.5,1.79,270,5.7,0.69
1229,2.63,7.148,0.01,0.6,0.55,186,6.8,2.23
287,2.652,6.747,0.32,2.8,3.26,405,1.9,0.25
5255,2.688,6.437,0.13,0.2,0.93,101,7.0,2.06
1288,2.51,7.393,0.3,2.7,3.77,447,3.8,0.33
1315,2.395,6.946,0.01,1.0,7.85,265,4.9,2.18
1839,2.484,6.293,0.19,0.3,3.2,295,6.6,1.24
2658,2.543,6.955,0.25,2.5,4.26,443,4.1,0.93
826,2.454,6.316,0.26,1.4,1.44,427,0.9,1.75
1120,2.69,5.491,0.22,0.3,1.36,422,0.2,2.26
746,2.72,6.331,0.19,1.8,0.16,8,6.4,3.1
1613,2.603,7.365,0.04,0.1,2.09,202,10.1,2.39
4100,2.954,6.45,0.26,1.1,2.27,154,6.9,1.74
1465,3.01,6.426,0.01,0.9,1.2,53,6.5,3.04
871,2.59,7.064,0.1,2.2,2.26,312,12.8,1.11
1685,2.94,7.036,0.3,0.2,1.1,175,13.4,1.21
2379,2.377,7.253,0.04,0.5,3.07,165,6.8,2.09
68,2.495,6.676,0.46,0.6,4.24,203,6.1,0.18
511,2.672,6.449,0.36,1.2,4.15,405,2.4,0.17
894,2.485,6.668,0.54,1.2,4.72,447,2.2,0.7
5482,2.47,6.987,0.34,2.2,4.18,442,5.4,0.58
2891,2.58,6.882,0.39,1.3,3.87,425,2.0,0.49
651,2.623,6.6,0.1,0.2,0.92,58,2.1,2.09
1866,2.67,5.951,0.25,0.2,4.38,434,0.8,0.2
1881,2.838,5.42,0.31,0.0,4.87,418,0.2,0.15
1822,2.614,6.348,0.32,0.8,4.46,446,0.0,0.07
1871,2.612,5.999,0.09,0.2,1.3,105,5.9,2.09
2861,2.642,7.101,0.51,1.8,4.53,466,9.1,0.14
1607,2.615,5.418,0.15,0.5,1.02,105,1.1,1.53
38,2.52,6.857,0.49,0.9,3.7,426,4.4,0.31
10108,2.658,7.161,0.37,1.6,1.24,291,8.1,0.22
1152,2.73,7.331,0.18,0.3,2.22,93,9.4,4.39
898,2.414,7.167,0.06,0.5,0.95,256,9.2,2.5
1257,2.386,6.372,0.31,2.2,3.26,32,3.7,0.11
1672,2.752,5.953,0.23,1.1,0.59,137,0.7,5.67
1730,2.421,6.303,0.25,0.8,0.06,419,0.4,0.95
4492,2.55,6.284,0.39,1.5,5.42,393,6.1,0.0
1439,2.657,6.366,0.09,0.8,0.89,95,6.4,1.29
2451,2.645,7.095,0.22,2.6,4.5,417,3.2,0.72
2038,2.62,6.304,0.07,0.5,2.54,223,6.2,0.46
98,2.84,5.622,0.25,0.9,4.3,626,0.1,2.23
80,2.426,6.9,0.3,3.0,4.0,414,3.5,0.37
3813,2.379,6.729,0.3,0.7,1.45,304,10.6,2.23
1346,2.815,7.179,0.22,1.2,3.88,362,5.7,0.19
4503,2.566,6.595,0.38,0.1,0.04,69,8.9,2.52
2487,2.703,6.976,0.07,1.4,5.08,156,3.3,4.44
4335,2.4,6.045,0.41,0.4,3.99,392,6.8,0.76
2836,2.643,6.329,0.15,1.5,3.55,393,7.3,1.83
1889,2.71,5.516,0.24,0.2,5.11,552,0.8,0.09
2123,2.644,5.925,0.04,0.1,1.45,135,6.8,2.2
1493,2.619,6.972,0.24,2.2,3.89,428,1.9,0.7
1245,2.502,6.442,0.24,0.8,1.71,1,14.8,3.04
1622,2.742,6.971,0.07,0.3,1.68,403,8.3,1.06
3972,2.724,7.054,0.18,1.0,3.01,410,4.4,1.1
1081,2.692,7.282,0.04,1.1,1.53,220,5.7,4.8
1272,2.62,6.331,0.22,0.6,3.58,672,0.8,2.38
897,2.415,6.659,0.29,0.5,6.46,300,3.1,4.28
196,2.429,5.606,0.34,0.2,5.09,506,1.0,0.21
1411,2.756,6.987,0.15,0.9,3.49,444,3.7,0.06
1934,2.393,6.838,0.25,0.6,2.56,361,5.8,0.98
522,2.858,6.446,0.61,2.4,3.59,456,1.5,0.79
8809,2.575,6.27,0.33,1.1,2.8,416,1.5,0.26
913,2.479,6.993,0.34,2.7,2.57,336,7.2,1.49
1789,2.58,6.435,0.29,2.9,4.07,422,3.2,0.22
2596,2.23,5.223,0.19,0.2,4.36,474,0.3,0.9
1632,2.69,6.945,0.2,0.5,3.32,321,6.3,1.27
783,2.832,6.653,0.22,0.2,1.11,284,7.7,1.73
2807,2.703,6.476,0.42,1.9,5.13,327,9.6,2.55
1376,2.59,7.18,0.12,1.4,2.33,96,5.7,4.9
2777,2.626,6.706,0.16,0.2,1.16,201,6.5,1.91
5789,2.895,6.844,0.22,0.7,3.34,160,7.6,1.59
1082,2.374,7.193,0.27,1.5,1.69,363,8.8,1.56
1589,2.867,6.33,0.37,2.1,3.6,411,0.0,0.4
1288,2.607,6.767,0.19,0.2,1.9,276,6.1,0.84
1543,2.65,6.526,0.51,1.5,3.02,458,0.0,0.65
111,2.686,6.99,0.32,1.6,3.38,377,10.1,0.14
473,2.63,5.748,0.29,1.9,4.44,720,0.4,0.72
1705,2.65,7.205,0.12,0.8,3.37,389,5.9,0.14
268,2.663,6.996,0.47,1.6,1.12,330,12.2,2.64
1486,3.163,7.228,0.43,1.0,4.3,428,1.3,0.64
564,2.638,6.007,0.32,0.0,4.19,409,0.6,0.82
1617,2.651,6.863,0.11,0.9,1.98,286,20.1,1.47
1629,2.493,6.144,0.22,0.5,2.19,425,1.6,1.95
1901,2.575,6.939,0.25,0.1,2.41,223,9.7,2.01
3066,2.611,6.783,0.34,2.4,3.89,382,5.9,0.25
1663,2.518,6.919,0.03,0.7,1.66,88,4.6,2.21
1110,2.722,5.762,0.24,0.6,4.9,472,0.8,2.35
1631,2.763,6.064,0.43,5.9,4.04,386,0.1,0.64
1596,2.809,6.336,0.24,0.1,3.24,162,8.7,2.61
2998,2.731,7.064,0.39,0.8,2.94,333,6.1,0.78
614,2.626,6.36,0.26,0.5,4.14,411,6.0,0.96
2348,2.794,6.803,0.29,1.6,4.09,481,2.4,0.1
3219,2.504,7.206,0.37,0.6,2.77,323,8.5,2.02
1435,2.643,6.638,0.54,1.8,3.77,47,3.1,0.49
1649,2.63,6.599,0.26,2.3,4.26,444,2.0,0.45
3281,2.78,6.724,0.22,0.9,1.2,92,6.1,2.65
1043,2.449,7.058,0.29,1.0,1.64,15,5.9,1.63
1080,2.607,6.99,0.21,1.5,0.15,212,7.3,1.78
4099,2.79,5.943,0.24,0.6,1.91,94,6.3,2.56
2848,2.594,6.553,0.26,0.6,2.35,305,9.9,0.61
4938,2.562,5.878,0.33,0.4,3.41,743,0.8,0.36
1417,2.618,5.442,0.19,0.4,4.96,787,0.5,1.3
2593,2.29,5.138,0.15,0.5,3.27,561,0.1,2.28
1384,2.701,6.526,0.17,0.3,5.06,291,5.9,2.63
38,2.501,6.01,0.16,0.6,0.8,476,2.8,3.0
4670,2.87,6.861,0.12,0.4,3.96,244,9.3,4.52
1352,2.595,6.437,0.14,1.7,2.61,417,5.4,0.88
1591,2.417,7.114,0.05,0.6,4.83,227,3.1,2.55
6304,2.632,6.97,0.44,1.8,1.64,237,8.4,2.73
1323,2.485,5.494,0.42,2.4,2.59,337,2.3,0.63
11066,2.898,6.235,0.15,1.2,1.36,113,2.6,1.39
1770,2.775,6.229,0.13,0.9,1.1,172,2.7,4.17
1252,2.401,6.917,0.43,0.3,2.98,253,9.5,1.8
1501,2.437,7.003,0.23,0.3,2.46,328,5.7,0.71
170,2.652,6.863,0.25,0.9,4.19,403,3.1,1.65
4808,2.608,5.978,0.18,0.5,1.8,59,2.0,2.84
741,2.52,6.635,0.31,0.4,1.5,70,5.8,1.57
129,2.67,6.359,0.12,1.8,0.87,151,7.6,3.27
1424,2.632,6.654,0.33,0.4,0.43,453,7.1,3.75
1402,2.678,6.113,0.08,0.8,2.2,201,7.7,2.47
246,2.569,6.898,0.12,0.2,0.23,311,19.2,0.71
1345,2.558,6.921,0.45,1.5,2.7,420,5.3,0.52
7760,2.477,6.546,0.49,1.2,2.84,442,5.2,0.18
1877,2.441,5.665,0.3,2.1,1.26,239,4.6,1.7
2619,2.647,6.768,0.54,2.8,4.53,438,0.0,0.63
1500,2.749,6.853,0.02,0.5,1.28,128,2.9,1.2
1713,2.65,7.012,0.31,0.6,4.44,403,0.2,0.13
1116,2.66,7.192,0.2,1.4,4.05,323,9.5,1.35
1987,2.599,6.062,0.3,0.8,2.1,137,1.7,5.33
28,2.419,5.684,0.28,0.2,4.92,403,0.0,0.34
1491,2.811,5.464,0.24,0.6,3.87,413,0.0,0.69
1321,2.632,6.782,0.27,0.4,0.85,75,23.7,2.56
165,2.352,6.998,0.37,0.7,3.67,365,8.3,0.54
4981,2.591,6.015,0.3,0.1,5.14,468,0.8,0.58
43,2.81,6.155,0.27,0.9,2.57,411,0.0,1.85
266,2.901,6.858,0.27,0.4,4.09,542,1.2,5.65
533,2.581,7.274,0.12,0.6,3.82,308,6.7,4.02
1162,2.36,6.9,0.27,1.6,2.86,415,8.3,0.72
10086,2.585,6.991,0.19,1.1,0.74,152,6.4,1.45
2461,2.65,6.822,0.15,0.6,1.52,261,8.0,2.17
2683,2.39,6.025,0.23,1.1,1.54,12,6.1,4.28
5842,2.601,6.67,0.32,0.3,2.3,301,6.3,0.94
3070,2.652,6.285,0.52,4.7,4.03,439,1.0,0.23
3266,2.573,6.598,0.34,0.6,0.42,183,3.6,2.0
2112,2.668,7.244,0.11,0.6,0.76,265,7.3,2.03
1974,2.662,7.22,0.22,3.3,4.48,408,6.6,0.93
2887,2.57,6.563,0.12,1.4,2.49,69,3.4,1.53
5005,2.614,5.875,0.32,0.5,4.54,538,0.2,0.05
7113,2.262,6.406,0.32,0.2,2.48,74,3.0,3.08
1331,2.471,5.651,0.24,0.1,5.17,442,0.3,0.92
86,2.499,6.861,0.36,5.3,4.11,395,0.1,0.64
1719,2.448,6.344,0.15,0.3,3.07,21,2.2,1.73
101,2.613,7.033,0.01,0.3,2.49,116,6.4,2.42
1146,2.918,5.7,0.3,0.1,2.84,505,0.6,1.01
50,2.471,6.493,0.43,1.8,1.16,108,2.0,0.37
5433,2.762,6.373,0.2,0.1,2.93,173,7.2,1.69
1560,2.386,6.865,0.14,0.5,3.34,154,8.7,2.3
1290,2.598,5.756,0.34,0.8,4.12,513,0.4,1.51
1101,2.709,5.795,0.16,1.4,3.19,490,0.2,2.64
4462,2.65,5.728,0.31,0.9,3.99,511,0.4,0.54
1512,2.518,6.838,0.34,2.5,4.89,435,1.1,0.41
1844,2.58,6.911,0.11,0.2,0.81,333,15.7,1.99
132,2.76,6.831,0.38,0.6,2.93,429,6.0,1.13
1509,2.435,5.66,0.25,1.2,3.91,455,0.2,1.59
972,2.583,6.737,0.26,1.2,4.26,331,17.1,3.93
1725,2.544,7.105,0.43,3.7,3.89,448,1.1,0.65
138,2.628,6.297,0.31,2.4,5.07,424,1.1,0.23
5901,2.657,6.541,0.17,0.7,4.78,108,3.3,4.89
655,2.751,5.605,0.29,0.8,2.51,657,0.2,1.95
1461,3.007,5.784,0.28,1.5,1.59,93,3.5,1.28
2558,2.79,6.487,0.22,0.1,3.28,209,5.9,0.45
1046,2.732,7.112,0.2,1.0,0.66,217,8.8,1.85
1701,2.665,5.508,0.33,0.1,4.04,478,0.1,0.78
1442,2.459,5.832,0.25,0.7,4.2,654,0.3,0.7
4636,2.627,6.653,0.08,1.4,0.15,275,6.5,2.68
198,2.371,6.777,0.34,1.9,3.96,379,6.0,0.66
244,2.748,6.538,0.63,0.6,1.66,228,4.9,1.4
2663,2.517,7.022,0.39,2.6,4.02,443,0.6,0.54
2919,2.786,7.269,0.28,1.7,3.37,419,3.6,0.73
914,2.705,6.887,0.07,2.2,3.58,86,9.1,2.64
1363,2.344,6.965,0.25,1.8,4.82,434,1.6,0.47
1603,2.548,7.162,0.36,2.9,4.98,431,7.1,0.84
1523,2.563,6.871,0.03,0.7,1.66,25,11.1,2.42
2192,2.67,6.786,0.22,0.1,0.83,130,6.2,2.39
1719,2.63,7.617,0.33,3.8,4.25,412,4.4,0.46
1559,2.956,6.681,0.6,2.4,3.87,431,0.7,0.6
1441,2.606,5.661,0.29,0.1,4.01,703,0.3,0.17
3356,2.534,7.277,0.15,0.9,0.05,201,6.7,2.68
133,2.721,6.56,0.22,0.2,0.79,85,6.5,1.73
1007,2.585,6.757,0.3,2.3,3.89,406,2.0,0.56
1516,2.253,6.691,0.26,0.9,0.47,115,6.3,3.19
1326,2.66,6.911,0.28,1.0,2.21,412,2.9,1.16
123,3.0,6.854,0.18,1.1,2.66,194,7.2,0.76
9183,2.514,6.544,0.33,0.2,1.82,238,7.0,3.0
1439,2.739,5.68,0.17,1.0,2.74,669,0.5,2.47
2994,2.63,6.582,0.33,0.7,3.27,250,5.9,1.68
470,2.819,5.829,0.31,1.7,4.91,333,3.0,5.37
5888,2.339,6.367,0.43,0.7,4.43,339,6.7,1.73
1029,2.664,7.211,0.29,0.8,0.89,209,7.6,2.54
424,2.342,6.868,0.17,1.1,1.82,259,6.5,0.4
1206,2.899,6.302,0.26,0.0,1.71,175,6.4,1.68
61,2.566,6.585,0.19,0.4,1.19,539,11.7,3.55
1174,2.773,5.079,0.23,0.8,1.07,248,1.6,3.14
850,2.381,7.021,0.22,0.8,2.6,167,8.1,0.45
1726,2.544,7.046,0.38,4.0,3.27,464,1.7,0.73
4144,2.592,7.372,0.23,1.3,2.66,248,7.0,0.64
450,2.192,7.133,0.52,0.6,1.31,206,7.7,1.7
5760,2.63,6.466,0.11,3.0,4.7,409,1.7,0.46
1664,2.63,6.315,0.2,1.8,0.98,321,1.7,1.56
3359,2.569,6.59,0.2,0.1,0.21,338,9.5,1.73
2557,2.468,6.076,0.13,0.4,0.04,66,8.1,3.27
1609,2.559,6.686,0.22,2.3,3.91,419,7.0,0.18
75,2.637,6.216,0.25,0.7,2.22,503,1.2,1.43
5170,2.916,6.86,0.38,1.9,3.1,359,7.5,0.88
1578,2.514,6.519,0.37,2.5,4.25,408,2.6,0.11
1555,2.6,5.916,0.13,2.2,0.12,54,5.7,2.38
2578,2.34,7.068,0.32,0.4,2.83,337,5.7,0.79
28,2.508,6.405,0.19,0.5,2.31,57,4.9,3.11
1514,2.382,7.342,0.31,0.2,3.2,423,8.4,1.62
1665,2.62,7.07,0.2,1.2,0.66,243,14.7,3.81
9744,2.361,7.163,0.25,1.5,4.53,419,5.2,0.3
941,2.812,7.271,0.16,1.9,1.49,69,3.3,4.41
6255,2.545,6.653,0.01,1.1,4.76,22,2.9,5.14
1716,2.402,7.384,0.42,5.0,4.95,410,2.2,0.42
1514,2.634,6.61,0.33,2.7,4.62,417,2.1,0.56
7797,2.86,6.694,0.26,3.0,4.3,415,2.1,0.56
1466,2.68,6.452,0.27,0.3,0.73,131,5.8,1.74
980,2.74,6.381,0.21,0.1,2.45,270,6.1,1.58
2871,2.476,6.564,0.39,0.7,3.75,347,7.0,0.63
1216,2.974,6.328,0.24,2.1,2.32,232,6.5,1.03
1767,2.386,6.615,0.25,0.4,1.89,19,5.7,0.35
1333,2.684,6.305,0.17,0.4,1.35,343,0.4,2.08
2491,2.44,6.699,0.07,0.5,0.38,259,9.0,1.51
1951,2.544,7.09,0.19,0.3,0.15,232,15.9,3.15
1119,2.584,6.026,0.3,2.0,3.83,414,0.1,0.85
1864,2.678,6.989,0.28,3.9,3.94,429,2.7,0.5
1512,2.536,6.629,0.35,2.2,4.82,406,1.4,0.34
1060,2.585,6.735,0.2,0.0,2.32,218,4.7,1.49
1031,2.883,6.849,0.17,0.2,0.02,233,8.1,2.42
4042,2.635,7.335,0.35,3.2,3.79,347,7.4,0.11
1468,2.484,6.665,0.37,2.6,3.5,443,4.3,0.41
1179,2.717,7.099,0.2,1.6,2.21,285,5.8,1.0
2873,2.276,6.828,0.04,0.2,2.67,188,3.7,2.54
122,2.565,6.394,0.38,0.4,3.92,159,6.4,1.15
5425,2.694,7.21,0.38,2.1,3.1,431,6.5,0.14
1884,2.718,6.018,0.46,2.2,2.86,410,3.6,1.16
8199,2.43,6.417,0.14,0.8,1.81,125,8.7,2.39
48,2.564,6.798,0.74,3.5,4.98,488,4.4,0.56
1912,2.725,6.358,0.32,4.5,3.6,336,7.0,1.39
1454,2.54,6.922,0.33,3.6,3.7,411,1.7,0.67
1690,2.476,7.319,0.37,3.4,2.86,454,1.8,0.65
1765,2.646,6.913,0.35,2.3,4.55,427,1.9,0.21
2891,2.633,7.165,0.39,3.7,4.25,446,3.6,0.2
2033,2.585,6.848,0.15,0.6,1.56,335,4.6,2.33
2150,2.673,7.031,0.01,1.1,4.07,178,5.5,4.12
1802,2.326,5.947,0.24,0.3,5.29,704,0.2,0.59
1066,2.65,6.901,0.2,0.9,0.93,149,4.0,0.7
1520,2.723,7.056,0.32,0.9,1.62,273,13.9,2.33
1942,2.625,5.482,0.29,0.4,4.41,457,1.0,0.14
1785,2.569,5.794,0.29,0.6,4.09,641,0.1,0.52
1161,2.677,7.049,0.53,6.0,1.55,515,4.4,0.71
2405,2.63,5.511,0.18,0.8,2.62,452,1.8,1.57
142,2.424,5.589,0.31,0.8,4.7,588,0.9,0.03
1412,2.805,6.748,0.17,2.6,4.66,411,1.2,0.29
5812,2.76,6.538,0.36,2.4,2.71,78,2.9,0.74
1031,2.657,6.865,0.25,3.1,2.32,198,6.7,1.15
281,2.767,6.238,0.28,4.4,3.32,469,3.3,0.65
1862,2.577,6.733,0.28,6.0,4.1,450,2.2,0.63
4317,2.648,6.675,0.29,2.0,5.39,414,2.3,0.29
1598,2.697,7.37,0.22,2.8,0.6,141,8.7,0.9
28,2.836,6.389,0.1,0.4,0.55,159,5.8,1.97
1262,2.64,6.209,0.12,1.2,1.24,59,1.8,1.96
8736,2.48,6.389,0.17,0.5,1.65,81,5.9,1.56
107,2.515,6.757,0.2,0.4,1.22,59,6.7,2.65
52,2.919,5.707,0.24,0.5,2.4,428,1.5,0.07
1010,2.44,5.56,0.29,0.6,1.1,576,0.3,1.87
4264,2.517,7.142,0.56,1.3,3.47,223,8.7,0.58
1395,2.525,5.938,0.23,1.5,0.77,533,3.9,3.42
67,2.675,5.977,0.06,1.2,1.81,162,15.5,3.01
2364,2.54,6.599,0.08,0.4,1.13,256,5.8,1.61
2373,2.434,7.286,0.27,0.3,0.66,361,18.2,2.6
2529,2.708,6.535,0.24,0.5,3.47,114,5.7,1.38
1267,2.658,6.611,0.24,1.0,1.58,118,7.0,1.08
1621,2.605,6.595,0.19,1.5,0.64,109,8.3,2.48
1962,2.683,6.673,0.14,0.4,0.42,184,6.0,1.8
2349,2.732,6.582,0.27,2.7,4.19,465,1.5,0.43
795,2.527,6.747,0.19,0.5,2.25,115,2.0,1.73
1132,2.51,5.697,0.25,1.4,4.36,444,0.0,0.15
4399,2.593,7.083,0.16,1.2,3.24,103,8.9,3.23
2597,2.215,6.379,0.12,1.0,0.44,43,6.8,2.48
2275,2.477,6.245,0.15,1.2,0.0,486,0.2,4.6
2460,2.843,6.405,0.17,1.6,2.52,147,6.2,0.51
1296,2.48,6.675,0.19,0.0,0.33,326,6.9,1.34
1613,2.672,7.27,0.41,1.2,3.17,401,6.7,5.36
8423,2.516,6.677,0.28,0.4,0.39,248,6.6,1.61
3359,2.576,6.583,0.02,0.3,0.12,252,8.6,0.97
3792,2.771,5.45,0.26,0.6,3.85,505,0.2,0.15
789,2.698,6.177,0.34,6.5,4.3,376,0.1,0.53
2836,2.768,6.479,0.45,1.6,4.78,426,0.8,0.5
1578,2.476,6.063,0.49,2.0,4.22,407,2.3,0.68
2454,2.54,7.104,0.08,0.0,0.12,303,11.5,2.34
1766,2.727,6.678,0.41,1.4,5.01,402,1.4,0.19
1324,2.321,7.205,0.21,1.2,3.25,287,9.4,3.65
1921,2.717,5.89,0.27,1.4,4.32,655,0.5,0.09
2272,2.429,6.721,0.28,1.6,1.74,286,6.7,1.11
497,2.55,6.732,0.18,1.1,3.74,302,5.8,0.34
1925,2.641,7.251,0.22,0.9,1.49,258,7.4,0.84
2768,2.413,5.499,0.21,0.4,4.61,480,0.8,0.35
1377,3.027,6.63,0.05,0.2,2.69,99,6.4,1.4
1660,2.508,6.386,0.28,2.2,3.76,444,1.1,1.03
7460,2.612,7.267,0.3,1.0,1.55,370,11.0,0.56
1760,2.488,6.464,0.54,0.3,1.38,153,6.4,2.44
2847,2.337,6.054,0.1,1.2,2.3,564,3.9,0.72
156,2.505,6.619,0.09,0.3,0.13,149,12.3,0.75
2686,2.689,6.839,0.35,1.0,2.0,307,6.6,1.82
1728,2.818,5.752,0.28,1.1,4.69,426,1.5,0.61
1969,2.653,6.72,0.27,0.3,2.98,235,4.0,3.52
1728,2.69,5.651,0.19,0.1,3.92,94,1.0,0.46
957,2.54,7.15,0.55,1.4,4.78,384,5.7,0.38
2748,2.581,6.107,0.15,2.0,4.19,110,3.9,5.73
8455,2.397,6.64,0.17,0.3,2.79,432,11.1,0.9
2625,2.606,5.837,0.22,2.9,1.03,214,5.7,2.58
2788,2.606,6.268,0.2,0.7,1.31,142,3.1,2.25
1097,2.666,6.807,0.32,0.1,1.99,73,2.9,2.52
1588,2.4,7.017,0.05,0.2,1.63,12,5.0,2.3
1728,2.74,7.312,0.78,3.3,3.68,431,7.2,0.6
188,2.855,5.578,0.23,1.2,1.41,422,0.3,2.46
0,2.72,5.388,0.26,0.4,4.68,404,0.1,0.41
240,2.59,6.795,0.16,0.2,0.35,259,7.4,1.55
1188,2.589,6.721,0.26,2.0,2.26,0,8.7,1.64
94,2.59,6.373,0.47,2.7,1.08,58,2.6,0.21
2625,2.607,6.449,0.49,2.3,4.54,424,0.1,0.33
1653,2.472,7.284,0.02,1.9,3.3,66,4.6,2.81
1201,2.613,7.188,0.28,2.6,3.93,343,6.1,0.19
3850,2.678,6.455,0.19,0.4,1.88,150,3.8,2.84
10339,2.632,6.277,0.09,0.1,1.65,33,7.3,2.67
1677,2.657,5.865,0.26,0.9,5.05,461,0.3,0.01
2752,2.992,5.672,0.15,0.2,3.19,506,0.7,0.74
571,2.395,7.285,0.33,0.1,2.39,165,7.6,2.84
1620,2.63,6.722,0.13,0.1,1.48,178,5.7,1.32
3135,2.559,6.96,0.32,2.9,2.9,407,2.7,0.83
978,2.674,6.594,0.15,0.7,0.8,68,6.9,3.28
1131,2.324,6.686,0.2,0.7,1.84,100,5.9,1.9
2082,2.61,6.492,0.26,0.4,0.1,102,7.4,2.06
1149,2.75,7.085,0.2,0.4,0.31,278,11.0,2.36
47,2.63,6.053,0.3,0.8,4.79,409,0.6,0.69
1132,2.493,5.955,0.12,1.6,1.36,381,3.7,2.7
1511,2.581,5.799,0.25,1.0,4.24,524,0.1,1.57
1370,2.71,6.703,0.41,0.2,1.37,181,6.9,2.8
1285,2.72,5.545,0.16,0.8,3.79,744,1.5,1.29
1587,2.73,6.966,0.32,1.2,4.0,407,8.4,1.14
2092,2.487,7.26,0.38,3.0,4.47,415,4.9,0.14
523,2.907,6.675,0.19,1.0,2.21,156,8.1,3.38
788,2.711,5.388,0.29,0.3,4.25,407,0.2,1.0
65,2.536,7.027,0.24,0.3,1.59,203,10.4,2.33
3236,2.694,6.497,0.25,1.7,4.4,404,1.4,0.18
228,2.88,5.999,0.25,0.1,4.22,521,1.0,1.04
12998,2.603,7.267,0.28,1.7,1.63,254,8.5,1.12
1618,2.897,7.024,0.48,1.5,4.25,431,2.5,0.74
1447,2.769,6.5,0.24,0.2,0.97,195,6.7,1.35
975,2.59,6.152,0.12,0.9,0.69,221,4.5,6.27
1432,2.89,5.472,0.27,0.2,4.36,757,0.4,0.16
1514,2.56,6.621,0.15,0.3,2.11,237,5.8,3.35
1744,2.65,6.888,0.26,4.3,4.79,451,4.9,0.6
5657,2.742,6.857,0.16,0.5,1.97,152,7.5,3.4
1851,2.573,6.024,0.08,0.6,1.62,134,5.9,3.25
1134,2.57,7.134,0.26,1.7,1.45,346,10.7,3.62
918,2.699,5.872,0.12,0.7,2.79,134,5.8,0.94
263,2.83,5.898,0.27,0.4,1.61,148,1.3,5.83
1639,2.804,7.06,0.26,0.1,2.2,34,0.6,3.4
2545,2.817,6.086,0.26,0.5,5.05,525,0.1,0.54
927,2.559,5.628,0.31,0.4,3.96,558,0.2,0.02
1711,2.721,7.33,0.12,0.1,5.48,132,6.9,3.75
106,2.569,6.901,0.14,2.5,0.69,85,10.0,2.19
1524,2.743,5.321,0.19,0.6,2.91,524,0.7,2.26
226,2.662,7.289,0.45,1.3,4.49,276,7.1,0.23
36,2.758,7.229,0.42,2.7,2.39,164,9.3,0.19
1851,2.426,6.992,0.28,0.5,1.02,185,10.9,1.65
1489,2.459,7.031,0.49,4.0,4.31,500,7.9,0.56
1695,2.38,6.117,0.16,0.2,0.87,214,6.2,1.76
2848,2.417,6.43,0.14,0.9,1.58,83,10.4,2.1
1319,2.697,5.984,0.13,0.9,0.05,171,6.2,2.57
912,2.63,5.469,0.25,0.4,2.86,611,1.6,2.04
978,2.519,6.677,0.03,1.3,2.63,327,7.4,3.09
2781,2.466,7.062,0.32,2.6,4.55,458,2.3,0.33
2582,2.323,7.16,0.2,0.2,1.21,294,9.9,1.93
1689,2.741,7.073,0.22,0.5,3.09,303,6.9,0.95
3015,2.892,7.249,0.3,1.0,0.52,174,5.8,2.77
85,2.74,6.238,0.21,2.8,3.63,402,0.4,1.45
1449,2.8,5.61,0.19,1.4,3.12,555,1.5,1.16
925,2.803,6.721,0.44,0.7,0.25,357,6.8,3.07
1144,2.855,6.674,0.06,0.9,0.77,385,8.4,1.43
4160,2.414,6.604,0.11,1.1,0.86,100,6.1,3.98
6186,2.805,7.187,0.32,0.6,3.51,403,3.2,0.15
1854,2.657,7.141,0.31,5.5,4.29,393,2.7,0.48
519,2.59,6.621,0.13,0.4,1.92,60,20.9,3.53
1690,2.35,7.07,0.19,0.6,1.7,261,6.8,1.31
127,2.724,6.394,0.27,0.4,4.37,491,1.0,0.54
146,2.528,5.987,0.31,1.3,3.36,417,0.7,1.21
534,2.689,6.833,0.34,3.0,4.0,437,0.6,0.44
1144,2.51,6.243,0.34,0.6,4.21,444,0.1,0.21
1373,2.59,6.974,0.09,0.2,0.49,267,12.2,1.54
9768,2.56,6.081,0.23,0.4,1.63,69,0.5,0.96
4612,2.362,6.517,0.34,2.7,3.76,401,2.0,0.88
1325,2.412,6.798,0.38,0.2,1.61,90,9.2,2.9
148,2.758,6.675,0.11,0.5,0.57,13,7.7,2.88
1278,2.738,6.992,0.18,0.8,5.59,360,5.9,0.2
1195,2.417,6.007,0.09,2.3,2.43,615,2.4,3.43
4352,2.551,7.298,0.42,1.1,2.38,305,7.6,0.47
1584,2.57,6.301,0.13,0.9,0.02,14,5.8,1.36
2512,2.239,6.597,0.43,2.9,3.82,419,0.2,0.38
1037,2.667,6.827,0.06,0.5,0.63,221,7.4,1.69
81,2.624,6.645,0.03,1.0,0.27,252,5.7,1.91
7546,2.86,5.265,0.23,0.5,4.37,403,0.2,1.32
1628,2.746,6.048,0.35,0.9,2.2,279,5.9,1.39
1442,2.625,5.329,0.27,0.5,4.16,717,0.5,0.26
1013,2.918,6.841,0.81,4.9,4.25,475,2.6,0.79
1299,2.47,5.907,0.29,1.6,4.47,430,0.4,0.5
1388,2.77,7.078,0.32,2.0,4.14,325,8.7,0.97
884,2.887,6.676,0.12,1.0,0.5,237,6.1,1.87
5777,2.517,6.963,0.28,3.1,4.31,424,1.9,0.71
9966,2.785,7.171,0.26,0.1,3.91,362,5.9,0.57
2465,2.839,6.879,0.24,1.4,4.17,446,2.8,0.98
1439,2.9,5.55,0.3,0.1,4.24,595,0.2,0.02
942,2.596,6.115,0.13,0.2,1.8,52,0.3,1.56
9413,2.423,6.073,0.03,0.6,2.16,140,1.0,1.56
2112,2.951,6.68,0.29,0.1,0.4,164,9.2,2.06
2974,3.05,6.977,0.32,0.5,3.19,227,5.8,0.44
4049,2.758,7.182,0.32,2.0,4.03,409,1.5,0.34
5840,2.681,6.888,0.26,0.9,1.78,192,5.8,1.83
506,2.15,6.014,0.28,0.2,4.61,436,0.7,0.07
5682,2.592,6.857,0.16,0.4,2.89,345,5.8,0.28
1212,2.83,6.314,0.24,0.5,4.98,405,0.6,0.5
4017,2.636,6.296,0.34,3.5,2.73,172,4.8,1.32
1432,2.604,6.976,0.4,4.7,3.85,427,2.5,0.69
1476,2.823,6.903,0.22,0.2,1.97,243,3.0,1.67
268,2.51,6.926,0.54,1.9,0.12,253,12.2,2.91
867,2.777,6.366,0.31,1.3,5.12,406,0.7,0.39
4006,2.745,6.342,0.26,3.2,5.49,573,4.8,2.34
3741,2.591,6.731,0.31,0.4,3.71,240,8.5,4.4
60,2.563,7.268,0.52,0.4,1.61,278,6.5,0.61
1692,2.801,6.206,0.16,0.4,1.58,70,7.7,3.35
1405,3.11,6.341,0.17,0.1,2.52,165,2.1,3.43
1954,2.501,6.695,0.21,1.4,1.18,174,5.9,4.54
1497,2.914,6.538,0.44,0.6,4.37,401,0.3,0.67
3170,2.254,6.185,0.33,0.7,1.32,343,8.2,1.0
1397,2.542,5.685,0.22,1.2,2.55,476,0.1,2.24
1589,2.751,6.308,0.43,1.8,3.89,419,0.2,0.36
4383,2.532,7.359,0.22,2.8,4.85,404,5.0,0.51
2996,2.704,5.511,0.21,0.6,3.83,440,1.0,1.63
761,2.568,6.042,0.31,1.1,3.66,485,0.5,0.23
2494,2.674,6.971,0.24,0.1,0.09,221,6.9,1.23
6915,2.61,5.888,0.36,1.4,1.42,3,0.0,0.94
29,2.65,5.976,0.22,0.4,4.87,581,0.1,0.59
1830,2.658,6.463,0.34,0.7,3.17,290,5.8,0.66
2458,2.399,6.875,0.33,0.2,3.23,319,7.3,1.44
1883,2.468,6.097,0.24,2.0,3.75,160,5.0,2.21
1747,2.509,6.825,0.04,0.3,4.75,169,3.9,1.82
1536,2.229,6.824,0.39,2.9,3.07,416,0.5,0.55
1300,2.864,5.839,0.17,0.7,3.43,647,0.8,0.95
2096,2.48,6.233,0.03,0.9,0.04,101,6.1,0.77
1432,2.67,7.253,0.06,0.1,1.73,81,9.9,5.74
1511,2.794,7.073,0.01,0.8,0.02,108,7.4,1.41
2951,2.554,5.082,0.09,1.6,1.49,451,0.6,1.58
361,2.708,7.368,0.26,3.0,3.82,403,1.1,0.36
1722,2.6,6.058,0.19,0.2,3.91,23,1.9,0.53
1640,2.472,6.413,0.23,0.1,5.6,288,5.8,3.3
77,2.452,6.827,0.16,0.2,1.77,207,6.8,1.43
2659,2.851,6.766,0.28,1.8,4.73,428,1.3,0.31
1269,2.55,5.563,0.24,0.5,4.39,568,0.0,1.14
1966,2.747,7.11,0.19,1.3,2.02,200,6.1,0.79
1122,2.827,7.345,0.23,0.6,1.64,266,15.3,2.56
1584,2.72,5.75,0.1,1.6,2.57,558,6.6,3.18
73,2.48,7.245,0.51,3.4,4.22,432,3.2,0.78
1970,2.63,6.86,0.17,0.3,1.56,64,8.6,2.3
1615,2.816,7.082,0.11,0.4,0.94,133,7.8,4.61
1779,2.31,6.861,0.21,1.3,3.28,279,6.1,0.64
1580,2.946,6.107,0.25,0.1,1.58,146,6.1,1.83
1470,2.207,6.887,0.35,4.4,4.31,448,5.1,0.13
4245,2.62,6.667,0.1,2.2,1.34,196,6.0,4.91
1589,2.767,6.555,0.39,2.7,3.82,409,1.4,0.48
1791,2.346,7.087,0.21,3.2,3.65,439,5.4,0.3
2471,2.64,7.341,0.1,0.5,2.87,83,13.3,3.33
1331,2.185,5.961,0.23,0.4,4.66,664,0.6,0.45
1564,2.879,6.691,0.14,1.5,4.83,59,11.8,2.72
1367,2.476,5.769,0.12,0.9,3.28,590,1.1,0.63
524,2.63,7.261,0.25,2.7,4.21,438,0.9,0.33
2631,2.871,7.061,0.29,1.1,4.0,414,5.5,0.45
10543,2.328,6.902,0.3,2.9,3.99,433,1.5,0.85
846,2.554,6.259,0.2,1.2,3.81,252,6.3,0.11
549,2.438,5.87,0.3,0.4,3.7,444,0.8,0.69
1133,2.512,6.408,0.34,0.9,1.69,162,5.9,1.67
1277,2.875,7.21,0.18,0.9,4.36,261,7.3,0.55
1796,2.69,6.708,0.06,0.4,1.08,238,4.2,1.28
1105,2.72,7.044,0.32,1.4,4.58,343,6.4,0.26
1527,2.519,6.216,0.0,1.0,0.98,58,2.6,1.59
2299,2.589,7.126,0.29,1.0,2.86,219,7.1,0.33
47,2.69,5.793,0.24,1.2,2.57,574,0.0,1.84
1726,2.46,7.231,0.1,0.3,2.37,183,3.7,3.63
1208,2.434,6.727,0.3,0.3,0.49,4,5.7,4.77
5647,2.447,6.201,0.14,1.2,0.07,7,8.1,3.32
1074,2.645,5.988,0.08,1.7,6.06,507,2.3,5.71
1062,2.602,6.033,0.11,0.9,1.59,102,7.9,4.94
1128,2.5,6.357,0.04,0.7,0.87,137,5.8,1.07
1426,2.43,6.422,0.13,0.4,1.09,12,6.3,1.94
1089,2.665,6.88,0.08,1.0,0.72,7,7.0,3.24
60,2.515,7.267,0.34,2.0,4.35,408,2.4,0.49
1352,2.521,5.632,0.01,1.6,0.31,506,3.0,1.73
3394,2.553,7.011,0.26,0.7,4.13,357,7.4,0.24
1238,2.51,6.243,0.44,3.4,2.77,168,2.7,0.89
3413,2.48,7.059,0.22,2.1,4.28,428,6.4,0.38
221,2.835,5.607,0.21,1.1,1.63,517,1.3,2.03
1790,2.639,6.113,0.28,0.4,4.53,532,0.2,1.24
1511,2.456,6.491,0.27,1.7,3.94,424,0.7,0.42
62,2.693,7.148,0.23,0.9,3.86,438,3.7,0.48
1662,2.582,6.643,0.23,0.1,2.14,272,6.5,0.84
1272,2.569,5.721,0.05,1.3,1.29,241,1.7,4.41
1159,2.725,7.085,0.19,1.1,2.3,290,6.5,0.94
1153,2.733,5.901,0.15,0.9,0.08,33,6.3,1.84
1532,2.426,6.746,0.4,2.2,4.39,457,0.8,0.66
1738,2.744,5.543,0.15,1.0,2.54,413,2.1,2.6
1426,2.664,6.488,0.24,1.1,2.44,202,2.8,1.87
1199,2.668,6.977,0.05,0.5,0.18,239,9.0,1.13
5411,2.417,6.717,0.03,0.7,0.06,301,12.5,1.78
1831,2.603,5.084,0.14,0.5,2.89,306,2.1,2.73
1439,2.83,5.862,0.29,0.1,3.63,696,1.3,0.6
1148,2.786,7.001,0.28,1.6,3.49,456,2.6,0.93
5597,2.587,6.142,0.24,0.8,3.85,644,0.9,1.44
1231,2.599,5.939,0.35,0.2,3.71,466,0.6,0.16
1420,2.479,7.035,0.31,2.6,4.29,409,3.9,1.1
1749,2.426,5.868,0.19,3.7,1.02,150,5.2,3.4
113,2.589,6.635,0.21,2.3,3.31,434,5.4,0.74
1321,2.492,6.687,0.43,1.3,2.93,405,3.2,0.24
1145,2.78,6.559,0.42,1.1,1.05,269,11.8,1.45
938,2.66,6.732,0.27,0.9,3.56,325,6.9,0.03
337,2.819,7.22,0.25,2.7,4.13,418,0.7,0.7
3863,2.67,6.708,0.17,0.7,3.17,290,5.9,1.23
355,2.86,6.461,0.09,1.6,4.46,499,8.2,2.98
4110,2.54,6.37,0.17,0.7,1.5,119,4.6,4.19
520,2.916,6.491,0.41,1.5,4.09,405,0.7,0.61
2440,2.54,6.924,0.19,0.9,1.07,73,10.4,3.21
1559,2.532,7.24,0.19,1.5,4.05,333,6.2,0.7
1870,2.7,6.525,0.09,2.3,1.61,126,0.9,2.93
3941,2.409,6.281,0.16,0.4,1.34,82,3.2,2.25
1132,2.639,7.032,0.2,0.1,1.23,157,6.4,2.19
506,2.39,5.77,0.28,0.0,3.82,549,1.0,0.18
3444,2.645,6.872,0.19,0.9,2.16,114,17.5,5.09
80,2.793,7.006,0.27,1.6,3.11,344,7.8,0.02
2041,2.62,6.566,0.16,0.8,1.77,297,8.4,0.97
1252,2.58,6.374,0.28,1.6,4.04,411,0.4,0.5
2007,2.609,5.898,0.26,0.8,0.2,17,0.7,5.79
2973,2.7,6.705,0.28,0.5,2.61,210,6.3,3.01
1808,2.938,6.549,0.07,1.2,6.59,426,4.8,4.78
2408,2.506,6.226,0.4,0.8,2.05,125,0.4,2.38
4272,2.051,6.124,0.17,2.2,2.26,430,1.7,1.52
1180,2.417,6.101,0.15,2.0,1.76,129,2.7,1.74
2749,2.515,5.992,0.42,0.0,4.1,412,3.2,0.54
1091,2.286,7.037,0.45,1.2,4.55,267,6.6,2.49
3135,2.76,6.94,0.21,1.8,3.86,352,9.6,0.81
502,2.535,6.466,0.07,0.2,1.17,37,1.8,3.09
4915,2.626,5.635,0.35,0.6,4.11,653,0.6,0.73
1641,2.395,5.757,0.23,0.7,3.3,675,0.2,1.06
4242,2.547,6.659,0.22,0.5,1.65,144,7.7,1.56
2007,2.629,6.988,0.19,0.1,0.24,361,9.0,1.91
903,2.524,6.716,0.34,2.4,2.94,367,6.6,0.01
4303,2.681,6.54,0.13,1.0,1.05,227,3.9,3.1
302,2.676,7.007,0.28,1.4,4.44,453,4.0,0.11
1276,2.6,6.253,0.15,0.9,1.46,559,1.1,2.96
2545,2.483,6.451,0.32,0.2,1.06,150,7.9,2.84
1494,2.629,6.44,0.04,0.7,0.33,280,6.1,2.76
1317,2.585,6.326,0.46,1.9,1.69,175,4.8,0.38
732,2.68,6.772,0.48,0.3,0.52,264,9.6,1.7
1161,2.527,7.356,0.25,1.7,3.61,411,7.4,0.35
7051,2.731,6.86,0.28,1.0,0.49,401,8.6,1.01
1316,2.741,6.145,0.25,0.1,3.51,500,0.2,1.64
2236,2.744,6.511,0.36,6.8,4.51,413,0.1,0.23
278,2.724,6.762,0.19,1.0,2.59,36,13.0,1.74
924,2.576,5.631,0.18,0.1,0.56,536,1.7,2.09
1382,2.504,7.034,0.3,0.1,2.86,208,9.4,4.09
1136,2.39,6.202,0.26,0.8,2.73,495,0.1,1.77
1460,2.411,5.607,0.22,1.3,4.28,454,0.3,0.63
1616,2.589,7.342,0.3,2.4,2.59,185,6.2,1.32
2843,2.655,7.236,0.36,3.1,4.18,415,9.4,0.38
7147,2.735,7.136,0.33,0.7,1.9,280,7.2,0.42
1704,2.611,6.849,0.28,1.3,2.33,334,7.5,0.93
1310,2.67,7.348,0.22,0.3,1.47,309,6.1,0.79
3308,2.87,7.291,0.25,1.6,3.06,247,6.2,0.53
4058,2.528,6.207,0.14,0.4,3.55,258,5.4,0.42
2797,2.913,6.88,0.24,0.6,1.41,200,11.3,0.82
1665,2.489,6.474,0.4,0.1,1.15,256,7.2,2.51
1595,2.579,5.988,0.23,1.4,5.07,408,5.8,0.26
1454,2.557,7.101,0.74,3.8,4.41,437,4.0,0.62
4344,2.52,6.171,0.38,0.5,4.34,402,1.1,0.63
2623,2.41,6.469,0.42,0.5,1.69,402,6.1,1.54
1667,2.83,5.665,0.22,0.6,4.58,733,0.5,0.84
5501,2.789,6.027,0.46,0.3,5.22,189,0.4,0.22
1209,2.636,6.199,0.26,2.7,4.28,404,1.6,0.44
129,2.896,6.648,0.1,0.1,0.49,86,7.4,0.99
2924,2.699,5.812,0.26,1.4,4.5,458,0.2,1.76
2605,2.295,6.843,0.08,1.6,0.75,137,8.4,3.21
1541,2.598,7.031,0.2,0.6,4.36,82,14.6,4.27
1540,2.579,7.208,0.44,1.7,3.54,404,3.5,0.37
3239,2.34,7.069,0.53,2.7,3.98,495,5.9,0.75
2446,2.49,5.943,0.06,1.0,0.0,154,6.8,2.78
3361,2.626,5.299,0.05,1.0,0.09,534,0.5,1.22
1186,2.436,6.881,0.29,2.0,3.07,10,7.3,4.5
11181,2.667,7.161,0.32,0.9,3.75,351,6.8,0.67
1729,2.758,6.885,0.37,1.7,1.0,54,5.2,0.07
488,2.819,6.389,0.22,1.2,3.43,212,6.1,0.01
4099,2.291,6.367,0.06,0.1,1.26,52,0.7,0.99
1234,2.665,6.236,0.25,0.5,1.91,230,6.2,1.31
1664,2.537,6.56,0.25,2.5,3.41,439,1.6,0.7
1062,2.36,6.053,0.26,1.7,4.18,405,0.8,0.19
253,2.88,5.346,0.25,0.1,4.78,629,0.7,0.55
8543,2.5,6.813,0.29,1.5,2.29,2,4.6,4.79
1388,2.473,6.973,0.35,0.7,2.74,261,6.7,0.89
10137,2.645,6.416,0.34,1.6,4.25,410,0.4,0.6
2771,2.555,6.872,0.68,3.1,3.8,424,5.5,0.42
983,2.468,7.251,0.11,1.9,1.8,243,6.4,1.28
2503,2.688,7.001,0.24,6.0,3.55,408,7.7,0.09
1146,2.649,5.218,0.3,0.4,4.79,700,0.8,0.37
536,2.007,6.869,0.12,0.3,0.48,167,7.3,0.98
2220,2.57,6.806,0.34,2.4,4.33,439,1.9,0.42
1492,2.812,5.649,0.22,0.6,4.05,642,0.3,1.65
1099,2.8,6.684,0.25,0.2,1.5,302,14.1,0.21
941,2.703,6.799,0.18,0.4,1.57,120,6.1,2.09
1414,2.525,6.52,0.57,1.7,3.36,415,1.5,0.63
1151,2.648,6.737,0.0,1.0,2.6,204,13.1,2.64
4114,2.579,6.912,0.27,2.1,3.23,85,6.0,1.43
1973,2.696,6.18,0.28,0.0,5.0,443,0.1,0.73
1506,2.928,6.89,0.15,0.6,0.82,84,7.2,1.94
943,2.885,6.875,0.18,0.8,1.93,382,12.8,3.77
989,2.66,6.503,0.04,1.4,0.93,236,4.0,4.65
1745,2.528,6.771,0.19,0.8,1.22,213,7.1,1.08
1306,2.431,6.321,0.25,0.5,3.93,29,2.0,2.18
2795,2.58,6.304,0.12,0.2,1.33,290,6.3,2.06
1336,2.726,7.08,0.21,1.3,3.76,320,6.3,0.51
256,2.75,5.354,0.27,0.2,4.07,559,0.5,1.35
1160,2.433,6.524,0.33,0.3,2.06,406,1.1,1.13
852,2.707,7.221,0.29,2.0,4.35,452,5.2,0.45
3153,2.813,6.643,0.1,1.0,4.68,42,4.8,2.98
1630,2.649,7.193,0.32,4.4,4.11,466,9.3,0.29
998,2.873,6.601,0.29,1.7,4.21,420,3.1,0.61
1759,2.753,7.158,0.64,2.9,4.47,453,0.4,0.28
1610,2.661,6.769,0.2,2.0,2.76,425,6.1,0.03
3458,2.651,6.415,0.17,0.4,1.33,18,4.3,1.8
1510,2.488,6.378,0.13,1.4,1.58,411,4.2,2.06
1299,2.406,5.959,0.18,1.8,2.26,68,1.8,4.38
3220,2.539,5.882,0.18,0.4,1.58,197,2.1,2.14
1211,2.66,6.769,0.34,2.0,3.74,444,5.1,0.02
3391,2.55,6.885,0.17,0.7,5.58,35,7.6,4.74
3221,2.425,6.398,0.25,0.3,1.13,157,3.6,1.98
1580,2.398,6.059,0.21,1.0,2.42,416,1.5,1.26
1508,2.565,5.768,0.19,0.2,1.41,268,1.9,1.92
8049,2.656,6.491,0.45,1.5,3.48,299,5.7,0.5
4209,2.88,5.801,0.16,1.0,3.71,562,0.0,0.75
3814,2.686,7.011,0.29,2.5,4.75,419,3.0,0.55
3855,2.558,7.241,0.14,0.7,1.79,107,3.8,2.34
2822,2.8,6.607,0.24,0.8,1.76,214,6.1,0.84
1844,2.472,6.295,0.25,0.3,2.89,319,6.2,1.23
83,2.619,6.918,0.26,4.2,4.06,439,2.7,0.53
1339,2.847,6.937,0.31,1.5,2.7,323,12.6,0.98
3244,2.14,6.842,0.55,1.1,2.93,437,6.1,0.65
6933,2.56,6.984,0.3,3.9,4.4,450,6.5,0.26
2533,2.45,6.462,0.22,2.7,4.14,435,3.8,0.19
1594,2.312,7.054,0.17,0.8,0.34,184,12.6,2.48
76,2.655,7.219,0.16,0.2,0.06,300,7.4,1.92
1740,2.77,7.27,0.48,3.5,5.3,458,8.7,0.12
1583,2.73,6.927,0.26,0.5,0.82,51,6.8,2.15
1051,2.663,6.912,0.21,0.1,1.44,159,5.8,2.47
2455,2.473,6.729,0.26,1.2,2.28,173,6.2,3.14
192,2.596,6.491,0.18,0.3,0.69,192,5.9,1.83
79,2.54,6.332,0.26,0.4,2.3,8,2.9,2.65
1714,2.496,6.013,0.43,3.2,3.21,455,0.9,1.17
2604,2.456,6.609,0.38,2.4,0.89,420,1.0,6.79
1303,2.528,7.316,0.45,1.2,4.24,319,5.7,0.14
1723,2.875,7.159,0.31,3.4,4.11,414,3.1,0.6
1429,2.425,6.746,0.06,0.0,1.53,123,15.4,3.48
2766,2.646,6.441,0.21,0.5,0.38,15,7.9,2.15
1624,2.491,5.733,0.14,2.0,4.19,293,0.9,2.91
1048,2.57,6.974,0.22,0.6,2.61,414,6.4,0.15
1192,2.369,6.712,0.33,0.4,2.39,137,2.4,2.86
1732,2.158,6.737,0.22,1.2,1.27,96,3.4,3.0
113,2.51,6.866,0.26,2.5,3.52,415,3.3,0.32
1290,2.47,7.176,0.24,4.5,3.49,263,5.8,0.35
6009,2.635,5.559,0.23,1.3,4.2,414,0.6,1.2
1063,2.504,5.458,0.38,0.6,4.93,489,0.0,0.21
2586,2.61,6.656,0.11,1.2,3.86,61,5.2,2.72
902,2.41,6.319,0.3,1.3,3.98,531,1.9,0.41
7531,2.694,6.832,0.18,0.0,1.44,72,7.8,4.27
6917,2.566,5.818,0.32,0.2,4.23,621,0.6,0.03
2409,2.736,6.78,0.28,3.8,4.52,410,3.4,0.19
4721,2.52,6.908,0.21,2.8,4.73,458,6.3,0.18
1449,2.432,6.615,0.15,1.0,0.34,144,6.2,1.03
5619,2.678,6.908,0.16,0.6,1.98,209,8.3,1.08
3991,2.561,6.618,0.2,0.6,2.5,405,6.0,0.07
2434,2.68,6.739,0.29,0.2,3.45,270,5.9,1.03
136,2.989,6.91,0.16,0.1,1.2,281,9.2,0.99
1182,2.565,7.317,0.31,0.7,3.21,379,10.7,0.67
1735,2.6,6.857,0.08,0.2,2.84,270,6.0,0.82
956,2.72,6.875,0.3,1.4,3.98,333,5.9,0.21
1568,2.36,6.732,0.22,0.4,0.6,8,6.4,1.76
1214,2.62,6.355,0.25,0.1,2.89,284,7.6,2.24
2580,2.835,7.013,0.08,0.3,0.11,189,8.1,1.54
1274,2.708,6.91,0.22,1.1,4.55,254,6.7,1.04
853,2.898,6.777,0.15,0.9,2.39,153,8.5,2.29
1174,2.662,7.27,0.2,0.2,0.82,204,6.4,0.58
1189,2.61,7.27,0.25,1.3,0.23,311,5.8,1.21
1526,2.561,6.956,0.32,0.4,0.89,252,5.9,1.55
1250,2.35,6.251,0.02,0.1,1.83,161,5.6,4.72
1037,2.978,7.056,0.27,2.8,2.38,397,5.8,0.53
1463,2.548,6.513,0.27,1.9,3.88,427,1.7,0.44
119,2.716,7.072,0.17,0.0,1.65,287,9.0,1.27
3100,2.683,7.05,0.33,0.4,1.34,322,6.5,0.74
529,2.61,6.341,0.28,0.6,4.31,429,2.0,0.68
4307,2.513,6.506,0.27,0.4,2.44,204,6.4,1.55
1426,2.62,5.656,0.17,0.7,0.16,519,1.2,2.66
2993,2.952,6.824,0.27,0.6,2.91,166,6.0,0.12
1651,2.745,5.638,0.28,0.5,4.19,427,0.4,0.54
1789,2.746,6.868,0.19,2.1,3.23,325,8.0,0.72
3805,2.796,6.877,0.1,1.8,4.0,20,4.6,0.06
1277,2.536,6.524,0.09,0.8,4.73,418,1.7,0.66
1642,2.46,6.127,0.07,1.4,1.71,50,4.8,2.24
1775,2.576,6.635,0.06,0.3,1.45,76,1.8,1.95
1729,2.688,6.954,0.26,1.8,0.04,399,6.8,3.15
1290,2.613,6.188,0.52,3.7,4.67,180,3.6,0.95
3010,2.759,6.634,0.38,2.6,4.07,417,1.2,0.56
1863,2.7,6.49,0.16,0.4,1.4,19,3.1,3.52
1617,2.496,7.28,0.05,1.3,0.97,136,8.8,1.13
2645,2.555,6.757,0.66,1.4,3.78,123,2.4,0.21
1949,2.186,6.929,0.16,0.1,2.09,146,7.1,2.95
585,2.513,6.663,0.3,2.4,4.15,438,2.0,0.45
1979,2.617,6.721,0.36,0.4,4.07,161,6.0,1.3
186,2.719,6.993,0.23,1.4,3.82,309,5.8,0.18
1440,2.24,6.783,0.39,2.5,4.48,401,2.0,0.81
5472,2.6,6.895,0.26,0.5,4.04,428,0.8,0.6
1675,2.663,6.003,0.27,0.8,5.4,430,0.3,0.35
820,2.676,6.385,0.15,0.4,2.1,327,6.1,1.09
1523,2.695,7.391,0.18,0.7,0.94,244,8.6,1.74
1871,2.501,7.131,0.4,0.8,3.64,327,8.7,0.37
1577,2.629,6.487,0.23,1.0,1.18,264,2.7,4.33
8708,2.664,6.757,0.04,0.3,0.95,222,10.6,3.42
1280,2.439,7.313,0.35,1.6,0.88,305,5.8,1.32
3781,2.962,6.724,0.32,0.3,1.18,284,11.9,3.34
1487,2.751,6.626,0.39,2.3,3.14,410,4.4,0.43
1562,2.403,6.787,0.38,1.2,4.68,429,1.0,0.28
408,2.429,5.945,0.34,2.4,2.01,214,0.8,0.17
3765,2.702,6.509,0.1,0.4,0.7,42,6.4,0.43
2990,2.646,6.84,0.03,0.8,3.51,59,3.1,3.62
2455,2.982,6.545,0.03,0.5,3.12,204,2.8,2.09
902,2.46,6.493,0.21,0.6,0.78,235,9.2,2.71
5736,2.459,6.517,0.17,1.1,1.63,93,6.3,2.73
891,2.773,6.406,0.18,0.7,1.01,61,8.3,2.64
80,2.861,6.936,0.2,0.6,2.87,245,8.5,1.21
1335,2.653,6.61,0.12,0.0,0.63,128,9.9,4.08
440,2.734,7.228,0.44,0.1,3.34,138,6.2,1.06
182,2.939,6.109,0.39,5.1,4.01,313,0.3,0.69
45,2.84,7.068,0.11,1.3,1.41,205,8.6,1.38
2988,2.69,6.605,0.35,1.3,4.59,408,3.6,0.23
778,2.731,6.515,0.05,0.7,1.19,134,4.2,1.72
1495,2.64,5.857,0.25,0.2,4.29,974,0.1,1.04
926,2.78,5.764,0.32,0.6,4.08,810,0.3,0.18
4196,2.561,6.553,0.38,1.0,3.04,312,5.7,0.77
2435,2.48,5.203,0.07,1.0,0.77,516,2.5,2.5
914,2.816,6.65,0.02,1.5,0.07,51,7.2,1.93
1792,2.714,6.801,0.29,0.9,3.74,288,6.0,0.95
3161,3.077,7.179,0.32,1.9,4.22,417,3.1,0.35
152,2.417,7.252,0.49,0.7,3.51,369,6.1,0.57
1037,2.52,6.269,0.05,0.8,0.35,308,8.7,2.09
12,2.528,6.693,0.44,4.6,4.25,418,2.1,0.51
4001,2.402,7.149,0.17,0.5,1.16,181,7.6,1.32
1434,2.48,7.124,0.22,0.8,0.63,220,9.3,0.73
143,2.539,5.609,0.23,0.5,3.87,490,0.9,0.36
1135,2.657,7.157,0.25,2.2,4.05,343,6.0,0.65
2746,2.666,6.744,0.17,0.6,1.68,291,10.7,1.97
593,2.34,6.703,0.45,2.0,3.42,227,7.6,0.12
1489,2.726,6.394,0.21,0.8,2.38,334,3.7,0.96
421,2.491,6.722,0.02,1.0,0.64,75,9.0,4.42
1022,2.517,5.411,0.16,1.4,1.41,563,2.3,2.75
1452,2.619,6.67,0.41,0.3,2.47,212,7.6,1.79
163,2.811,6.12,0.03,1.6,2.58,511,3.8,3.0
38,2.569,6.676,0.38,0.2,0.33,267,8.6,2.15
1506,2.563,6.661,0.3,1.2,3.79,406,1.4,0.53
580,2.65,5.789,0.28,0.4,3.96,695,0.2,0.86
270,2.63,6.32,0.48,1.7,1.08,134,4.8,0.68
1505,2.75,7.23,0.35,3.0,4.36,424,2.2,0.52
1515,2.667,5.35,0.18,0.9,3.73,450,0.2,1.27
1125,2.584,7.115,0.55,1.2,3.32,456,3.6,0.24
4064,2.642,6.511,0.23,0.8,0.93,168,1.9,1.16
3304,2.477,7.313,0.29,0.2,3.48,378,11.1,0.77
38,2.732,6.92,0.25,1.4,3.5,271,6.9,1.87
3984,2.456,7.216,0.28,1.1,1.42,198,6.6,1.56
2605,2.069,6.357,0.22,1.0,0.1,74,5.9,1.76
3944,2.739,7.152,0.19,0.7,3.14,241,6.2,1.33
4003,2.533,7.057,0.47,2.1,4.34,282,5.9,0.78
1292,2.59,6.173,0.24,1.2,5.02,452,0.4,0.32
1718,2.71,5.506,0.2,0.4,4.19,202,1.5,1.37
1171,2.531,6.995,0.23,0.4,2.41,11,2.5,3.1
1880,2.75,5.328,0.31,0.1,5.21,448,0.5,0.32
1589,2.581,6.421,0.12,0.2,1.89,116,2.7,2.13
16,2.56,6.136,0.22,0.4,5.28,524,0.3,0.25
1186,2.833,5.555,0.18,0.9,3.16,421,0.3,1.65
1344,2.822,6.959,0.34,3.0,4.39,416,1.1,0.49
481,2.712,6.757,0.3,1.4,4.83,432,1.3,0.66
9030,2.484,6.429,0.21,1.3,0.01,75,7.1,3.25
1424,2.862,7.306,0.32,0.2,3.36,38,6.2,2.44
4982,2.543,5.677,0.3,0.4,5.05,802,0.2,0.54
1186,2.66,7.109,0.45,1.9,2.46,103,11.0,0.91
15,2.701,6.155,0.23,2.2,4.15,442,0.3,0.84
1478,2.318,7.032,0.16,0.1,1.02,152,7.0,1.71
1544,2.788,6.737,0.42,1.9,3.87,429,1.7,0.74
198,2.65,7.042,0.24,0.1,1.08,232,5.9,2.45
33,2.743,7.17,0.57,3.2,3.28,206,9.4,0.02
1451,2.523,7.299,0.36,2.7,3.81,425,2.2,0.67
1482,2.57,7.105,0.05,0.7,0.57,219,7.0,1.0
39,2.75,6.784,0.23,1.0,4.14,255,5.8,0.03
8744,2.526,6.118,0.16,0.1,3.32,96,1.4,1.4
8654,2.603,7.141,0.46,0.5,0.39,53,6.7,0.13
5394,2.538,7.083,0.36,2.0,3.94,401,3.3,0.09
1371,2.62,6.642,0.38,1.2,2.42,252,5.7,1.93
2236,2.804,6.283,0.28,0.1,1.77,55,3.6,5.32
1523,2.653,7.015,0.15,0.1,1.26,246,18.5,2.22
4495,2.52,6.719,0.03,1.4,1.42,154,2.1,4.42
3809,2.783,6.229,0.33,0.4,4.37,198,1.1,0.71
1327,2.482,7.026,0.29,0.7,3.2,306,9.1,1.2
2588,2.634,5.632,0.21,0.0,2.98,562,0.6,2.59
1145,2.882,6.611,0.11,0.3,2.08,292,5.8,1.97
1418,2.622,7.17,0.23,0.8,4.07,393,7.1,0.35
3167,2.383,6.68,0.36,4.2,3.89,403,1.4,0.58
187,2.89,5.802,0.14,0.9,2.61,402,1.6,1.08
2597,2.33,7.056,0.24,1.0,2.05,240,12.1,2.3
7345,2.29,6.67,0.24,0.9,1.47,134,6.2,1.71
1488,2.722,7.05,0.32,2.7,3.79,352,7.1,0.8
4535,2.746,5.219,0.38,0.2,3.74,483,1.3,0.04
1412,2.531,6.765,0.14,1.5,1.72,112,6.6,1.49
1290,2.65,6.644,0.23,0.7,3.14,326,6.9,0.59
1069,2.626,6.742,0.3,5.1,3.82,331,4.1,0.29
8442,2.724,6.487,0.19,0.8,1.74,274,6.2,0.68
133,2.793,6.855,0.22,2.5,2.84,369,6.6,0.99
233,2.766,6.964,0.25,1.7,4.97,423,3.1,0.42
2531,2.68,6.791,0.3,0.4,3.91,260,7.6,0.06
1471,2.54,5.854,0.23,0.8,4.5,436,0.2,0.19
143,2.758,6.855,0.22,0.2,2.02,296,6.0,2.7
4772,2.738,6.547,0.26,2.4,5.4,417,4.0,0.35
9844,2.453,7.187,0.31,2.8,4.68,443,2.6,0.54
1015,2.811,5.519,0.23,0.0,3.81,594,0.5,1.71
1894,2.73,7.093,0.27,4.0,2.99,382,6.1,1.03
11217,2.816,7.147,0.31,1.0,3.43,415,10.7,0.42
4087,2.871,6.495,0.29,2.1,5.02,476,3.4,2.78
2458,2.67,5.625,0.1,0.7,1.39,424,1.4,0.74
12,2.69,5.842,0.18,0.0,3.77,784,0.4,1.18
2515,2.129,6.87,0.56,3.2,2.82,458,3.4,0.43
1122,2.681,7.138,0.25,2.9,3.68,320,5.8,0.23
828,2.366,6.666,0.11,0.4,1.05,197,5.0,3.97
1470,2.872,6.735,0.2,0.4,1.15,294,10.2,2.93
1622,2.554,7.033,0.22,2.6,2.27,426,8.2,0.36
6229,2.562,6.133,0.28,0.7,4.03,509,0.2,0.44
2656,2.719,6.542,0.27,0.2,4.0,598,0.5,3.62
838,2.59,6.856,0.32,0.8,2.37,286,7.8,0.39
1372,2.603,7.26,0.29,1.4,3.82,435,1.7,0.56
4461,2.549,5.846,0.33,0.5,4.74,587,0.0,0.55
1090,2.625,7.24,0.18,1.7,0.18,230,9.3,0.63
2197,2.81,5.89,0.21,0.3,4.32,408,0.6,0.93
878,2.808,6.819,0.33,1.0,5.29,258,5.7,0.01
1620,2.584,6.721,0.01,0.0,2.58,109,2.8,2.32
1549,2.193,6.468,0.22,0.9,1.12,104,7.1,3.69
120,2.491,6.133,0.03,0.2,2.73,563,1.7,4.11
1346,2.398,6.833,0.45,1.4,0.0,177,5.9,0.42
2785,2.605,6.568,0.09,0.7,1.97,0,6.1,1.9
1606,2.742,6.044,0.41,2.0,3.42,428,4.0,0.52
1361,2.85,7.36,0.48,0.9,4.33,316,6.4,0.29
1450,2.773,6.8,0.07,1.2,0.29,245,9.0,1.01
1466,2.58,6.82,0.17,0.6,1.66,124,13.0,2.25
1309,2.556,5.941,0.21,0.2,1.11,127,1.1,2.68
1417,2.612,6.181,0.26,0.2,4.04,492,0.1,0.65
1724,2.648,7.107,0.4,1.0,2.61,405,2.5,0.76
1267,2.565,7.31,0.12,1.0,0.69,243,10.8,0.98
1585,2.689,6.19,0.59,1.9,3.84,21,1.1,0.45
3003,2.684,6.782,0.17,0.2,0.28,314,22.6,3.55
1393,2.292,7.014,0.26,2.6,3.85,354,7.6,1.39
4691,2.56,6.406,0.26,0.1,1.36,322,13.4,4.26
1455,2.442,6.335,0.1,1.2,1.07,92,2.4,3.7
14219,2.586,6.847,0.27,0.0,2.15,12,3.6,3.02
1481,2.81,6.746,0.29,1.4,1.37,127,6.4,1.79
44,2.821,6.815,0.52,3.4,3.24,110,5.2,0.24
3354,2.694,6.602,0.09,0.1,1.79,291,11.8,3.72
1839,2.869,7.136,0.17,0.3,0.96,224,7.5,1.35
1095,2.6,6.112,0.28,0.4,4.08,575,0.3,1.02
5626,2.644,6.686,0.23,0.9,1.07,131,2.6,2.03
1322,2.901,7.016,0.28,1.0,2.41,261,8.2,2.4
175,2.558,6.938,0.0,0.3,3.88,51,3.5,5.55
1350,2.604,7.306,0.15,0.7,0.39,315,10.5,0.47
2385,2.748,6.931,0.39,0.3,0.69,377,19.1,1.16
1454,2.506,6.552,0.55,3.3,6.24,320,4.5,0.87
5722,2.658,7.013,0.19,1.0,0.49,373,7.4,2.07
1232,2.664,6.397,0.07,1.0,4.76,389,3.5,4.26
1362,2.372,6.93,0.17,0.9,3.9,292,6.1,0.91
4210,3.051,7.014,0.29,2.0,3.67,453,4.5,0.42
1147,2.641,5.725,0.37,0.2,4.52,569,0.5,1.25
3368,2.54,7.085,0.3,2.1,3.47,357,8.0,0.04
2523,2.38,6.318,0.16,0.2,1.63,180,6.2,1.12
3012,2.274,6.681,0.48,1.1,2.88,411,4.6,0.78
2919,2.59,6.668,0.33,1.7,4.28,418,3.1,0.41
1114,2.296,6.223,0.09,1.6,2.52,275,1.2,4.16
1940,2.668,6.259,0.05,1.7,2.39,90,0.6,3.74
1508,2.557,6.814,0.41,1.5,2.75,378,9.4,1.86
1413,2.43,6.343,0.09,0.7,0.97,44,6.1,3.75
1414,2.511,7.054,0.24,0.4,2.6,351,8.9,0.06
5915,2.55,5.981,0.21,0.3,1.51,497,2.2,1.91
2709,2.347,6.032,0.13,0.9,1.36,25,5.0,1.27
8197,2.203,6.393,0.23,0.4,2.8,210,5.9,1.32
4237,2.94,7.247,0.6,2.2,3.67,415,5.9,0.62
4551,2.479,7.116,0.04,2.4,0.74,123,11.2,1.96
210,2.543,6.475,0.31,2.3,4.2,386,7.5,2.06
4621,2.47,6.385,0.05,1.0,1.86,156,7.0,2.71
774,2.756,7.053,0.16,1.1,2.98,358,6.6,0.17
778,2.7,6.536,0.17,0.6,2.65,285,5.8,0.34
1629,2.735,5.815,0.29,1.2,0.91,215,5.8,2.13
1494,2.68,5.695,0.28,0.6,4.09,705,0.4,1.39
1767,2.693,6.511,0.18,0.2,0.2,76,6.0,0.75
1160,2.779,6.065,0.25,2.1,3.74,437,0.4,1.73
113,2.68,6.082,0.37,2.8,1.22,68,3.2,0.15
1774,2.77,7.012,0.35,2.8,2.88,437,1.8,0.77
1109,2.732,6.307,0.3,0.5,4.09,555,0.8,2.61
2557,2.808,6.447,0.29,0.7,0.46,198,6.4,1.82
1991,2.622,5.917,0.32,0.5,0.92,214,0.5,5.02
1305,2.748,6.933,0.17,0.1,0.37,140,8.6,1.5
1721,2.788,5.449,0.26,0.2,4.59,504,0.7,0.4
1500,2.763,7.191,0.32,2.4,3.82,416,7.5,0.07
270,2.569,5.739,0.23,0.1,0.65,429,0.7,2.39
948,2.264,7.286,0.23,0.2,3.4,178,5.9,0.76
1209,2.534,6.235,0.22,1.3,4.07,302,7.6,2.07
4361,2.348,5.829,0.18,0.1,1.86,31,0.2,1.09
1774,2.555,5.733,0.31,0.4,4.51,601,0.4,0.47
78,2.669,7.165,0.17,0.7,1.87,243,8.7,1.69
1497,2.129,6.921,0.4,1.6,1.82,440,1.9,0.56
1807,2.584,6.911,0.46,4.1,2.7,484,0.2,0.54
2663,2.631,6.48,0.34,13.0,4.04,451,1.2,0.53
1060,2.58,6.712,0.25,2.7,3.3,411,10.8,3.83
1692,2.491,6.047,0.02,2.1,3.77,226,7.0,2.76
3147,2.77,6.753,0.44,0.4,1.42,78,5.7,2.57
1209,2.74,6.333,0.38,1.1,4.28,409,1.4,0.07
1617,2.435,6.522,0.07,0.0,1.59,437,0.9,2.76
1688,2.895,6.512,0.29,2.2,4.11,408,1.2,0.71
1745,2.92,6.158,0.03,1.2,2.62,414,9.2,3.94
3824,2.597,6.588,0.43,0.3,1.82,208,6.8,1.16
60,2.589,5.991,0.25,0.6,0.45,128,6.0,1.78
1564,2.387,6.625,0.13,0.7,2.09,173,7.7,1.56
1278,2.571,6.303,0.27,1.0,4.85,433,1.0,0.22
1167,2.671,6.211,0.08,0.7,6.29,127,3.6,2.68
75,2.67,6.772,0.12,0.3,0.11,218,9.4,2.49
2929,2.6,6.543,0.32,1.8,3.87,432,4.0,0.03
1452,2.592,7.251,0.23,1.5,1.79,242,9.0,1.84
375,2.596,6.716,0.5,2.3,4.76,429,5.9,2.68
2527,2.67,6.995,0.26,3.5,4.51,412,3.9,0.51
1077,2.81,7.16,0.67,1.4,4.48,396,8.4,0.0
1286,2.57,7.169,0.24,2.8,6.11,372,6.6,0.22
3044,2.537,7.277,0.31,1.4,3.95,336,5.8,0.67
1396,2.589,6.73,0.34,0.2,4.13,413,2.1,0.6
1641,2.616,6.544,0.25,0.2,1.81,197,6.2,2.55
1971,2.61,7.077,0.62,0.0,3.7,231,5.8,1.45
588,2.568,6.689,0.37,2.1,4.34,446,3.1,0.26
1150,2.559,6.464,0.24,2.2,4.26,404,2.0,0.46
1089,2.85,6.927,0.12,0.5,0.05,190,12.4,2.01
226,2.55,6.848,0.2,0.8,1.75,427,5.4,0.75
1523,2.874,6.606,0.19,0.6,2.71,297,8.8,1.32
5738,2.793,7.031,0.27,0.8,1.81,118,8.2,2.29
1416,2.652,6.761,0.32,0.2,1.35,236,7.2,1.54
561,2.793,7.374,0.27,2.8,3.7,415,5.4,0.16
1237,2.43,6.779,0.21,2.1,4.97,434,3.3,0.3
3464,2.719,6.926,0.34,0.1,5.16,402,2.1,0.78
1541,2.792,6.343,0.07,0.3,0.06,268,8.7,0.86
5434,2.53,7.118,0.13,0.8,2.12,212,6.3,2.26
1191,2.514,6.437,0.28,2.0,4.5,424,3.7,0.26
583,2.56,6.546,0.3,0.5,2.06,200,8.3,3.65
8708,2.556,6.613,0.49,1.3,1.15,38,4.6,0.56
1718,2.663,7.103,0.19,0.4,1.22,334,11.6,1.41
1274,2.72,5.787,0.22,0.2,3.68,255,10.3,2.27
950,2.67,6.717,0.33,2.7,4.82,433,2.1,0.44
41,2.489,5.814,0.09,0.4,1.29,474,3.2,4.78
309,2.847,6.988,0.25,0.2,2.55,39,4.6,2.17
8816,2.432,6.826,0.56,0.5,0.41,397,6.9,1.99
2585,2.41,6.669,0.28,1.2,5.02,409,3.7,0.07
1758,2.47,6.36,0.35,1.5,1.87,207,5.8,0.34
1215,2.61,7.29,0.24,1.1,3.83,426,6.3,1.08
2958,2.633,6.309,0.56,5.2,4.57,374,0.7,0.31
1466,2.492,5.741,0.22,1.1,5.16,570,1.0,0.0
104,2.508,6.664,0.22,0.8,1.07,244,6.0,0.7
302,2.559,6.401,0.37,1.4,4.44,457,2.0,0.63
2508,2.617,6.355,0.24,3.9,4.17,408,1.5,0.69
1332,2.57,5.794,0.24,0.2,4.79,493,0.1,0.55
539,2.572,6.886,0.25,0.6,0.95,349,8.4,1.55
2422,2.63,5.921,0.16,0.5,2.39,407,3.5,1.14
1563,2.309,6.686,0.23,1.5,2.43,40,5.0,3.59
3283,2.222,6.731,0.35,2.4,4.3,404,4.2,0.44
1456,2.765,6.779,0.47,1.7,1.73,39,6.1,0.27
1473,2.545,6.546,0.3,0.4,2.34,102,6.2,1.13
1265,2.312,6.729,0.32,2.1,3.32,429,5.5,0.67
2585,2.757,6.765,0.29,3.0,4.74,410,1.8,0.58
1709,2.631,6.971,0.27,1.4,1.22,362,6.4,1.96
972,2.654,7.269,0.34,2.2,3.39,342,6.5,0.02
1183,2.506,6.033,0.3,0.2,4.02,627,0.5,0.88
1349,2.639,6.752,0.43,2.1,2.78,433,5.4,0.02
1622,2.523,6.782,0.21,1.3,0.04,14,6.0,6.03
251,2.47,6.86,0.29,1.9,1.57,6,1.0,4.82
2861,2.509,6.143,0.33,0.2,2.7,294,8.3,1.16
1527,2.72,5.908,0.08,1.0,0.28,136,14.4,3.07
3089,2.684,6.757,0.26,0.4,1.67,136,6.6,2.47
1193,2.581,6.966,0.21,0.7,0.97,59,5.9,3.34
1147,2.88,6.94,0.02,0.3,0.23,316,8.6,1.44
2798,2.801,6.775,0.44,0.2,1.69,403,5.1,1.68
1436,2.56,6.802,0.29,0.8,1.05,62,5.8,2.35
1577,2.693,7.01,0.33,1.7,4.2,418,1.9,0.69
4723,2.459,5.873,0.35,1.1,4.32,542,0.1,0.38
1715,2.981,7.041,0.38,0.4,1.89,307,8.2,0.83
932,2.835,6.517,0.23,0.8,2.16,166,6.3,1.82
5709,2.433,6.456,0.14,1.4,2.29,395,2.6,4.71
1597,2.683,5.633,0.36,0.5,3.8,407,1.4,0.07
1790,2.771,6.378,0.16,0.3,0.47,360,9.0,2.93
1652,2.92,7.3,0.41,2.8,5.46,364,7.6,1.58
1202,2.83,6.024,0.2,0.6,3.05,427,0.8,0.12
1537,2.388,7.123,0.31,0.1,4.73,341,7.4,0.03
1595,2.538,6.495,0.14,1.8,3.27,433,6.4,0.5
1876,2.397,5.629,0.15,1.7,2.38,197,3.2,2.17
5006,2.641,6.757,0.37,0.5,2.59,365,8.5,0.28
1280,2.804,6.611,0.07,0.8,1.14,416,9.0,0.96
1500,2.66,6.53,0.24,0.6,1.85,82,7.8,2.26
1224,2.338,7.182,0.26,2.4,3.91,435,3.8,0.76
1317,2.55,6.019,0.17,0.6,1.11,60,2.3,3.35
8438,2.681,7.375,0.12,0.1,0.96,160,7.5,1.66
1210,2.611,6.579,0.49,1.3,4.95,427,1.3,0.34
1326,2.797,6.92,0.6,2.4,3.74,353,6.8,0.41
1340,2.676,6.505,0.2,0.4,1.16,166,1.9,1.73
1466,2.173,6.632,0.39,1.7,3.76,430,3.2,0.15
2531,2.537,6.984,0.37,1.9,3.01,407,3.1,0.55
1160,2.626,6.838,0.37,3.0,3.28,417,1.8,0.61
1715,2.406,6.21,0.41,2.5,3.24,415,1.3,0.5
1897,2.439,7.015,0.38,2.1,4.54,401,2.5,0.21
1147,2.679,5.771,0.29,2.2,4.38,471,0.1,0.14
1503,2.709,6.038,0.08,0.7,1.29,71,4.1,1.98
3978,2.7,7.399,0.48,1.8,3.97,416,1.6,0.34
1719,2.119,5.91,0.21,2.0,4.2,438,0.9,0.72
4601,2.747,6.464,0.29,0.5,4.42,510,0.3,0.52
1615,2.72,6.637,0.05,0.3,0.03,139,10.2,2.88
1326,2.562,6.478,0.5,3.0,4.87,170,5.7,0.19
754,2.86,6.69,0.31,1.2,4.44,421,6.6,0.03
818,2.536,6.479,0.07,0.1,0.97,169,7.1,2.13
2045,2.718,7.184,0.33,0.4,0.83,178,8.9,1.86
1461,2.616,6.952,0.08,1.0,0.89,233,9.0,1.33
1231,2.602,6.545,0.24,0.6,8.98,506,4.1,4.67
2718,2.9,5.873,0.02,2.0,2.0,370,0.3,4.52
2792,2.566,5.224,0.22,1.0,4.02,592,0.4,1.25
45,2.545,7.253,0.31,3.1,4.67,465,1.8,0.32
3266,2.326,5.839,0.4,0.0,4.54,477,0.5,0.3
1432,2.648,6.174,0.07,1.6,0.11,634,1.0,3.3
5260,2.77,6.904,0.08,0.4,0.02,196,6.3,3.16
1513,2.44,5.658,0.29,3.4,3.0,441,1.3,0.44
796,2.56,7.403,0.16,0.0,0.87,263,9.4,2.25
928,2.643,6.003,0.23,0.2,3.99,428,0.4,0.86
4519,2.508,7.197,0.31,0.5,3.24,285,8.4,0.82
1260,2.586,6.202,0.32,0.7,4.71,1043,0.4,0.55
764,2.684,6.509,0.18,0.8,2.96,153,1.6,1.97
2859,2.588,6.752,0.3,1.2,0.36,283,6.2,0.38
142,2.585,5.947,0.33,0.8,4.26,575,0.4,0.91
4469,2.469,6.298,0.11,0.8,2.85,133,4.8,6.97
1698,3.194,6.158,0.33,2.4,3.41,314,1.9,0.12
1265,2.721,6.979,0.45,1.2,4.27,401,6.4,0.34
972,2.385,6.764,0.3,0.5,2.3,327,7.4,1.35
4757,2.735,6.696,0.24,0.2,2.96,289,7.0,0.73
2664,2.444,7.01,0.11,0.9,0.2,303,8.4,1.67
1305,2.61,7.167,0.55,1.3,3.95,407,2.5,0.55
2991,2.478,5.83,0.22,0.0,1.86,539,2.4,2.88
1618,2.65,6.759,0.28,0.0,0.03,85,6.1,2.57
835,2.54,6.194,0.12,1.5,7.17,528,4.1,3.6
1266,2.52,7.145,0.06,0.5,1.3,176,13.7,1.58
993,2.872,5.574,0.27,0.9,4.92,705,0.0,0.59
154,2.259,6.329,0.24,1.1,2.85,66,1.8,2.05
1349,2.329,6.307,0.43,2.4,1.77,21,3.7,0.12
1295,2.354,7.038,0.25,2.3,3.73,299,5.7,1.34
1021,2.657,6.061,0.08,0.8,1.5,103,8.4,3.17
3833,2.585,7.266,0.03,0.9,1.04,184,6.9,1.86
84,2.956,5.792,0.29,0.8,4.87,401,0.3,0.17
1343,2.753,7.118,0.63,1.5,3.39,481,6.8,1.38
1381,2.541,6.814,0.17,0.1,2.78,299,6.6,1.05
4507,2.652,6.507,0.05,0.4,1.96,81,5.6,1.8
1252,2.563,6.641,0.25,0.4,5.2,851,0.9,0.33
1430,2.83,7.22,0.24,1.0,3.82,296,6.7,1.87
1459,2.52,6.409,0.12,0.2,1.87,203,5.2,2.25
8623,2.683,7.189,0.14,0.3,2.18,217,6.4,0.91
1387,2.57,7.021,0.19,0.1,1.25,100,4.9,2.83
3,2.681,6.605,0.21,0.7,1.41,203,7.3,1.89
2623,2.51,6.126,0.3,1.2,4.41,515,0.6,0.4
4426,2.44,6.899,0.19,0.1,2.34,180,5.9,1.12
436,2.414,6.626,0.74,4.9,4.31,312,0.8,1.82
3218,2.67,6.641,0.31,1.0,0.33,174,6.8,1.57
921,2.643,6.328,0.32,1.2,3.36,466,1.5,0.63
1176,2.518,5.817,0.1,0.8,0.93,111,7.0,2.12
2669,2.69,6.214,0.14,0.4,0.48,13,7.3,2.27
1494,2.743,6.51,0.26,0.9,2.99,103,4.3,2.87
1378,2.63,5.278,0.17,0.9,3.32,739,0.7,3.07
1136,2.466,5.819,0.31,0.2,3.69,514,0.4,0.23
457,2.439,6.408,0.31,0.1,0.85,264,6.2,1.04
995,2.78,5.663,0.31,0.4,2.15,453,0.2,0.17
1967,2.701,6.443,0.17,0.7,0.77,9,6.4,1.63
1632,2.64,6.064,0.1,0.6,0.98,152,9.1,3.0
1457,2.669,7.021,0.23,0.5,0.63,328,9.0,1.51
143,2.456,6.558,0.24,2.1,3.04,293,4.6,2.15
54,2.595,6.278,0.24,0.5,1.59,468,2.4,2.57
143,2.87,5.65,0.25,0.0,4.87,504,0.6,0.46
4016,2.72,5.678,0.17,0.2,1.63,146,0.8,2.84
1544,2.672,6.728,0.33,2.9,3.35,506,3.8,0.51
841,2.805,6.841,0.27,4.2,4.22,444,4.4,0.05
1095,2.73,7.214,0.19,0.7,2.09,240,8.6,1.84
107,2.683,7.079,0.2,2.4,2.03,299,8.7,1.06
2894,2.566,6.53,0.14,0.2,2.43,366,6.4,0.62
4621,2.584,7.198,0.29,2.7,3.62,444,4.5,0.27
1338,3.005,6.131,0.27,0.8,1.84,230,8.6,2.85
1222,2.6,6.914,0.18,0.1,1.04,201,8.2,2.25
1227,2.692,6.76,0.1,0.1,7.47,382,4.3,5.47
1487,2.469,7.02,0.34,1.2,4.13,296,7.8,2.56
1586,2.542,6.3,0.48,0.8,1.45,105,2.3,3.35
1441,2.963,5.543,0.27,0.1,4.88,699,0.5,0.67
2763,2.8,7.231,0.36,1.6,2.81,443,3.6,0.76
1119,2.463,6.425,0.34,3.0,3.79,410,1.1,0.66
3046,2.729,6.77,0.32,0.7,3.94,315,0.3,0.17
1416,2.852,7.047,0.36,0.6,3.96,315,6.7,1.57
1976,2.524,7.06,0.37,0.3,3.43,191,5.9,1.84
10085,2.626,6.33,0.17,0.2,2.88,201,0.8,2.47
5588,2.891,7.313,0.26,3.3,4.35,415,2.3,0.49
2529,2.456,6.537,0.42,1.7,3.56,424,2.7,0.43
886,2.423,5.636,0.26,2.1,1.88,311,0.5,5.33
1091,2.809,6.767,0.05,0.1,1.14,27,2.0,1.47
3406,2.36,6.267,0.25,0.2,2.62,298,6.0,0.85
6352,2.499,6.453,0.33,1.2,1.57,110,4.6,3.42
1723,2.59,5.588,0.16,0.6,3.85,21,2.3,0.6
2684,2.566,6.938,0.21,0.7,1.26,214,8.5,2.63
7636,2.67,6.66,0.05,0.8,2.62,261,4.0,1.92
3562,2.594,6.852,0.32,0.6,3.35,243,6.0,0.83
473,2.441,6.353,0.25,0.6,0.94,421,2.3,5.22
1496,2.667,7.042,0.27,2.4,3.66,416,2.0,0.64
1429,2.513,6.771,0.2,1.2,0.0,306,6.2,1.04
2617,2.535,6.369,0.42,1.0,2.78,411,0.8,0.43
2456,2.681,6.931,0.33,2.7,3.91,413,2.4,0.6
6161,2.511,6.921,0.39,2.0,2.54,112,9.0,0.21
1336,2.62,6.252,0.17,0.2,1.43,284,9.7,1.49
60,2.639,6.334,0.22,1.0,2.42,159,3.6,1.69
340,2.647,7.217,0.19,1.5,1.1,97,6.9,2.47
4457,2.853,5.052,0.17,1.1,3.17,574,1.7,1.01
1073,2.377,6.449,0.22,1.3,8.49,123,0.2,0.07
5491,2.15,6.635,0.36,0.6,2.94,335,10.6,2.59
4460,2.42,6.341,0.1,0.5,1.38,96,7.0,1.39
897,2.79,6.675,0.09,0.2,0.99,70,7.8,2.02
1529,2.717,6.908,0.26,3.3,5.73,412,2.1,0.05
1076,2.668,5.812,0.36,0.3,3.26,444,0.7,0.3
74,2.454,6.574,0.36,6.7,4.2,369,0.4,0.73
1128,2.406,5.833,0.24,0.2,4.38,412,1.8,1.31
4482,2.684,7.218,0.27,0.0,1.66,138,7.0,0.92
2701,2.65,6.43,0.24,0.4,3.75,268,5.8,0.1
4429,2.653,6.767,0.55,0.2,2.31,180,5.8,1.77
1530,2.482,6.575,0.13,1.3,2.25,88,2.9,2.08
1489,2.751,6.57,0.08,0.3,1.1,174,9.3,3.09
1596,2.636,7.121,0.3,0.7,2.85,337,6.3,0.38
1634,2.708,5.594,0.29,0.5,4.33,599,0.4,0.69
7184,2.195,6.682,0.25,1.8,4.63,402,4.5,0.25
1628,2.362,6.956,0.24,1.0,0.3,103,6.1,3.26
1031,2.601,6.365,0.05,1.6,3.1,112,10.8,2.7
1197,2.465,6.541,0.13,0.1,0.66,256,10.2,2.87
2771,2.744,6.612,0.11,0.6,0.04,17,5.9,2.07
2513,2.663,7.015,0.26,0.1,2.04,235,13.1,1.22
1261,2.419,6.483,0.15,0.2,0.04,235,6.3,2.27
1347,2.773,7.053,0.36,0.2,5.31,252,7.7,0.49
271,2.67,6.97,0.5,1.7,3.11,61,4.5,0.09
1193,2.685,6.446,0.1,2.6,0.62,188,7.9,2.43
1210,2.57,6.936,0.34,1.6,4.96,447,1.2,0.58
2988,2.463,7.031,0.11,0.6,3.39,107,4.2,4.3
896,2.758,6.946,0.28,1.0,4.41,406,2.9,0.19
1626,2.435,6.906,0.53,0.2,3.03,373,9.1,0.5
4454,2.78,5.844,0.03,0.9,0.39,56,7.3,2.88
3865,2.64,7.021,0.16,0.5,1.27,299,13.6,2.47
1340,2.71,6.824,0.27,1.3,3.95,450,1.8,0.51
1360,2.53,6.004,0.16,0.6,0.48,572,1.2,2.78
46,2.665,6.524,0.08,0.9,1.73,41,1.7,1.72
8500,2.415,6.365,0.16,1.5,3.49,69,1.4,2.77
83,2.716,5.522,0.28,0.8,4.4,515,0.7,0.13
1463,2.566,6.764,0.22,1.9,3.95,453,3.1,0.85
344,2.697,6.942,0.11,0.8,3.06,125,5.3,3.27
10104,2.667,6.67,0.04,1.2,0.01,242,8.3,1.34
1600,2.669,7.07,0.1,1.4,2.64,83,8.3,3.43
1018,2.471,6.618,0.24,0.1,1.93,181,7.6,1.57
9197,2.464,6.409,0.14,0.0,2.46,275,6.6,1.59
1226,2.39,6.399,0.25,0.4,3.5,279,6.8,0.98
2869,2.418,5.806,0.07,1.2,2.34,259,2.3,3.29
6017,2.563,6.771,0.17,1.8,7.12,183,1.2,0.0
1464,2.737,6.54,0.18,1.1,3.98,294,5.9,1.73
2844,2.97,7.22,0.16,0.2,1.28,203,5.1,1.81
7094,2.432,6.168,0.17,0.0,1.22,32,0.3,1.82
1194,2.616,7.363,0.22,0.8,2.46,287,6.4,0.29
1504,2.649,6.8,0.34,2.9,3.7,317,7.2,0.04
76,2.569,6.822,0.18,0.2,1.23,93,5.8,3.14
1485,2.5,7.372,0.15,1.4,2.28,288,11.5,0.32
7766,2.773,6.668,0.21,1.3,4.45,80,0.8,3.05
2081,2.578,5.721,0.28,0.6,2.66,425,1.0,0.12
3051,2.84,6.28,0.32,2.6,2.68,149,2.1,0.04
1537,2.498,7.32,0.14,0.1,0.2,119,8.1,2.47
346,2.566,6.642,0.31,3.0,5.19,426,2.3,0.31
937,2.753,6.454,0.2,0.1,1.84,213,6.2,2.54
4041,2.68,6.091,0.22,0.1,1.0,281,8.2,3.84
2681,2.804,6.414,0.01,1.1,1.22,183,3.6,2.15
2886,2.536,7.039,0.34,2.8,4.78,404,0.4,0.14
1305,2.513,6.977,0.39,6.1,4.18,417,2.0,0.77
945,2.571,6.053,0.18,0.8,1.38,407,1.4,1.69
1766,2.333,6.118,0.03,1.6,0.81,681,4.7,2.97
2874,2.56,6.099,0.17,0.9,0.97,167,3.4,2.81
4228,2.62,6.93,0.32,0.1,1.86,150,8.2,2.14
189,2.775,6.817,0.39,2.2,4.63,413,1.7,0.64
1422,2.045,6.828,0.33,2.5,4.09,427,3.6,0.12
938,2.758,5.738,0.29,0.7,1.16,26,0.0,1.71
910,2.834,6.259,0.36,1.5,0.12,260,8.8,1.07
1682,2.585,6.076,0.36,2.3,1.67,16,2.0,0.38
2970,2.771,6.635,0.21,0.1,0.77,71,6.4,2.64
195,2.71,7.025,0.19,0.7,0.73,228,14.9,2.7
10364,2.752,6.393,0.04,1.9,1.63,326,4.2,3.56
7766,2.658,7.059,0.47,0.4,1.91,334,6.4,0.98
87,2.396,7.254,0.38,2.3,3.26,272,10.7,0.34
6341,2.485,5.453,0.21,0.6,3.68,431,0.2,1.49
1408,2.459,7.085,0.4,0.4,4.07,295,6.1,0.86
1340,2.671,6.799,0.35,4.5,3.31,457,3.3,0.68
1110,2.751,6.414,0.31,0.5,3.19,590,1.1,4.28
1340,2.535,6.482,0.39,5.1,4.5,313,0.4,0.52
1548,2.582,6.106,0.3,0.6,2.61,507,1.0,1.09
579,2.533,7.08,0.2,0.7,0.96,230,3.5,1.66
1077,2.87,6.752,0.55,0.4,3.73,294,6.0,0.45
1050,2.77,6.508,0.18,1.2,1.81,43,6.2,2.07
1717,2.532,7.131,0.32,1.7,4.8,420,4.1,0.39
1478,2.705,7.07,0.24,0.8,3.22,402,2.1,0.74
1169,2.576,6.94,0.3,2.7,3.1,246,5.7,0.74
2861,2.79,5.323,0.19,1.2,0.25,479,2.3,3.17
3810,2.795,6.572,0.35,0.6,2.17,123,2.4,0.83
5780,2.609,7.058,0.35,0.1,1.03,327,7.2,0.59
12,2.458,6.776,0.3,2.2,3.95,451,4.6,0.13
74,2.858,7.144,0.12,3.0,3.76,410,2.8,0.61
118,2.479,5.895,0.25,0.3,5.07,508,0.2,0.51
2736,2.574,6.638,0.39,1.0,4.13,411,1.7,0.26
2989,2.676,6.731,0.31,1.4,3.25,347,7.1,1.27
1340,2.504,6.401,0.1,0.2,2.02,343,2.5,2.94
4139,2.59,7.07,0.25,0.0,2.28,87,6.1,3.73
1432,2.474,7.184,0.45,3.6,4.18,441,3.4,0.57
8437,2.712,6.969,0.19,0.4,1.28,195,10.9,1.23
7532,2.519,6.509,0.0,0.2,0.53,206,8.1,1.97
441,2.726,5.702,0.29,1.8,4.21,762,0.2,1.75
532,2.702,6.773,0.29,2.1,3.95,415,0.4,0.54
2794,2.703,5.449,0.19,0.7,3.64,434,1.0,1.43
1676,3.049,7.362,0.23,1.2,3.91,424,1.8,0.82
1731,2.71,6.565,0.25,0.4,2.29,211,6.9,0.71
3358,2.601,6.559,0.36,2.3,4.82,444,4.8,0.32
2804,2.348,6.79,0.11,0.6,0.15,132,12.3,2.53
4207,3.122,6.998,0.28,2.0,3.46,403,2.8,0.57
8995,2.733,7.058,0.31,3.5,3.83,482,3.3,0.62
1080,2.99,5.914,0.17,1.8,5.81,377,3.7,4.09
2432,2.677,7.361,0.3,0.4,4.34,404,3.3,0.72
1003,2.513,5.724,0.28,0.4,4.34,445,1.3,0.06
1432,2.372,5.818,0.22,0.3,4.85,465,0.6,0.54
1230,2.445,6.657,0.35,1.2,2.79,347,7.1,0.9
70,2.459,6.52,0.34,0.0,3.24,197,7.3,2.53
1135,2.408,6.079,0.31,0.2,4.01,660,0.5,0.45
2624,3.058,5.934,0.31,0.7,2.03,460,2.1,0.14
1333,2.532,5.895,0.13,1.2,8.41,198,0.4,0.19
3308,2.522,6.99,0.36,1.4,4.2,332,8.6,0.53
230,2.69,6.292,0.25,0.4,4.29,470,0.8,1.38
3069,2.729,6.859,0.33,3.2,0.75,353,7.8,1.08
225,2.678,7.035,0.39,2.6,2.87,386,7.7,0.88
1634,2.494,6.441,0.26,3.5,5.2,447,3.8,0.2
1668,2.67,7.036,0.27,1.8,2.25,369,7.5,2.53
4482,2.711,7.014,0.25,0.5,1.56,193,7.2,1.17
900,2.417,6.404,0.2,0.4,1.99,22,6.0,3.04
14396,2.665,7.183,0.32,1.1,4.33,401,3.2,0.12
6108,2.554,6.358,0.41,1.6,0.28,38,7.2,0.72
1555,2.489,7.11,0.25,0.3,4.16,291,6.0,0.34
1532,2.64,6.628,0.37,2.4,3.78,411,0.8,0.44
4867,2.673,6.674,0.22,0.5,0.18,431,0.1,0.97
1628,2.59,5.858,0.17,0.8,0.51,21,8.5,2.85
1545,2.9,7.224,0.21,0.2,1.66,165,9.2,1.82
304,2.455,6.316,0.27,0.6,5.12,412,0.5,0.56
9609,2.673,5.833,0.12,0.6,1.84,99,6.2,3.23
1616,2.582,6.469,0.23,0.4,0.93,611,1.3,4.55
1328,2.703,6.295,0.24,0.7,1.41,90,2.0,5.99
612,2.669,6.732,0.32,3.1,3.81,437,3.3,0.5
1651,2.82,6.573,0.2,1.2,3.3,276,7.3,3.75
900,2.41,6.714,0.11,0.4,1.1,142,5.7,2.94
5511,2.33,6.384,0.2,0.3,0.81,190,5.8,3.0
5709,2.541,5.869,0.08,1.2,0.06,151,6.4,2.51
4990,2.564,6.441,0.31,0.2,4.37,432,0.1,0.03
3210,2.64,6.966,0.23,2.2,4.55,425,2.6,0.29
1842,2.67,7.214,0.22,1.8,3.8,420,3.2,0.72
1246,2.57,6.581,0.5,3.1,2.39,54,3.3,0.45
1696,2.478,6.893,0.45,0.1,2.15,348,9.7,1.32
258,2.806,6.541,0.35,1.8,4.7,16,9.4,0.22
1737,3.014,6.076,0.16,1.0,2.17,200,7.4,2.11
4190,2.454,6.238,0.13,2.0,3.17,259,1.0,2.9
1187,2.679,7.027,0.24,5.4,3.05,357,3.6,0.07
34,2.845,6.954,0.53,2.8,2.01,146,5.9,0.09
1046,2.606,6.762,0.18,1.8,1.41,97,7.2,1.62
3008,2.441,6.173,0.26,0.2,1.8,145,3.1,2.43
1487,2.564,7.145,0.12,1.0,3.29,78,3.4,4.55
5918,2.536,6.715,0.3,0.3,1.79,284,8.1,1.65
314,2.386,7.257,0.26,1.5,2.42,324,6.9,0.06
1457,2.45,7.303,0.22,1.0,2.04,291,7.3,1.83
5957,2.517,5.961,0.3,0.2,3.97,474,0.4,0.18
972,2.704,6.71,0.23,0.4,2.4,135,6.0,2.15
2527,2.61,6.798,0.35,2.8,5.13,471,0.9,0.45
1438,2.468,6.821,0.1,0.3,0.83,375,5.8,1.06
1372,2.556,6.941,0.51,1.0,3.96,347,7.8,0.95
42,2.591,6.994,0.34,2.8,4.69,417,1.5,0.04
2907,2.802,7.341,0.38,0.7,3.11,177,9.2,1.65
140,2.694,6.8,0.3,0.5,2.2,345,6.8,1.81
1658,2.45,6.344,0.34,1.2,4.83,690,0.4,2.09
1777,2.551,6.309,0.01,0.6,0.26,78,5.7,2.05
1320,2.662,7.03,0.24,0.6,2.19,139,7.7,1.5
833,2.839,7.398,0.34,4.0,3.73,404,5.4,0.67
504,2.83,7.256,0.44,2.6,3.8,438,4.6,0.5
1447,2.896,6.314,0.13,0.4,0.49,72,6.0,0.97
5623,2.569,6.676,0.27,0.0,1.98,68,5.7,1.12
2773,2.6,6.782,0.28,0.6,2.22,267,6.7,0.57
7797,2.638,6.85,0.29,2.5,4.7,409,1.1,0.41
149,2.616,6.364,0.4,4.6,4.05,407,0.2,0.74
5670,2.752,6.88,0.47,1.3,2.19,106,7.2,0.76
1598,2.434,6.062,0.19,1.6,0.85,188,2.2,5.1
1211,2.61,7.369,0.22,0.7,3.06,350,6.0,0.58
5872,2.705,6.685,0.06,0.1,1.47,113,7.1,1.61
1510,2.466,6.083,0.24,5.0,2.97,464,0.2,0.44
1659,2.445,5.366,0.23,1.0,3.0,434,0.4,1.95
2110,2.78,5.89,0.13,1.0,0.77,56,6.5,2.93
500,2.669,6.177,0.2,0.2,2.04,314,7.3,1.89
1564,2.826,6.538,0.2,1.0,7.34,164,0.8,0.64
1704,2.684,6.373,0.33,1.3,3.14,441,3.8,0.24
3176,2.66,6.574,0.17,1.0,2.42,295,8.7,2.18
2908,2.455,6.719,0.24,1.1,3.04,406,3.6,0.25
1587,2.55,6.92,0.11,1.2,0.03,305,14.9,2.41
1567,2.769,6.898,0.1,0.2,0.86,207,6.9,3.2
1447,2.588,5.941,0.31,0.2,4.66,685,0.3,0.06
5524,2.629,6.552,0.11,1.8,0.8,152,8.6,1.86
1159,2.53,6.282,0.28,0.2,3.12,678,2.1,3.62
2511,2.34,6.413,0.2,2.3,2.86,386,8.2,0.23
1331,3.016,6.895,0.32,0.5,1.71,5,6.8,1.25
1579,2.571,6.722,0.4,1.4,1.72,436,7.0,1.36
303,2.709,7.217,0.31,1.1,2.64,340,8.8,1.81
6919,2.436,5.963,0.31,0.2,4.01,696,0.7,0.48
1497,2.68,6.56,0.08,0.4,0.78,59,11.0,3.71
2363,2.562,6.751,0.18,1.4,2.64,314,6.2,0.01
1520,2.826,6.324,0.26,1.5,3.5,401,0.1,0.26
110,2.487,6.029,0.34,5.7,3.95,378,0.3,0.7
2673,2.458,6.924,0.04,0.5,0.6,192,8.3,1.31
1182,2.597,6.499,0.12,1.5,0.73,172,6.9,1.72
3991,2.475,6.114,0.19,0.1,2.7,439,3.0,3.1
2906,2.745,6.41,0.22,0.2,4.44,219,5.8,0.79
1016,2.64,6.964,0.3,1.0,3.52,364,5.8,0.6
2992,2.597,6.969,0.14,1.2,0.95,310,4.6,2.98
2507,2.831,7.025,0.01,4.0,1.07,222,5.9,1.53
1928,2.622,6.87,0.2,0.6,1.83,512,1.2,3.53
1958,2.676,6.322,0.08,0.6,3.83,144,5.2,4.91
141,2.665,7.325,0.21,0.4,5.97,94,3.7,3.27
9180,2.422,6.494,0.11,1.1,2.31,161,2.4,4.2
1398,2.804,6.899,0.02,0.6,1.44,92,5.2,3.59
4460,2.66,6.342,0.15,0.4,2.69,272,6.4,1.23
1436,2.694,6.765,0.24,0.8,1.61,326,6.2,1.2
4750,2.55,6.477,0.05,0.7,1.39,400,16.4,2.0
1992,2.574,6.483,0.24,0.2,3.57,409,1.4,0.43
2850,2.264,6.863,0.31,1.5,2.95,387,15.4,0.4
1400,2.65,6.212,0.15,0.3,1.48,77,5.8,1.71
1202,2.592,7.066,0.12,0.5,1.02,80,7.8,2.17
2410,2.519,5.256,0.15,0.6,1.97,411,1.0,3.14
2462,2.5,6.183,0.16,1.2,0.93,698,4.0,2.4
422,2.523,6.159,0.55,4.1,5.81,325,0.5,1.26
3763,2.768,7.316,0.33,0.3,2.93,117,6.0,0.58
7084,2.629,6.432,0.29,0.6,0.01,231,6.0,0.52
1887,2.643,6.585,0.21,0.6,2.9,206,5.9,0.96
1936,2.642,5.881,0.28,1.6,3.66,469,0.7,1.85
1714,2.24,6.268,0.39,3.9,3.87,432,2.4,0.0
1259,2.608,7.392,0.05,1.1,3.07,79,7.2,3.69
3253,2.68,6.543,0.19,0.1,1.14,25,5.3,3.52
1329,2.634,6.931,0.21,0.3,0.6,266,8.1,2.36
3030,2.353,7.281,0.35,1.4,4.73,365,8.8,0.12
936,2.61,6.669,0.2,0.3,0.42,203,13.5,3.14
4057,2.7,6.159,0.31,0.3,2.05,316,8.6,3.12
1724,2.855,5.873,0.11,1.2,0.52,538,5.0,3.7
5002,2.65,5.916,0.32,0.7,4.28,715,0.4,0.33
3306,2.574,6.933,0.29,2.3,3.61,342,8.0,0.65
73,2.67,7.186,0.39,1.9,2.05,321,8.4,1.3
1450,2.628,6.619,0.16,0.1,1.15,178,5.7,1.04
3910,2.77,6.504,0.19,0.5,1.95,53,5.5,2.55
2879,2.418,7.397,0.3,2.7,3.93,212,10.4,1.58
3809,2.787,7.153,0.43,0.8,0.25,246,9.1,1.78
1235,2.608,6.947,0.21,0.5,1.14,247,8.2,1.92
2995,2.824,6.575,0.31,1.1,1.4,59,3.8,1.85
1313,2.553,6.094,0.48,2.2,1.62,196,3.8,0.28
3990,3.015,6.753,0.43,0.7,1.09,245,3.1,1.6
4084,2.676,5.921,0.41,1.9,2.14,57,3.4,0.75
4043,2.585,6.295,0.09,0.2,1.05,116,4.6,4.11
986,2.721,6.369,0.18,1.5,1.95,1,1.3,3.75
1072,2.567,6.573,0.23,0.4,3.35,219,6.0,0.4
168,2.404,7.193,0.09,0.7,5.9,258,2.9,2.1
1065,2.8,6.392,0.07,0.7,3.2,73,4.2,4.55
948,2.64,7.35,0.2,0.2,2.68,172,9.0,0.96
1518,2.604,6.554,0.05,0.0,0.06,363,12.8,1.81
1322,2.854,6.984,0.24,1.0,2.64,206,7.1,1.66
908,2.534,5.958,0.34,0.7,3.92,533,0.6,0.2
3949,2.64,6.89,0.24,0.5,1.8,296,5.7,0.81
124,2.331,6.076,0.27,0.5,5.05,528,0.7,0.79
2559,2.5,6.46,0.06,0.4,0.34,281,10.9,2.37
2307,2.503,6.267,0.03,1.2,1.04,128,4.0,3.0
264,2.574,6.429,0.64,4.8,4.71,408,1.4,0.2
2842,2.747,7.192,0.38,1.8,2.56,418,2.0,0.68
1335,2.728,6.734,0.23,1.1,2.9,412,3.5,0.21
3311,2.555,7.233,0.25,2.6,4.09,285,6.2,1.61
2682,2.48,7.332,0.19,0.5,2.3,169,8.2,4.22
677,2.509,6.263,0.07,1.2,4.12,33,2.4,4.42
3923,2.751,6.724,0.14,0.2,0.39,201,9.3,1.95
3034,2.155,7.104,0.17,0.4,0.65,339,7.4,1.02
1289,2.558,6.708,0.12,1.9,0.34,1,6.0,1.92
1723,2.507,7.008,0.34,2.8,3.56,419,5.6,0.09
1613,2.565,5.674,0.38,1.0,3.83,558,0.2,0.28
836,2.79,5.482,0.18,0.2,1.9,489,5.1,4.14
1373,2.539,6.709,0.2,4.9,4.14,414,2.8,0.25
3258,2.87,6.6,0.25,0.6,4.57,225,5.8,1.22
1053,2.548,6.637,0.05,0.7,2.2,240,8.1,1.07
1106,2.66,6.356,0.14,0.9,0.91,2,9.3,3.92
1395,2.55,6.78,0.03,0.3,0.49,213,10.0,3.26
1523,2.884,6.974,0.28,4.1,4.41,450,3.1,1.26
3306,2.582,6.787,0.18,0.7,2.75,392,9.1,1.11
17,3.011,6.471,0.22,0.4,0.89,95,6.6,3.23
5408,2.58,6.577,0.04,0.2,1.5,319,6.2,0.88
2648,2.811,5.812,0.09,0.9,3.48,391,0.1,3.82
4377,2.431,6.298,0.12,1.4,2.56,260,4.8,3.2
1097,2.654,7.222,0.49,0.9,2.93,255,6.8,0.74
5557,2.823,6.401,0.04,1.6,0.9,545,4.5,2.2
1223,2.63,6.114,0.36,0.2,1.86,242,7.7,2.6
990,2.65,6.872,0.04,2.2,2.77,379,2.8,6.95
