bcr_dir,RunNumberPartNumberID,RunNumber,PartNumber,ca_time,ym_time,Sensor,BoardNumber,ArrayNumber,time_betw_scan_min,CA,CA Humidity,CA Temperature,YM,YM Humidity,YM Temperature,CA_cav_dia,CA_void_cav,CA_cav_depth,Ca_void_mem,CA_overlap_min,CA_overlap_max,YM_void_mem,Class,Tid efter start [timer],2/1 mM Glu/Lac [mM],1 mM H2O2 [mM],40/25 mM glu/lac høj O2,40/25 mM glu/lac lav O2,Sensitivity [pA/µM],t on 10/5 mM glu/lac [s],Lav O2 - Høj O2,Tid i min Glu,50 mM Mannose,35 mM Glycolsyre,2 mM PAM
,26925,R28897,932-029,17-03-2021 23:46,19-03-2021 00:38,Glu,1,11,1161,2.575,28.89,27.35,6.039,27.33,27.07,1178.24,21.214,62.958,28.368,126.603,211.005,26.982,Failed,18.85,1.91,12.3,41.52,41,162,6.2,-0.52,112,12.23,-0.26,-0.12
,27351,R29112,932-029,28-03-2021 15:18,30-03-2021 09:56,Glu,1,12,2757,2.583,31.46,25.69,6.458,28.25,26.58,1171.11,23.287,61.372,27.822,125.99,194.235,30.149,Failed,22.52,1.68,12.2,40.09,39.52,155,12.5,-0.57,195,11.58,-0.52,-0.29
,28283,R29646,932-029,28-04-2021 09:28,29-04-2021 13:34,Glu,3,2,1956,2.26,32.59,25.83,5.235,27.86,26.96,1168.98,23.921,57.049,27.515,99.742,167.987,30.757,Failed,22.3,2.2,9.4,35.86,31.91,1285,5.5,-3.95,21,8.57,-0.24,0.04
,27769,R29334,932-029,13-04-2021 02:00,13-04-2021 23:48,Glu,1,1,1638,2.408,33.73,27.39,6.11,32.2,23.75,1168.28,24.05,63.887,29.818,21.108,168.865,32.98,Failed,25.63,1.87,10.5,41.14,40.56,184,5.1,-0.58,86,13.78,-0.25,-0.09
,27769,R29334,932-029,13-04-2021 02:06,13-04-2021 23:56,Glu,3,10,1638,2.381,33.46,27.42,5.635,32.59,23.66,1171.86,24.798,64.361,30.793,105.541,163.588,33.875,Failed,25.62,2.08,9.9,41.44,39.2,1094,5.4,-2.24,21,10.72,-0.2,0.02
,27076,R28976,932-029,22-03-2021 13:32,23-03-2021 22:06,Glu,8,7,1055,2.25,28.79,27.35,5.89,27.39,26.91,1172.23,22.128,72.148,31.393,105.109,162.919,29.201,Failed,21.87,1.99,9.1,40.38,38.75,143,9.1,-1.63,196,12.72,-0.53,-0.23
,27248,R29049,932-029,24-03-2021 09:06,25-03-2021 03:22,Glu,3,1,2293,2.624,34.68,24.53,5.955,27.29,26.54,1166.77,20.772,61.568,30.254,115.62,183.941,28.972,Failed,22.1,2.02,11.6,37.88,34.91,245,12.4,-2.97,86,10.91,-0.02,-0.01
,27469,R29178,932-029,31-03-2021 15:40,01-04-2021 17:34,Glu,8,14,509,2.609,29.6,27.28,6.468,29.92,25.02,1185.67,21.818,61.125,32.01,120.875,183.941,30.182,Failed,22.63,2.09,11.7,39.71,37.26,253,11.5,-2.45,76,9.46,-0.46,-0.17
,27772,R29337,932-029,13-04-2021 10:06,14-04-2021 08:36,Glu,3,2,2842,2.334,33.94,26.22,6.124,28.55,26.21,1166.31,25.201,64.742,31.542,121.372,205.804,34.694,Failed,20.32,2.08,11.2,42.36,34.52,1779,5.4,-7.84,21,8.42,-0.07,0.02
,27975,R29450,932-029,21-04-2021 09:08,22-04-2021 14:44,Glu,2,16,528,2.276,31.28,27.53,6.513,27.36,26.52,1170.07,24.075,59.664,30.427,110.818,189.973,33.157,Failed,19.28,2.01,11.5,40.26,40.1,159,5.8,-0.16,64,9.2,-0.07,-0.02
,28123,R29559,932-029,25-04-2021 12:32,27-04-2021 11:50,Glu,8,2,2509,2.543,29.81,26.61,6.387,29.8,25.53,1171.5,22.072,59.233,31.799,115.62,162.919,30.495,Failed,22.8,2.14,9.9,35.71,31.77,144,17.4,-3.94,337,12.19,-0.68,-0.07
,27078,R28978,932-029,18-03-2021 13:20,23-03-2021 15:34,Glu,1,6,3212,2.404,32.12,26.66,5.986,28.3,26.38,1174.82,21.144,71.077,31.242,131.386,189.196,29.028,Failed,22.02,1.98,12.6,40.66,39.54,179,6.4,-1.12,21,13.16,-0.01,0
,28189,R29589,932-029,26-04-2021 09:58,27-04-2021 00:14,Glu,3,12,592,2.574,29.66,27.21,5.984,28.45,26.19,1165.26,23.721,62.975,34.398,126.131,183.941,31.225,Failed,22.82,2.06,11.1,41.36,40.48,191,5.7,-0.88,86,9.79,-0.39,0.01
,27669,R29252,932-029,08-04-2021 10:50,09-04-2021 11:00,Glu,1,7,1468,2.069,32.72,25.8,5.889,29.14,25.9,1156.77,23.478,62.759,27.616,120.741,194.235,29.578,Failed,19.43,2.1,16.6,40.83,40.33,143,7.2,-0.5,251,3.24,-0.28,0.05
,27763,R29328,932-029,13-04-2021 00:34,14-04-2021 11:18,Glu,1,2,3263,2.372,32.98,27.18,6.649,27.83,26.96,1173.2,21.898,59.166,29.427,110.778,211.005,30.627,Failed,22.4,2.05,10.7,41.48,39.64,1100,7.1,-1.84,20,6.82,-0.54,-0.02
,27772,R29337,932-029,13-04-2021 10:02,14-04-2021 08:32,Glu,2,5,2844,2.518,33.94,26.21,5.907,28.23,26.35,1159.28,25.515,65.615,32.181,137.203,195.25,35.616,Failed,20.32,2.09,10.8,42.42,37.9,1675,4.2,-4.52,21,9.06,-0.05,0.02
,27940,R29433,932-029,20-04-2021 07:38,20-04-2021 20:38,Glu,1,9,2247,2.488,30.32,27.05,5.602,27.88,26.35,1161.33,23.936,63.527,30.119,121.372,205.804,34.003,Failed,19.15,2.04,10.8,41.39,39.82,1186,5,-1.57,21,9.02,-0.18,-0.08
,27589,R29223,932-029,06-04-2021 10:08,08-04-2021 06:26,Glu,8,1,2231,2.461,34.12,25.04,6.218,29.61,24.88,1164.47,22.115,60.89,26.332,104.992,199.484,29.017,Failed,17.1,1.9,12.4,41.09,40.78,163,5.6,-0.31,101,10.1,-0.45,-0.01
,27968,R29443,932-029,20-04-2021 08:24,21-04-2021 07:20,Glu,8,6,927,2.429,30.29,27.39,5.942,27.85,26.72,1163.4,20.227,58.096,29.26,99.853,173.43,30.122,Failed,25.23,2.04,9.7,40.58,38.4,1042,5.3,-2.18,21,8.07,-0.38,0
,27667,R29250,932-029,08-04-2021 09:20,09-04-2021 07:40,Glu,8,14,929,2.465,30.67,27.16,6.558,29.38,25.73,1151.15,21.967,65.222,32.536,99.853,204.962,29.933,Failed,22.55,2.01,10.1,39.31,36.02,375,11.7,-3.29,64,7.31,-0.22,-0.02
,28105,R29541,932-029,22-04-2021 09:20,23-04-2021 07:40,Glu,3,9,747,2.403,32.89,26.95,5.918,28.37,26.36,1179.36,24.921,57.613,30.98,100.264,211.081,35.565,Failed,19.17,2.15,10.3,39.16,35.78,1034,5.6,-3.38,21,7.73,-0.02,0.03
,28230,R29629,932-029,28-04-2021 11:48,29-04-2021 09:54,Glu,1,1,1903,2.287,34.09,26.06,5.22,29.34,25.92,1174.79,26.35,58.659,33.164,116.095,174.142,36.434,Failed,22.03,2.07,9.7,40.7,38.56,1387,4.8,-2.14,21,9.5,-0.14,0.04
,27581,R29215,932-029,02-04-2021 15:26,06-04-2021 20:02,Glu,3,6,1549,2.712,29.29,26.81,6.422,28.67,26.42,1154.56,20.084,58.971,29.969,120.875,204.962,27.739,Failed,22.35,2.02,13.2,40.81,40.28,186,12.6,-0.53,195,3.22,-0.17,-0.04
,27818,R29365,932-029,13-04-2021 23:18,15-04-2021 12:22,Glu,3,15,1518,2.608,34.07,26.96,6.314,28.07,26.84,1168.13,20.784,57.655,29.911,105.109,189.196,29.462,Failed,22.45,2.01,12.4,41.55,40.7,147,7.9,-0.85,205,9.63,-0.15,-0.05
,28299,R29662,932-029,29-04-2021 01:44,04-05-2021 12:12,Glu,8,3,7194,2.447,32.35,27.04,5.438,27.8,26.93,1166.85,21.11,60.487,30.787,115.62,210.218,29.387,Failed,22.78,2.04,9.3,40.57,39.65,1150,5.3,-0.92,21,7.71,-0.05,0.04
,27069,R28969,932-029,21-03-2021 13:38,22-03-2021 18:02,Glu,1,2,1036,2.589,26.8,28.34,5.785,28.37,26.38,1160.77,24.831,60.395,31.588,116.095,211.081,34.968,Failed,22.32,2.08,9.9,41.96,40.4,1125,4.7,-1.56,21,8.2,-0.04,0.01
,27074,R28974,932-029,21-03-2021 12:02,23-03-2021 00:58,Glu,1,1,1561,2.654,26.13,28.92,6.772,28.25,26.61,1167.93,21.795,72.062,31.564,84.087,194.452,30.683,Failed,22.22,2.1,11.8,41.38,41.13,113,6.5,-0.25,486,11.36,-0.35,-0.19
,27456,R29165,932-029,06-04-2021 01:40,06-04-2021 20:40,Glu,3,9,1558,2.658,29.66,27.26,5.886,28.55,26.21,1213.27,22.236,61.515,31.324,116.053,211.005,28.578,Failed,22.43,1.95,11.3,40.71,40.29,196,5.3,-0.42,112,1.91,-0.03,-0.02
,27777,R29342,932-029,13-04-2021 07:36,13-04-2021 23:42,Glu,8,8,1564,2.41,33.68,26.89,6.253,32.17,23.79,1180.31,25.409,57.956,31.666,121.372,189.973,34.889,Failed,25.53,1.88,11.8,40.71,39.92,194,5.7,-0.79,44,10.41,-0.55,-0.02
,27918,R29411,932-029,18-04-2021 07:14,19-04-2021 12:02,Glu,8,16,1032,2.44,29.41,25.9,6.175,28.47,26.28,1163.51,21.486,62.409,30.76,120.875,189.196,30.316,Failed,22.4,2.07,11,40.6,40.22,1090,6.1,-0.38,21,7.95,-0.01,0.02
,27968,R29443,932-029,20-04-2021 08:08,21-04-2021 06:54,Glu,3,14,935,2.362,29.83,27.26,6.108,27.83,26.51,1163.03,19.978,59.753,28.708,120.875,173.43,29.675,Failed,25.05,2.02,9.9,41.48,39.89,1163,7,-1.59,21,7.74,-0.21,0.02
,28185,R29585,932-029,26-04-2021 07:50,27-04-2021 17:00,Glu,2,5,1709,2.478,29.36,26.95,5.695,31.73,24.14,1164.55,22.521,61.147,32.286,131.386,199.707,31.878,Failed,22.7,2.06,9.7,41.58,39.68,1327,4.7,-1.9,21,6.2,-0.23,0
,27079,R28979,932-029,21-03-2021 11:38,22-03-2021 21:00,Glu,1,11,1399,2.356,26.08,28.77,5.49,28.89,26.08,1163.55,24.689,76.204,30.742,110.818,184.696,32.82,Failed,22.38,2.05,9.9,41.17,39.28,1456,6.1,-1.89,21,10.24,-0.04,0
,28210,R29609,932-029,27-04-2021 02:20,29-04-2021 05:22,Glu,8,14,2260,2.559,32.14,27.56,6.438,28.15,26.1,1168.51,26.126,60.547,32.951,147.757,205.804,35.918,Failed,22.7,2.11,11,41.96,41.28,162,7.1,-0.68,143,7.66,-0.17,-0.06
,27411,R29139,932-029,30-03-2021 10:28,31-03-2021 06:26,Glu,8,14,956,2.371,31.35,27.07,6.292,27.36,26.66,1198.53,20.899,59.196,28.516,137.153,211.005,26.478,Failed,19.67,2.08,12,41.16,40.65,189,6.9,-0.51,75,8.58,-0.31,-0.11
,27766,R29331,932-029,13-04-2021 17:32,15-04-2021 22:12,Glu,1,1,1656,2.38,35.84,25.43,5.985,27.91,26.73,1171.44,21.507,63.222,30.649,110.364,173.43,29.687,Failed,22.37,2.07,12.8,41.44,40.78,129,3.8,-0.66,266,6.17,-0.08,-0.01
,27887,R29399,932-029,19-04-2021 13:42,20-04-2021 04:22,Glu,3,6,861,2.377,31.08,27.16,6.179,27.38,26.82,1166.6,24.714,58.611,29.303,89.243,183.736,32.065,Failed,25,2.06,10.5,40.28,38.91,142,5.8,-1.37,225,10.9,-0.65,0.01
,28108,R29544,932-029,22-04-2021 14:22,23-04-2021 13:00,Glu,8,3,843,2.518,34.32,26.36,5.644,28.02,26.7,1171.47,22.837,65.03,32.905,126.131,194.452,32.332,Failed,22.13,2.08,8.9,40.14,38.38,1024,5.4,-1.76,21,7.03,-0.56,-0.15
,28297,R29660,932-029,29-04-2021 02:58,03-05-2021 09:12,Glu,1,1,3207,2.725,31.95,27.42,6.483,29.13,25.68,1197.92,23.36,56.998,27.91,136.489,178.486,30.734,Failed,22.3,2.02,11,41.2,39.95,1463,5.5,-1.25,21,9.93,-0.46,0.04
,28297,R29660,932-029,29-04-2021 03:00,03-05-2021 09:16,Glu,2,9,3205,2.44,31.95,27.42,5.985,29.07,25.8,1189.57,24.174,59.356,28.104,120.741,167.987,30.672,Failed,22.28,2.07,11,40.77,39.23,1747,5.5,-1.54,21,12.07,-0.37,0.06
,27687,R29270,932-029,08-04-2021 02:22,09-04-2021 06:24,Glu,8,12,1144,2.545,31.04,27.44,7.073,29.71,25.32,1171.05,25.321,62.308,29.907,141.739,199.484,31.245,Failed,21.98,2.06,14.4,40.69,39.97,142,11.4,-0.72,432,3.2,-0.06,-0.01
,27938,R29431,932-029,20-04-2021 09:20,20-04-2021 23:52,Glu,3,13,698,2.449,31.35,26.61,5.6,30.71,24.32,1166.58,24.308,63.461,28.728,115.491,194.235,32.481,Failed,25.17,2.04,9.6,40.75,39.63,1201,6.1,-1.12,21,8.65,-0.14,0.02
,27943,R29436,932-029,19-04-2021 21:52,21-04-2021 11:58,Glu,8,16,2165,2.595,32.57,26.1,6.231,28.64,26.33,1158.6,20.658,61.111,30.865,99.853,183.941,31.062,Failed,21.9,1.98,9.6,40.81,38.8,1169,6.3,-2.01,21,7.89,-0.09,-0.02
,28216,R29615,932-029,27-04-2021 08:04,28-04-2021 16:04,Glu,3,15,1464,2.627,33.06,25.92,6.703,28.23,26.35,1163.74,27.092,64.503,31.766,136.489,178.486,33.336,Failed,24.77,2.11,10.4,39.5,37.9,429,11.6,-1.6,32,9.08,-0.34,-0.04
,27170,R29007,932-029,24-03-2021 01:06,24-03-2021 15:34,Glu,8,12,2014,2.389,29.71,27.11,5.859,29.65,25.45,1168.8,26.793,64.448,31.28,120.741,188.985,33.578,Failed,22.7,2.19,9.8,35.23,30.12,158,27.4,-5.11,196,15.44,-0.2,0.06
,27356,R29117,932-029,29-03-2021 20:30,31-03-2021 09:42,Glu,3,6,1790,2.766,32.89,26.68,5.559,27.17,26.88,1198.08,20.374,56.787,29.812,110.364,194.452,27.385,Failed,26.18,2.07,12.1,40.86,40.69,195,4.6,-0.17,65,10.9,-0.08,0.03
,28031,R29487,932-029,21-04-2021 03:08,21-04-2021 22:08,Glu,1,10,1491,2.607,33.83,25.62,5.738,27.75,26.36,1164.44,19.768,53.706,29.193,131.386,173.43,28.924,Failed,21.87,2.01,9.6,41.21,39.81,1235,5.8,-1.4,21,7.39,-0.11,-0.04
,27198,R29017,932-029,24-03-2021 01:58,25-03-2021 04:50,Glu,2,8,1282,2.373,32.72,25.5,5.755,27.7,26.59,1172.75,22.709,57.994,28.2,121.372,174.142,29.783,Failed,23.4,1.88,12,41.17,40.65,125,5.6,-0.52,243,8.02,-0.14,0.08
,27473,R29182,932-029,31-03-2021 23:22,06-04-2021 17:52,Glu,3,9,1578,2.212,31.61,26.35,5.467,28.54,25.98,1170.7,21.217,59.285,29.182,116.053,211.005,27.34,Failed,17.03,2.08,11.9,40.49,39.22,1173,6,-1.27,21,3.31,-0.27,0.04
,28219,R29618,932-029,27-04-2021 04:26,28-04-2021 05:40,Glu,8,2,1436,2.505,35.82,24.67,6.471,26.91,26.93,1163.17,22.168,64.055,32.786,152.408,183.941,31.061,Failed,22.28,2.18,9.7,37.29,34.41,118,15.1,-2.88,430,13.2,-0.61,-0.21
,28284,R29647,932-029,28-04-2021 10:08,29-04-2021 02:36,Glu,8,13,503,2.077,30.71,27.09,5.457,28.08,26.31,1160.36,25.237,55.44,31.376,15.831,174.142,34.755,Failed,18.85,2.12,9.2,38.99,34.95,1270,5.7,-4.04,21,8.11,-0.06,0.04
,27213,R29032,932-029,23-03-2021 06:54,24-03-2021 08:14,Glu,3,13,1848,2.463,28.12,28.04,5.827,27.7,26.59,1160.96,22.068,59.227,28.07,110.818,189.973,30.286,Failed,25.42,2.01,11.7,41.38,40.35,107,7,-1.03,961,11.84,-0.06,0.12
,27165,R29002,932-029,22-03-2021 08:34,24-03-2021 00:26,Glu,8,3,2060,2.49,26.99,28.02,5.902,27.09,26.98,1155.14,19.93,61.392,29.231,115.62,204.962,27.708,Failed,22.13,1.99,13.8,41.17,40.07,152,6.2,-1.1,138,9.8,-0.05,0.01
,27250,R29051,932-029,24-03-2021 14:20,29-03-2021 19:44,Glu,2,15,819,2.49,31.8,26.1,4.951,28.15,26.12,1183.87,23.783,56.336,27.44,83.993,167.987,29.519,Failed,19.6,2.08,9.8,40.85,40.06,1330,5.2,-0.79,21,10.02,-0.33,-0.06
,27660,R29243,932-029,12-04-2021 20:52,13-04-2021 14:50,Glu,3,10,2294,2.49,31.24,27.51,5.263,28.77,26.26,1176.32,21.985,59.789,31.278,115.62,168.174,32.72,Failed,25.5,2.08,10.2,41.37,39.51,1370,6.5,-1.86,20,9.32,-0.46,0.01
,27218,R29037,932-029,24-03-2021 08:08,25-03-2021 14:22,Glu,2,11,1894,2.471,32.78,25.59,5.874,28.05,26.73,1153.15,22.263,60.564,27.817,100.264,200.527,30,Failed,22.05,1.91,13.5,40.31,39.73,142,5.9,-0.58,196,9.35,-0.09,-0.04
,28131,R29567,932-029,25-04-2021 09:48,26-04-2021 22:24,Glu,3,5,2499,2.31,28.69,26.96,5.86,28.07,26.54,1156.82,23.912,64.018,32.998,100.227,211.005,31.223,Failed,22.73,2.25,9,34.8,30.45,565,6.7,-4.35,21,5.99,-0.29,-0.01
,28331,R29676,932-029,05-05-2021 09:16,06-05-2021 12:32,Glu,3,4,1080,2.642,30.4,27.56,5.341,27.38,26.77,1166.19,24.451,58.723,37.457,104.992,178.486,33.588,Failed,22.42,2.04,9.9,41.05,38.76,1123,5.3,-2.29,21,7.83,-0.05,0.02
,27346,R29107,932-029,26-03-2021 17:08,29-03-2021 09:28,Glu,2,13,1854,2.342,30.64,25.92,5.57,29.87,25.53,1174.2,23.65,60.666,27.826,120.741,204.734,29.823,Failed,22.67,2.05,10.4,40.86,40.16,1047,5.3,-0.7,21,9.7,-0.06,0.02
,28276,R29639,932-029,27-04-2021 19:14,29-04-2021 05:50,Glu,3,2,1584,2.413,34.89,25.46,6.082,27.96,26.51,1176.55,22.01,58.05,32.181,115.62,189.196,32.46,Failed,22.45,2.03,9.2,40.27,38.1,1493,6.3,-2.17,21,5.96,-0.28,0.01
,27082,R28982,932-029,23-03-2021 09:04,24-03-2021 11:14,Glu,2,6,1732,2.553,28.08,27.88,6.061,28.05,26.63,1157.63,23.206,63.379,29.456,94.987,211.081,29.698,Failed,22.13,1.63,14,40.84,40.43,140,7.4,-0.41,196,10.62,-0.11,-0.07
,28128,R29564,932-029,23-04-2021 15:26,26-04-2021 11:32,Glu,8,8,2563,2.658,29.11,27.07,6.193,27.81,26.24,1187.24,20.793,57.846,29.831,89.343,157.663,28.385,Failed,22.77,1.96,10.3,36.93,33.98,231,12.2,-2.95,64,10.59,-0.53,-0.15
,28395,R29706,932-029,03-05-2021 10:10,04-05-2021 16:24,Glu,8,12,1525,2.376,30.91,27.44,5.414,27.78,26.28,1172.38,24.196,61.899,29.575,120.741,209.984,31.643,Failed,24.83,2.01,9.3,40.72,39.24,1171,4.7,-1.48,21,6.76,-0.08,0.03
,27085,R28985,932-029,21-03-2021 09:06,23-03-2021 15:06,Glu,3,14,2652,2.759,26.52,28.22,6.713,28.55,26.17,1157.79,23.349,66.589,29.797,94.987,179.419,31.189,Failed,22.33,2.04,11.2,40.9,38.67,282,13.5,-2.23,96,12.06,-0.26,-0.12
,27670,R29253,932-029,08-04-2021 01:58,08-04-2021 22:50,Glu,8,3,1415,2.3,30.87,27.11,5.675,26.64,27.51,1165.78,21.242,62.936,29.922,142.428,211.005,29.554,Failed,22.28,1.94,11.5,40.79,40.26,137,6.1,-0.53,31,12.84,-0.13,0.01
,27450,R29159,932-029,30-03-2021 15:22,31-03-2021 07:12,Glu,8,10,1024,2.432,32.44,27.18,6.109,28.4,26.91,1164.02,20.162,60.635,29.635,26.277,199.707,27.824,Failed,26.25,1.97,13.5,40.85,40.63,126,5.6,-0.22,283,9.43,-0.18,0.03
,27774,R29339,932-029,13-04-2021 14:52,14-04-2021 13:42,Glu,8,14,1133,2.595,33.67,26.63,6.78,27.8,26.82,1160.29,25.132,65.484,29.809,146.988,199.484,31.598,Failed,21.85,2.01,11.2,41.09,40.11,177,9.5,-0.98,146,10.99,-0.12,-0.01
,28122,R29558,932-029,23-04-2021 14:40,27-04-2021 12:04,Glu,2,12,5418,2.615,29.51,26.21,5.251,30.03,25.9,1169.22,24.019,61.485,29.969,116.095,168.865,32.851,Failed,24.77,2.06,10.2,40.8,40.52,1272,5.7,-0.28,22,5.19,-0.14,0.01
,27712,R29295,932-029,13-04-2021 05:18,15-04-2021 08:20,Glu,3,4,2518,2.434,35.06,26.58,5.598,26.6,26.12,1166.29,23.457,55.327,29.405,110.818,195.25,33.457,Failed,22.58,2.08,9.7,41.42,40.04,1096,5.5,-1.38,21,9.25,-0.05,0.02
,28323,R29668,932-029,29-04-2021 04:32,04-05-2021 23:36,Glu,8,14,5982,2.262,34.07,25.85,6.358,27.11,26.81,1181.4,22.305,59.127,30.533,73.852,211.005,29.093,Failed,21.88,2,13,39.77,39.47,171,8,-0.3,282,6.31,-0.03,0.02
,27256,R29057,932-029,29-03-2021 10:22,30-03-2021 08:00,Glu,2,14,1722,2.589,29.55,27.02,6.081,29.13,26.05,1166.31,20.882,61.772,30.38,110.364,210.218,28.891,Failed,25.07,1.97,10.1,40.75,40.68,177,6.2,-0.07,97,10.22,0.03,0.05
,27708,R29291,932-029,12-04-2021 17:10,13-04-2021 07:52,Glu,1,1,1854,2.583,31.92,26.63,5.502,29.43,25.94,1180.73,23.919,59.666,29.872,89.71,174.142,33.222,Failed,19.37,2.05,10.4,41.46,40.86,1215,5.6,-0.6,21,8.18,-0.37,0.01
,28231,R29630,932-029,27-04-2021 08:56,03-05-2021 18:30,Glu,3,12,5139,2.364,32.2,26.77,6.522,27.86,26.56,1164.94,24.006,59.451,35.166,84.087,173.43,33.296,Failed,21.77,1.98,12.9,40.65,40.31,127,7.3,-0.34,290,8.48,-0.07,0.01
,28332,R29677,932-029,02-05-2021 12:20,04-05-2021 06:02,Glu,1,10,2991,2.623,29.8,26.82,5.996,28.42,26.24,1205.21,21.612,56.652,29.956,105.503,211.005,29.445,Failed,21.72,2.03,11.2,39.93,39.21,1429,5,-0.72,21,9.45,-0.01,0.06
,27518,R29207,932-029,02-04-2021 15:56,06-04-2021 10:32,Glu,2,16,2467,2.559,29.33,26.52,7.186,28.23,26.43,1177.48,25.217,57.791,31.87,94.987,179.419,34.06,Failed,21.18,2.08,11.9,40.94,40.05,240,12.5,-0.89,76,10.46,-0.2,-0.09
,28215,R29614,932-029,27-04-2021 02:54,28-04-2021 12:16,Glu,3,10,1228,2.447,34.52,25.78,5.182,29.39,25.62,1161.69,23.632,68.313,34.904,131.386,199.707,33.098,Failed,24.67,2.06,9.5,40.41,32.51,2025,6.1,-7.9,21,7.92,-0.11,0.02
,27739,R29304,932-029,11-04-2021 14:30,13-04-2021 01:06,Glu,2,11,2274,2.407,31.35,25.43,5.638,28.07,26.47,1170.43,22.005,59.784,30.577,120.875,178.685,30.699,Failed,22.07,2.04,10.3,41.2,39.57,1016,4.4,-1.63,21,8.75,-0.03,0.04
,28185,R29585,932-029,26-04-2021 07:54,27-04-2021 17:04,Glu,3,15,1708,2.443,29.41,27,5.736,32,24.14,1171.33,22.612,61.27,32.727,115.62,189.196,31.929,Failed,22.73,2.04,9.9,40.69,39.37,1212,6.4,-1.32,21,5.92,-0.27,0.01
,27302,R29085,932-029,29-03-2021 15:42,30-03-2021 23:58,Glu,2,1,1566,2.474,30.57,27.25,6.037,27.71,26.65,1173.96,20.544,55.616,28.291,84.402,211.005,28.133,Failed,22.55,2.07,10.6,37.52,33.77,310,11.7,-3.75,35,11.87,-0.23,-0.11
,28277,R29640,932-029,28-04-2021 10:14,03-05-2021 13:02,Glu,2,9,6439,2.016,30.81,27.12,5.088,27.41,26.35,1170.62,22.235,62.605,32.454,110.364,168.174,29.853,Failed,22.27,2.06,10.4,41.17,40.54,1504,4.9,-0.63,21,9.23,-0.25,0.17
,28556,R29790,932-029,05-05-2021 10:46,07-05-2021 04:56,Glu,2,7,918,2.555,31.78,26.65,5.522,30.13,25.55,1172.48,23.354,60.611,33.801,110.364,157.663,31.727,Failed,22.48,1.92,12,40.76,38.62,199,5.8,-2.14,86,11.26,-0.1,0.01
,27213,R29032,932-029,23-03-2021 06:50,24-03-2021 08:08,Glu,2,9,1850,2.634,27.85,27.97,6.051,28.32,26.52,1161.38,22.617,65.297,28.412,94.987,179.419,29.248,Failed,25.4,2.12,10.5,39.96,36.17,258,13.9,-3.79,135,13.81,0.17,0.02
,27464,R29173,932-029,01-04-2021 04:04,06-04-2021 14:36,Glu,8,4,8061,2.431,32.61,25.99,6.293,28,26.81,1160.43,20.082,66.136,30.178,126.131,194.452,28.322,Failed,22.57,2.14,10.1,38.58,34.75,382,15.6,-3.83,166,7.47,-0.07,0.03
,28277,R29640,932-029,28-04-2021 10:10,03-05-2021 12:58,Glu,1,2,6438,2.112,30.77,27.04,5.129,27.38,26.26,1173.18,22.082,57.011,32.051,110.364,168.174,29.893,Failed,22.18,2.05,10.9,40.84,40.52,1088,4.2,-0.32,21,11.04,-0.29,0.13
,27457,R29166,932-029,06-04-2021 00:22,07-04-2021 11:40,Glu,1,2,2270,2.502,30.57,25.94,5.756,28.12,26.68,1177.37,24.507,63.306,28.114,125.99,204.734,31.011,Failed,22.37,2.03,10.7,40.33,33.87,602,5,-6.46,21,10.82,-0.04,0.05
,27223,R29042,932-029,23-03-2021 09:32,24-03-2021 00:38,Glu,2,7,510,2.483,28.4,27.74,5.953,27.65,26.82,1170.36,25.312,59.43,29.263,115.491,178.486,31.766,Failed,22.32,1.96,10.8,40.33,38.47,157,8.4,-1.86,85,11.88,-0.48,-0.31
,28337,R29682,932-029,01-05-2021 09:16,04-05-2021 08:20,Glu,4,9,3213,2.815,28.22,27.07,6.023,28.35,26.1,1201,21.284,56.133,31.277,110.364,194.452,31.512,Failed,19.23,2.03,10.8,40.75,39.43,1721,4.9,-1.32,21,9.73,-0.04,0.01
,27018,R28942,932-029,18-03-2021 03:36,19-03-2021 04:32,Glu,2,6,685,2.474,31.36,26.51,5.867,27.51,26.66,1170.35,20.386,59.546,28.39,126.603,211.005,28.501,Failed,22.23,1.82,11.9,41.82,40.88,159,5.9,-0.94,110,13.48,-0.12,0.01
,27152,R28989,932-029,22-03-2021 16:48,23-03-2021 17:44,Glu,3,2,1376,2.499,27.26,28.82,6.361,28.82,26.08,1161.54,24.027,66.479,27.833,94.493,209.984,29.173,Failed,21.97,2.02,10,41,39.67,171,9.4,-1.33,135,12.25,-0.85,-0.33
,27199,R29018,932-029,23-03-2021 08:10,24-03-2021 22:38,Glu,2,13,2273,2.412,27.44,28.62,5.236,29.83,25.25,1168.89,22.38,58.496,27.746,105.541,200.527,29.724,Failed,22.67,2.04,10.4,40.47,39.35,1019,5.9,-1.12,20,10.96,0.01,0.05
,28325,R29670,932-029,29-04-2021 03:28,03-05-2021 12:30,Glu,3,1,3214,2.711,32.2,27.55,5.891,27.58,26.66,1181.48,23.913,58.43,30.106,116.095,211.081,31.475,Failed,24.85,1.96,12,40.77,39.7,173,4.4,-1.07,101,7.88,-0.2,-0.03
,27083,R28983,932-029,22-03-2021 11:00,24-03-2021 01:52,Glu,8,15,1793,2.349,26.74,28.31,5.853,27.36,26.61,1164.22,20.853,64.555,29.622,73.576,168.174,28.451,Failed,25.4,2.23,10.2,37.74,34.49,379,11.5,-3.25,31,14.15,-0.2,0.03
,27589,R29223,932-029,06-04-2021 09:50,08-04-2021 05:58,Glu,2,11,2230,2.465,34.76,24.97,5.72,29.39,25.66,1169.29,22.825,59.911,27.053,136.489,204.734,29.058,Failed,17.07,1.92,12.1,40.99,40.71,182,5,-0.28,81,11.35,-0.42,0.01
,27153,R28990,932-029,21-03-2021 09:52,23-03-2021 04:10,Glu,2,4,1273,2.714,25.98,28.71,6.821,27.65,26.66,1152.73,20.806,65.897,29.885,89.343,210.218,28.215,Failed,22.2,2.12,11.1,38.78,37.08,216,12.6,-1.7,91,11.05,-0.56,-0.13
,27412,R29140,932-029,30-03-2021 08:50,01-04-2021 12:18,Glu,2,4,712,2.491,32.49,26.31,6.069,28.32,26.61,1171.19,23.419,62.428,27.246,131.24,188.985,28.386,Failed,22.73,1.94,11.8,40.74,40.22,179,6.7,-0.52,96,8.23,-0.65,-0.31
,27497,R29186,932-029,06-04-2021 01:16,06-04-2021 17:06,Glu,3,13,702,2.695,29.85,27.04,6.975,27.12,25.36,1169.91,19.451,56.368,29.596,120.875,204.962,27.137,Failed,22.17,2.07,11.6,39.03,34.57,361,22.5,-4.46,135,7.23,-0.19,-0.09
,27079,R28979,932-029,21-03-2021 11:44,22-03-2021 21:10,Glu,3,16,1397,2.561,26.28,28.8,5.608,28.91,26.24,1177.54,24.238,71.822,29.732,84.432,158.311,32.041,Failed,22.43,2.06,9.7,40.82,38.02,1309,6.4,-2.8,21,12.87,-0.02,0.02
,28222,R29621,932-029,27-04-2021 16:14,28-04-2021 23:30,Glu,3,14,1118,2.606,32.2,26.84,6.075,28.87,25.83,1161.03,22.44,64.988,33.068,136.642,178.685,32.665,Failed,22.5,1.97,9.7,40.06,39.8,144,5.6,-0.26,196,7.16,-0.22,0.02
,27161,R28998,932-029,22-03-2021 11:32,23-03-2021 05:18,Glu,8,6,1075,2.238,30.07,27.14,6.359,27.41,25.92,1177.59,22.402,60.165,31.282,110.778,211.005,30.356,Failed,25.35,2.16,10.7,43.39,35.12,62,20,-8.27,195,13.04,-0.46,0.11
,28117,R29553,932-029,24-04-2021 14:00,26-04-2021 22:56,Glu,2,3,1363,2.447,27.46,27.56,5.171,27.83,26.42,1176.37,24.706,63.559,28.15,131.24,204.734,30.2,Failed,22.7,4.67,10.8,22.71,14.91,2581,3.7,-7.8,21,10.47,0.21,0.31
,28346,R29691,932-029,02-05-2021 10:36,04-05-2021 00:52,Glu,2,7,718,2.616,28.74,26.75,5.507,27.17,26.95,1162.01,25.032,58.22,29.484,78.744,194.235,33.293,Failed,21.73,2.1,13.1,40.7,40.51,163,5.6,-0.19,136,10.33,-0.03,0.13
,27710,R29293,932-029,12-04-2021 15:16,13-04-2021 12:40,Glu,1,4,1918,2.172,31.78,26.72,6.277,29.18,26.29,1159.39,21.467,61.717,31.175,105.109,199.707,30.289,Failed,25.5,2.07,11.2,40.88,40.52,111,5,-0.36,729,9.35,-0.42,0.05
,28447,R29740,932-029,04-05-2021 17:20,05-05-2021 12:00,Glu,8,15,550,2.581,33.68,26.84,6.399,28.39,26.59,1170.4,23.974,55.876,30.611,100.264,184.696,34.404,Failed,22.45,1.75,12.8,40.31,39.93,126,6.8,-0.38,300,7.68,-0.05,-0.11
,27743,R29308,932-029,11-04-2021 08:00,12-04-2021 11:18,Glu,2,9,1639,2.608,28.59,26.66,5.802,27.96,26.42,1173.85,24.838,61.551,31.368,105.541,179.419,34.398,Failed,19.42,1.82,10.7,40.8,39.56,196,6.5,-1.24,101,11.65,-0.11,-0.09
,27897,R29409,932-029,20-04-2021 13:20,21-04-2021 23:30,Glu,8,14,1452,2.176,31.51,26.72,6.126,30.81,24.81,1179.39,21.634,57.584,29.4,105.503,211.005,28.783,Failed,21.82,2.06,10.7,40.89,40.48,152,9.5,-0.41,195,11.06,-0.08,-0.01
,27346,R29107,932-029,26-03-2021 17:04,29-03-2021 09:22,Glu,1,9,1859,2.519,30.37,25.98,5.41,28.81,25.94,1175.25,23.65,63.792,27.717,115.491,188.985,30.352,Failed,22.75,2.05,10.4,41.1,40.89,1027,5.2,-0.21,21,10.05,-0.06,0.03
,27518,R29207,932-029,02-04-2021 16:02,06-04-2021 10:42,Glu,4,16,2465,2.518,29.66,26.42,7.055,28.77,26.42,1173.66,25.398,56.128,32.207,121.372,174.142,33.824,Failed,21.25,2.05,12.8,40.94,40,178,14.3,-0.94,196,10.03,-0.21,-0.1
,28122,R29558,932-029,23-04-2021 14:38,27-04-2021 12:00,Glu,1,7,5427,2.461,29.98,25.8,5.536,30.22,25.69,1166.81,23.971,60.121,29.784,36.939,158.311,32.91,Failed,24.9,2.06,9.8,39.63,38.31,1121,6,-1.32,21,7.82,-0.1,-0.02
,27198,R29017,932-029,24-03-2021 02:20,25-03-2021 04:44,Glu,1,15,1283,2.438,31.33,26.52,6.121,27.96,26.36,1167.23,22.329,56.81,28.182,116.095,189.973,29.25,Failed,23.33,2.09,10.8,38.59,35.56,258,12.8,-3.03,64,12.42,-0.14,-0.01
,27741,R29306,932-029,11-04-2021 09:24,12-04-2021 13:44,Glu,1,9,1076,2.559,28.67,26.82,5.852,28.02,26.22,1170.56,23.755,58.074,29.984,100.264,163.588,33.923,Failed,25.55,2.08,9.6,40.36,38.3,1063,4.9,-2.06,22,7.17,-0.2,0.04
,28285,R29648,932-029,28-04-2021 12:46,29-04-2021 08:40,Glu,3,12,1083,2.509,32.72,25.57,6.577,27.16,26.68,1165.82,21.471,58.76,31.099,105.109,168.174,31.312,Failed,22.52,1.87,10.4,40.21,40.04,140,6.2,-0.17,241,8.33,-0.33,-0.11
,27023,R28947,932-029,18-03-2021 07:48,19-03-2021 03:22,Glu,8,4,852,2.389,32.3,26.4,6.251,26.92,27.18,1143.1,22.771,62.415,29.15,121.372,211.081,31.523,Failed,22.45,1.96,11.2,41.4,40.8,196,5.7,-0.6,76,11.28,-0.15,-0.03
,27931,R29424,932-029,18-04-2021 11:44,19-04-2021 10:54,Glu,1,2,941,2.674,30.2,26.42,6.905,28.35,26.06,1175.23,25.162,58.698,31.442,116.095,179.419,36.548,Failed,22.35,2.07,11.2,40.96,40.92,1262,4.9,-0.04,21,7.14,-0.01,0.02
,28217,R29616,932-029,27-04-2021 14:06,29-04-2021 07:18,Glu,1,16,1700,2.387,34.04,25.57,5.843,28.52,26.54,1161.01,26.264,61.942,30.798,136.489,173.236,33.402,Failed,22.6,2.06,9.9,40.05,38.22,1107,7.2,-1.83,21,6.76,-0.07,0.02
,26938,R28910,932-029,18-03-2021 00:54,18-03-2021 21:52,Glu,1,5,808,2.73,29.21,27.51,6.651,29.41,25.85,1154.31,24.832,66.4,31.774,116.095,200.527,32.519,Failed,18.83,1.69,12.3,41.2,40.78,170,8,-0.42,112,11.02,-0.31,-0.23
,27012,R28936,932-029,21-03-2021 09:46,22-03-2021 17:46,Glu,8,1,1215,2.594,25.93,28.61,7.1,28.08,26.24,1186,24.658,55.686,29.44,104.992,178.486,31.991,Failed,22.35,1.98,11.5,41,40.06,154,11.3,-0.94,196,10.95,-0.16,-0.12
,27020,R28944,932-029,20-03-2021 15:32,22-03-2021 14:38,Glu,3,6,1705,2.593,27.07,27.23,5.89,28.67,25.9,1149.61,22.537,63.558,29.17,137.203,211.081,32.83,Failed,22.42,2.02,9.4,41.89,41.02,1070,4.7,-0.87,22,13.48,-0.04,0.03
,27171,R29008,932-029,22-03-2021 10:00,23-03-2021 18:24,Glu,4,7,1832,2.315,27.39,27.88,6.2,29.18,25.89,1164.66,24.84,58.337,31.436,100.264,174.142,33.081,Failed,25.37,2.14,10,37.69,33.09,286,16.1,-4.6,44,15.22,-0.02,0.05
,27460,R29169,932-029,30-03-2021 18:02,31-03-2021 12:10,Glu,8,4,1216,2.476,32.64,26.47,5.993,29.01,26.79,1175.25,20.93,63.675,31.014,110.364,173.43,28.971,Failed,22.63,2.12,9.5,36.42,33.29,345,13.6,-3.13,31,12.55,-0.25,-0.09
,27589,R29223,932-029,06-04-2021 09:46,08-04-2021 05:54,Glu,1,16,2232,2.305,34.71,24.93,6.085,28.79,26.05,1173.39,22.434,60.029,26.666,125.99,188.985,28.64,Failed,17.02,1.87,13.4,40.98,40.73,134,5.2,-0.25,196,9.98,-0.43,0.01
,28405,R29716,932-029,04-05-2021 02:56,06-05-2021 04:18,Glu,8,11,2698,2.231,33.2,27.02,6.019,28.22,26.54,1179.11,20.08,53.379,29.804,84.087,210.218,29.447,Failed,22.4,2.02,10.2,40.74,38.37,1016,6.1,-2.37,21,7.42,-0.05,0.01
,27678,R29261,932-029,13-04-2021 20:00,14-04-2021 10:32,Glu,8,5,985,2.491,33.31,26.4,6.897,27.85,26.77,1172.76,22.467,59.742,32.457,131.386,183.941,31.69,Failed,21.83,1.66,11.8,40.48,40.02,151,6.8,-0.46,195,10.55,-0.2,-0.01
,27750,R29315,932-029,11-04-2021 10:22,13-04-2021 00:22,Glu,1,5,2671,2.378,28.74,26.77,5.903,28.76,26.08,1164.53,24.443,58.977,30.89,116.095,195.25,34.654,Failed,21.83,2.08,10,40.59,39.13,1055,5.1,-1.46,21,8.19,-0.02,0.03
,27756,R29321,932-029,13-04-2021 12:08,14-04-2021 15:10,Glu,3,4,1054,2.283,32.94,27.12,5.842,28.37,26.35,1177.26,24.042,57.608,28.22,120.741,199.484,30.633,Failed,22.45,1.82,10.2,40.59,40.37,199,5.2,-0.22,75,9.39,-0.26,-0.04
,28121,R29557,932-029,22-04-2021 09:44,27-04-2021 06:14,Glu,2,13,3697,2.616,32.96,26.91,5.604,27.7,26.51,1187.33,23.715,63.789,27.947,125.99,194.235,30.48,Failed,22.13,2.03,10,40.4,34.12,1424,4.2,-6.28,21,4.05,-0.22,-0.05
,28187,R29587,932-029,26-04-2021 06:58,27-04-2021 16:18,Glu,1,1,1752,2.527,30.42,25.83,5.941,30.59,24.42,1174.76,23.601,49.961,28.145,115.491,194.235,32.406,Failed,22.1,2.01,10.5,41.37,38.48,1049,4.2,-2.89,21,5.21,-0.08,-0.02
,28230,R29629,932-029,28-04-2021 11:50,29-04-2021 09:58,Glu,2,1,1907,2.246,34.02,26.01,5.825,28.22,26.22,1180.19,26.559,58.389,33.376,89.71,158.311,37.057,Failed,22.1,2.12,9.4,39.88,37.45,1337,5.3,-2.43,21,7.2,-0.13,0.03
,28275,R29638,932-029,28-04-2021 13:08,29-04-2021 11:18,Glu,2,5,548,2.397,32.46,25.89,6.475,29.14,25.76,1168.63,22.541,60.44,33.18,115.62,210.218,32.817,Failed,22.35,1.83,10.8,39.95,39.23,175,6.2,-0.72,106,10.27,-0.7,-0.11
,27893,R29405,932-029,18-04-2021 10:28,20-04-2021 14:10,Glu,2,4,2559,2.518,29.07,26.81,5.878,28.25,26.21,1155.68,22.155,61.846,31.48,99.853,162.919,31.902,Failed,21.83,1.9,11.2,40,37.76,181,7.9,-2.24,106,13.35,-0.23,0
,27924,R29417,932-029,18-04-2021 12:40,19-04-2021 17:38,Glu,3,2,2351,2.346,30.35,26.49,6.37,28.67,26.28,1189.07,21.238,58.135,29.316,89.677,211.005,28.668,Failed,25.17,1.99,11,40.61,38.94,102,11.3,-1.67,86,10.29,-0.9,-0.13
,28331,R29676,932-029,05-05-2021 09:10,06-05-2021 12:22,Glu,1,15,1080,2.505,30.24,27.51,5.839,27.9,26.58,1168.71,24.724,58.936,29.614,115.491,209.984,33.013,Failed,22.4,2.03,10.2,41.51,39.68,1020,4.9,-1.83,21,7.03,-0.05,0.01
,27082,R28982,932-029,23-03-2021 09:00,24-03-2021 11:10,Glu,1,4,1744,2.484,28.49,27.92,6.038,28.15,26.58,1147.95,23.91,66.132,30.038,73.878,205.804,30.572,Failed,22.12,1.86,13.1,40.62,40,169,6.3,-0.62,135,10.65,-0.06,0.01
,27780,R29345,932-029,13-04-2021 14:56,14-04-2021 10:42,Glu,1,10,2306,2.323,33.18,26.86,5.731,27.26,26.96,1180.92,25.565,59.793,31.863,121.372,184.696,34.399,Failed,22.38,1.94,12.7,41.24,40.5,154,5.6,-0.74,142,11.86,-0.16,0.01
,27974,R29449,932-029,21-04-2021 02:26,21-04-2021 23:46,Glu,3,2,1671,2.647,32.62,26.31,6.459,31.01,24.77,1193.29,24.192,52.956,28.373,115.491,199.484,31.385,Failed,22.88,1.99,10.6,40.94,39.84,1021,6.1,-1.1,20,6.81,-0.59,-0.09
,28029,R29485,932-029,22-04-2021 00:48,22-04-2021 17:58,Glu,3,9,977,2.781,31.24,25.94,5.589,29.65,26.22,1176.14,22.351,57.939,32.375,99.853,162.919,30.711,Failed,21.88,1.99,9.5,40.31,38.71,1046,5.8,-1.6,22,8.02,-0.07,-0.01
,28094,R29530,932-029,22-04-2021 04:46,23-04-2021 06:58,Glu,2,10,951,2.22,33.48,26.01,6.271,28.18,26.56,1177.69,23.1,58.045,31.786,126.603,211.005,32.237,Failed,22.27,2.02,9.6,40.06,38.54,1136,5.2,-1.52,21,5.91,-0.48,-0.13
,28115,R29551,932-029,22-04-2021 03:08,22-04-2021 22:58,Glu,8,7,883,2.596,30.64,27.14,5.999,30.22,24.9,1186.12,20.222,53.859,30.494,126.131,178.685,30.138,Failed,18.88,2.05,10.6,40.83,38.85,1239,6,-1.98,21,5.54,-0.11,0
,27358,R29119,932-029,30-03-2021 07:14,31-03-2021 01:56,Glu,3,3,2635,2.441,31.41,27.07,5.851,28.5,26.31,1161.88,23.208,59.305,29.374,147.757,205.804,32.701,Failed,26.13,2.07,12.1,40.57,40.19,163,5.8,-0.38,135,9.82,-0.07,0.01
,27919,R29412,932-029,18-04-2021 12:16,20-04-2021 01:06,Glu,3,6,1801,2.43,30.98,25.89,5.915,29.29,25.23,1163.35,21.87,54.821,31.67,105.109,168.174,31.272,Failed,22.38,2.07,11.3,40.65,40.21,1144,6.4,-0.44,21,6.54,0,0.03
,27020,R28944,932-029,20-03-2021 15:26,22-03-2021 14:28,Glu,1,6,1706,2.468,27.36,27.12,5.692,29.56,25.6,1158.73,22.565,60.704,28.645,89.71,205.804,32.188,Failed,22.33,2.02,9.6,41.96,40.72,1035,4.8,-1.24,21,9.29,-0.05,0.02
,27076,R28976,932-029,22-03-2021 13:16,23-03-2021 21:40,Glu,3,3,1065,2.256,31.06,26.88,5.624,27.95,26.72,1167.25,21.737,74.587,30.864,99.853,162.919,28.564,Failed,21.85,2.1,8.1,39.62,35.07,364,11.4,-4.55,61,14.32,-0.24,-0.11
,27680,R29263,932-029,12-04-2021 09:40,12-04-2021 23:36,Glu,2,10,622,2.406,29.76,26.86,6.193,27.76,26.45,1178.37,24.583,58.431,28.598,115.491,162.737,30.609,Failed,25.47,2.29,9,37.04,30.9,793,9.6,-6.14,20,13.74,-0.45,0
,27159,R28996,932-029,22-03-2021 15:24,24-03-2021 02:12,Glu,3,6,2615,2.462,26.42,29.12,6.267,27.88,26.28,1166.35,22.279,58.59,32.023,115.62,210.218,31.068,Failed,25.27,1.97,10.8,40.05,37.92,236,11.6,-2.13,65,13.31,-0.13,0
,27204,R29023,932-029,23-03-2021 06:44,24-03-2021 09:24,Glu,8,12,2747,2.492,27.76,27.87,5.659,29.33,25.6,1163.17,19,60.731,27.743,110.364,194.452,26.446,Failed,21.9,1.98,9,40.32,39.4,187,7,-0.92,97,9.03,-0.36,-0.18
,27975,R29450,932-029,21-04-2021 09:10,22-04-2021 14:48,Glu,3,12,525,2.29,31.31,27.55,6.41,27.7,26.45,1175.57,25.061,59.835,31.189,26.385,200.527,33.689,Failed,19.25,2.02,12,41.26,40.61,166,5.6,-0.65,135,7.06,-0.07,0.04
,28217,R29616,932-029,27-04-2021 14:12,29-04-2021 07:28,Glu,3,14,1704,2.292,34.19,25.78,5.778,27.85,26.68,1164.85,27.392,66.319,31.022,110.241,162.737,34.92,Failed,22.73,2.06,9.8,40.68,36.19,2108,5.4,-4.49,20,5.81,-0.05,0.03
,27080,R28980,932-029,21-03-2021 12:48,23-03-2021 00:54,Glu,8,14,1656,2.652,26.64,28.31,6.607,27.54,26.82,1167.66,24.667,77.452,31.167,105.541,211.081,32.843,Failed,25.38,2.1,12.2,41.52,40.96,105,10.6,-0.56,88,12.74,-0.34,0.06
,27156,R28993,932-029,21-03-2021 10:36,23-03-2021 02:38,Glu,8,12,1663,2.364,25.96,28.52,6.718,27.65,26.68,1158.74,22.021,70.308,30.704,94.952,211.005,28.806,Failed,22.32,2.06,10.8,40.64,38.73,125,10.7,-1.91,342,10.99,-0.27,-0.09
,27521,R29210,932-029,05-04-2021 23:04,06-04-2021 21:50,Glu,1,15,2760,2.694,28.33,27.21,7.121,28.17,26.52,1164.78,25.439,58.475,31.979,21.108,174.142,34.621,Failed,21.17,2.08,12.1,41.2,39.84,338,11.9,-1.36,45,3.39,-0.4,-0.11
,28403,R29714,932-029,03-05-2021 10:26,04-05-2021 03:32,Glu,3,11,1204,2.193,31.11,27.42,5.694,27.65,26.77,1191.37,22.097,59.745,28.946,110.778,211.005,28.762,Failed,21.8,2,11.4,40.1,39.54,1055,5.7,-0.56,21,9.19,-0.01,0.08
,28435,R29728,932-029,04-05-2021 04:48,05-05-2021 06:20,Glu,1,10,1223,2.488,34.05,27.09,5.648,28.5,26.29,1171.25,21.43,60.746,31.105,115.62,162.919,30.189,Failed,19.1,2.06,10.3,41.01,40.54,1047,4.7,-0.47,21,8.97,-0.05,0.03
,27771,R29336,932-029,13-04-2021 03:50,13-04-2021 18:18,Glu,2,11,2075,2.189,33.89,27.53,5.847,28.54,25.94,1173.55,25.544,66.385,29.575,115.491,173.236,34.145,Failed,21.77,2.06,10.3,41.06,38.71,1125,5.3,-2.35,20,9.61,-0.05,0.03
,27422,R29150,932-029,30-03-2021 14:42,31-03-2021 08:08,Glu,3,4,907,2.508,32.56,26.98,6.172,28.18,26.63,1153.46,23.316,62.538,29.879,131.926,205.804,31.3,Failed,22.63,1.92,12,40.98,40.58,165,5,-0.4,106,8.52,-0.17,-0.04
,28274,R29637,932-029,27-04-2021 19:56,28-04-2021 14:40,Glu,1,7,1699,2.315,32.99,25.87,6.442,28.44,26.29,1173.52,25.512,53.044,32.214,137.203,211.081,34.882,Failed,22.03,2.2,9.3,33.95,28.91,1012,7.9,-5.04,21,10.95,-0.08,-0.04
,27314,R29097,932-029,25-03-2021 07:34,26-03-2021 15:26,Glu,8,8,1323,2.417,32.32,26.56,6.118,30.1,25.07,1157.15,23.579,65.189,29.875,94.987,205.804,31.354,Failed,22.27,2.06,12.3,40.61,40.16,162,8.4,-0.45,136,7.91,-0.19,-0.05
,27463,R29172,932-029,06-04-2021 15:20,07-04-2021 15:32,Glu,8,1,2379,2.621,33.25,26.45,5.319,28.57,26.42,1179.36,24.441,65.382,31.229,131.926,179.419,33.693,Failed,22.43,2.06,9.5,41,40.03,1096,5.4,-0.97,21,9.88,0.03,0.06
,27314,R29097,932-029,25-03-2021 07:14,26-03-2021 14:48,Glu,1,2,1332,2.473,31.72,26.58,5.57,29.8,25.64,1161.95,22.543,60.122,28.697,79.155,211.081,29.789,Failed,22.28,2.02,14.1,40.34,39.91,188,5.5,-0.43,247,6.85,0.02,0
,27772,R29337,932-029,13-04-2021 10:20,14-04-2021 09:04,Glu,8,3,2846,2.337,34.29,26.43,5.236,27.63,26.59,1164.82,25.303,62.467,31.632,116.095,211.081,35.385,Failed,20.32,2.11,10.9,39.69,30.58,1962,5.4,-9.11,21,13.92,-0.15,0.03
,28332,R29677,932-029,02-05-2021 12:22,04-05-2021 06:06,Glu,2,6,2989,2.331,30.17,26.82,5.774,28.76,26.12,1169.43,22.86,57.542,31.005,116.053,211.005,30.591,Failed,21.67,2.01,11.3,40.19,39.23,1423,4.7,-0.96,22,9.84,-0.01,0.09
,27022,R28946,932-029,22-03-2021 14:28,23-03-2021 14:24,Glu,2,4,1128,2.229,27.63,28.2,5.017,28.28,26.21,1153.36,22.394,60.571,27.016,136.489,194.235,29.823,Failed,22.1,2.1,11.9,41.09,39.12,1116,5.4,-1.97,21,7.69,-0.02,0.03
,27200,R29019,932-029,23-03-2021 05:38,24-03-2021 12:44,Glu,2,5,2517,2.497,29.55,26.58,6.218,28.42,26.61,1171.06,20.854,58.526,28.818,121.328,211.005,26.913,Failed,22.6,1.87,11.8,40.55,40.05,173,6.2,-0.5,96,11.34,-0.09,0.03
,27968,R29443,932-029,20-04-2021 08:02,21-04-2021 06:44,Glu,1,16,942,2.375,29.8,27.26,5.751,27.34,26.43,1168.17,20.472,59.279,29.524,115.62,173.43,30.244,Failed,25.13,2.02,9.8,41.49,41.07,1012,5.2,-0.42,21,9.71,-0.16,0.06
,28029,R29485,932-029,22-04-2021 00:42,22-04-2021 17:50,Glu,1,7,982,2.832,30.66,26.98,5.833,28.57,26.29,1154.74,21.938,57.389,32.229,47.299,173.43,31.24,Failed,21.88,2.01,9.4,41.52,39.6,1226,4.5,-1.92,21,5.38,-0.09,-0.03
,28215,R29614,932-029,27-04-2021 02:50,28-04-2021 12:12,Glu,2,10,1230,2.368,34.34,25.85,5.274,29.16,25.64,1170.34,23.098,68.226,34.028,136.642,194.452,33.003,Failed,24.7,2.06,9.8,41.06,35.75,2093,6.2,-5.31,21,8.44,-0.11,0.03
,28276,R29639,932-029,27-04-2021 19:12,29-04-2021 05:46,Glu,2,13,1588,2.296,34.44,25.48,5.865,28.12,26.24,1162.57,23.513,64.548,34.06,141.897,210.218,33.678,Failed,22.42,2,9.8,40.58,40.11,196,5.3,-0.47,86,6.46,-0.44,-0.05
,27819,R29366,932-029,15-04-2021 15:52,16-04-2021 04:24,Glu,8,16,613,2.235,31.61,27.42,6.278,29.65,25.34,1167.85,21.44,57.115,30.605,89.343,168.174,29.952,Failed,22.55,2,12.6,40.83,40.43,137,5.6,-0.4,195,8.8,-0.09,-0.01
,28132,R29568,932-029,25-04-2021 14:28,27-04-2021 06:58,Glu,3,5,2549,2.407,30.2,26.42,6.673,29.26,26.45,1158.07,23.853,63.359,34.387,110.364,173.43,32.588,Failed,22.85,2.07,9.9,37.41,35.93,133,14.4,-1.48,265,11.24,-1.04,-0.18
,28181,R29581,932-029,24-04-2021 14:26,27-04-2021 00:56,Glu,2,4,4124,2.265,28.27,26.89,6.404,28.49,26.15,1178.24,22.739,59.599,31.065,142.428,211.005,29.837,Failed,24.78,2.14,10.8,39.54,38.63,135,5.8,-0.91,205,9.69,-0.44,-0.01
,28448,R29741,932-029,04-05-2021 13:46,06-05-2021 06:24,Glu,3,11,1726,2.263,35.23,26.21,5.89,27.78,26.65,1166.28,21.751,64.352,32.057,84.087,173.43,31.946,Failed,22.45,2.01,10,35.34,36.01,1105,5.3,0.67,22,8.12,0.03,0.1
,27298,R29081,932-029,25-03-2021 14:32,30-03-2021 00:34,Glu,8,14,2664,2.594,32.27,26.1,6.002,27.85,26.63,1147.45,21.041,60.183,31.578,126.131,204.962,28.336,Failed,25.18,2.09,10.7,41.36,41.21,160,5.6,-0.15,111,8.84,0,0.03
,27468,R29177,932-029,30-03-2021 20:50,31-03-2021 13:46,Glu,2,6,1911,2.274,32.1,25.6,6.426,26.64,26.95,1200.69,23.008,57.182,32.196,21.101,211.005,29.292,Failed,22.17,2.07,10.8,39.19,37.26,301,11.4,-1.93,81,9.84,-0.88,-0.31
,27503,R29192,932-029,06-04-2021 07:36,07-04-2021 04:44,Glu,3,8,3006,2.28,32.72,26.19,5.377,29.56,26.03,1162.82,21.102,63.199,29.163,142.428,211.005,29.307,Failed,22.18,2.07,11.6,40.99,40.51,160,4.4,-0.48,112,12.3,-0.13,0.02
,27882,R29394,932-029,19-04-2021 20:08,20-04-2021 12:40,Glu,2,15,1109,2.278,34.15,26.17,6.414,29.07,25.87,1182.91,22.065,59.951,29.617,110.778,211.005,29.667,Failed,19.18,1.96,11.5,41.34,40.49,184,5.4,-0.85,21,7.81,-0.18,-0.25
,28107,R29543,932-029,26-04-2021 10:38,27-04-2021 14:20,Glu,8,15,1573,2.26,30.5,27.23,6.43,27.83,26.43,1189.15,22.858,59.906,31.238,121.328,211.005,30.325,Failed,22.87,2.09,10.6,39.25,38.97,112,7.8,-0.28,611,8.91,-0.36,-0.11
,28122,R29558,932-029,23-04-2021 14:44,27-04-2021 12:08,Glu,3,9,5418,2.579,29.26,26.54,5.139,29.16,26.08,1171.99,23.723,62.843,29.517,110.818,179.419,32.863,Failed,24.73,2.05,9.9,41.12,40.68,1565,4.9,-0.44,21,7.54,-0.09,0.02
,28403,R29714,932-029,03-05-2021 10:20,04-05-2021 03:24,Glu,1,15,1209,2.107,30.79,27.41,6.154,27.91,26.73,1191.35,22.195,61.016,29.9,126.603,211.005,29.16,Failed,21.77,2.01,11.8,40.46,39.76,1168,4.4,-0.7,20,10.08,-0.01,0.09
,27942,R29435,932-029,20-04-2021 19:52,21-04-2021 13:50,Glu,3,16,2043,2.557,34.07,26.59,5.29,27.98,26.31,1161.94,23.479,58.592,29.439,94.987,179.419,32.45,Failed,22.17,1.89,11.9,40.41,39.77,151,5.8,-0.64,196,10.23,-0.11,-0.09
,28393,R29704,932-029,02-05-2021 13:06,04-05-2021 10:54,Glu,8,5,2284,2.484,29.95,26.95,6.724,26.97,26.91,1176.49,24.427,62.405,28.195,41.997,194.235,32.327,Failed,24.95,1.99,10.1,40.06,39.23,1089,6.8,-0.83,21,9.8,-0.29,-0.08
,26996,R28920,932-029,16-03-2021 21:06,23-03-2021 08:28,Glu,8,6,2240,2.697,31.6,26.15,6.151,28.59,26.61,1171.46,19.536,61.059,28.739,110.364,199.707,27.667,Failed,22.35,1.93,11.2,40.34,39.26,128,8.2,-1.08,254,12.65,-0.45,-0.22
,28230,R29629,932-029,28-04-2021 12:08,29-04-2021 10:24,Glu,8,12,1935,2.114,33.85,26.05,5.781,27.58,26.66,1163.99,27.606,60.556,34.332,105.541,168.865,38.443,Failed,22.13,2.05,9.7,40.84,39.78,1046,4.7,-1.06,21,6.6,-0.15,0.03
,28283,R29646,932-029,28-04-2021 09:26,29-04-2021 13:28,Glu,2,1,1954,2.343,32.47,25.71,5.633,28.07,26.91,1177.99,23.51,57.07,27.525,115.491,209.984,31.067,Failed,22.28,1.96,10.1,39.44,37.47,1124,8,-1.97,21,14.45,-0.8,0
,27299,R29082,932-029,25-03-2021 01:54,26-03-2021 14:42,Glu,8,14,1578,2.623,32.09,26.28,6.623,29.14,25.85,1160.24,23.091,59.59,27.684,136.489,204.734,28.397,Failed,22.2,2.06,12.1,40.63,40.14,180,10.6,-0.49,136,7.65,-0.2,-0.05
,28121,R29557,932-029,22-04-2021 09:40,27-04-2021 06:10,Glu,1,7,3707,2.464,32.76,26.91,5.787,27.48,26.42,1179.29,23.163,59.609,27.042,110.241,194.235,30.073,Failed,22.05,2.06,10.8,40.55,39.71,1139,5.8,-0.84,21,5.29,-0.33,-0.08
,28217,R29616,932-029,27-04-2021 14:08,29-04-2021 07:22,Glu,2,10,1702,2.315,34.07,25.62,5.891,27.71,26.75,1169.78,27.03,67.748,30.653,120.741,162.737,34.385,Failed,22.73,2.09,9.8,40.25,35.94,1472,6.5,-4.31,21,6.99,-0.05,0.02
,28398,R29709,932-029,03-05-2021 12:36,05-05-2021 10:38,Glu,8,2,2006,1.915,34.78,24.88,5.96,27.78,26.66,1181.6,22.343,60.179,30.241,121.328,211.005,30.726,Failed,19.18,2.04,10.8,40.4,39.12,1095,6.2,-1.28,21,6.98,-0.26,0
,27309,R29092,932-029,25-03-2021 09:06,26-03-2021 03:46,Glu,1,1,930,2.593,32.96,25.41,6.22,27.11,26.84,1179.74,23.198,59.362,29.683,126.649,195.25,30.76,Failed,22.4,1.97,11.7,40.33,40,186,6.3,-0.33,81,9.41,-0.19,-0.05
,28394,R29705,932-029,03-05-2021 07:54,04-05-2021 02:34,Glu,3,10,769,2.44,29.33,27.28,6.305,28.57,26.24,1163.09,21.083,65.317,31.035,105.109,189.196,30.812,Failed,24.95,2.03,9.7,40.43,39.11,1564,5,-1.32,21,8.39,-0.24,0.02
,27158,R28995,932-029,23-03-2021 10:38,24-03-2021 03:28,Glu,8,1,975,2.507,29.5,27.32,6.491,27.78,26.75,1170.55,24.975,58.596,31.532,121.372,179.419,33.119,Failed,25.42,2.02,11.5,41.91,41.03,141,8.9,-0.88,196,9.04,-0.07,0.12
,27159,R28996,932-029,22-03-2021 15:40,24-03-2021 02:38,Glu,8,14,2615,2.493,30.24,26.7,6.178,27.9,26.51,1163.13,22.089,62.467,32.068,131.386,204.962,30.13,Failed,25.3,2.05,10,38.21,34.71,238,12.5,-3.5,44,11.08,-0.12,-0.02
,26941,R28913,932-029,16-03-2021 13:30,22-03-2021 18:46,Glu,2,4,1735,2.667,30.54,27.12,6.231,28.5,26.38,1163.73,21.371,66.559,30.493,94.598,157.663,29.216,Failed,25.28,2.09,10,41.13,39.53,109,6.7,-1.6,728,12.49,-0.22,0.06
,27005,R28929,932-029,23-03-2021 07:22,24-03-2021 03:40,Glu,2,5,925,2.476,27.54,28.45,6.385,27.22,26.72,1172.27,25.506,57.31,29.398,104.992,178.486,31.07,Failed,25.32,2.23,9.9,38.15,34.51,270,14.8,-3.64,65,13.19,-0.03,-0.02
,27212,R29031,932-029,23-03-2021 23:00,24-03-2021 14:00,Glu,8,14,2053,2.255,29.75,26.68,6.257,28.59,26.1,1163.35,22.02,56.585,26.136,110.241,204.734,27.531,Failed,22.1,1.93,12.8,40.98,40.53,169,6.5,-0.45,136,10.19,-0.06,0
,27347,R29108,932-029,26-03-2021 15:52,29-03-2021 10:06,Glu,1,14,3215,2.647,28.27,26.89,6.916,29.02,26.01,1177.16,26.467,60.734,33.777,121.372,189.973,34.661,Failed,19.63,2.11,11,40.03,37.6,264,11.8,-2.43,74,11.65,-1.28,-0.45
,27677,R29260,932-029,08-04-2021 10:24,12-04-2021 11:08,Glu,8,7,1399,1.935,33.4,25.23,5.492,28.22,26.15,1180.02,25.252,57.805,29.288,110.241,188.985,32.499,Failed,19.4,2.05,11,41.04,36.99,1220,5,-4.05,21,10.89,-0.17,0.14
,27758,R29323,932-029,14-04-2021 01:20,15-04-2021 20:24,Glu,1,13,1389,2.488,34.15,25.32,5.563,27.24,26.81,1166.78,20.843,60.625,30.252,115.62,194.452,30.115,Failed,22.35,2.08,10.8,41.8,40.87,1127,4.9,-0.93,22,7.29,-0.07,0.01
,27976,R29451,932-029,19-04-2021 15:08,20-04-2021 05:14,Glu,1,13,1748,2.546,31.67,27.19,6.244,27.75,26.61,1185.67,21.863,55.971,30.555,116.053,211.005,29.801,Failed,21.73,2.05,11.2,41.02,40.54,142,5,-0.48,196,10.07,-0.2,-0.1
,27988,R29463,932-029,20-04-2021 09:38,20-04-2021 23:08,Glu,1,11,1886,2.249,30.82,26.59,6.06,30.07,24.74,1169.8,24.741,60.877,30.64,116.095,174.142,33.817,Failed,21.97,2.18,10,36.33,33.52,119,8.9,-2.81,399,13.78,-0.83,-0.01
,27474,R29183,932-029,01-04-2021 01:22,01-04-2021 17:50,Glu,3,6,949,2.507,30.13,27.11,6.064,28.94,25.85,1167.45,23.059,58.31,27.112,120.741,204.734,28.573,Failed,22.62,2.03,12.1,40.92,40.58,183,4.8,-0.34,76,7.97,-0.08,0
,28179,R29579,932-029,24-04-2021 17:24,27-04-2021 11:16,Glu,8,13,3606,2.415,30.42,25.76,5.924,29.33,25.94,1180.71,25.308,59.106,29.173,104.992,183.736,30.543,Failed,22.82,1.98,11.6,40.14,39.67,116,7.6,-0.47,428,8.66,-0.43,-0.04
,27712,R29295,932-029,13-04-2021 05:14,15-04-2021 08:16,Glu,2,2,2518,2.446,34.51,26.59,5.976,28.62,26.06,1173.13,22.948,53.556,28.613,100.264,168.865,33.341,Failed,22.58,2.09,9.6,41.39,39.6,1121,5,-1.79,21,9.34,-0.03,0.02
,27426,R29154,932-029,30-03-2021 15:30,31-03-2021 10:28,Glu,3,12,2228,2.432,32.1,27.25,6.139,28.07,26.96,1163.48,23.749,62.188,28.087,136.489,188.985,29.433,Failed,22.68,2.02,10.9,36.59,33.71,183,17.9,-2.88,135,12.23,-0.29,-0.11
,27708,R29291,932-029,12-04-2021 17:16,13-04-2021 08:00,Glu,3,9,1854,2.512,31.87,26.75,5.804,28.35,26.26,1181.24,23.67,58.644,29.507,94.987,158.311,33.14,Failed,19.37,2.05,10.4,40.21,39.26,1029,6.1,-0.95,21,8.74,-0.12,0.02
,28126,R29562,932-029,25-04-2021 16:30,27-04-2021 04:54,Glu,8,5,1644,2.314,32.02,25.41,6.513,28.35,26.59,1163.56,25.768,60.908,32.236,110.818,211.081,34.698,Failed,19.12,1.79,9.7,39.73,37.59,186,10.8,-2.14,91,9.66,-0.7,-0.28
,27172,R29009,932-029,22-03-2021 17:32,24-03-2021 04:58,Glu,2,8,3052,2.451,26.54,29.26,6.171,28.5,26.42,1165.16,22.325,54.342,31.662,68.321,210.218,29.82,Failed,22.58,2.13,10.2,36.86,32.78,590,13.4,-4.08,31,13.27,-0.05,0
,27681,R29264,932-029,12-04-2021 20:02,13-04-2021 14:14,Glu,3,6,2556,2.509,32.09,27.04,6.431,28.82,26.06,1165.9,25.385,59.258,31.936,131.926,205.804,36.111,Failed,21.87,2.03,11.5,40.38,39.82,180,7,-0.56,91,10.09,-0.09,0.01
,27812,R29359,932-029,14-04-2021 03:26,15-04-2021 10:04,Glu,1,4,1790,2.624,35.67,25.11,6.237,27.65,26.72,1161.68,23.69,58.389,30.106,105.541,205.804,33.277,Failed,22.38,1.62,11.6,40.58,39.22,108,9.1,-1.36,732,12.97,-0.35,-0.16
,28029,R29485,932-029,22-04-2021 01:04,22-04-2021 18:20,Glu,8,10,965,2.598,30.61,27.05,5.432,28.13,25.94,1170.65,21.637,53.765,31.273,94.598,157.663,30.028,Failed,21.87,1.97,9.5,41.41,39.22,1015,5.7,-2.19,21,7.58,-0.11,-0.04
,28323,R29668,932-029,29-04-2021 04:14,04-05-2021 23:10,Glu,2,14,5949,2.205,33.3,26.31,6.209,27.85,26.66,1185.5,22.582,58.315,30.798,110.778,211.005,29.611,Failed,21.65,2,11.8,39.91,39.4,131,5.9,-0.51,283,6.78,-0.03,0.02
,28348,R29693,932-029,01-05-2021 10:58,04-05-2021 05:24,Glu,2,2,3231,2.364,28.57,27.18,6.189,28.18,26.56,1172.25,21.522,56.032,31.735,136.642,199.707,30.494,Failed,24.93,1.99,12.6,40.8,40.04,184,5.2,-0.76,81,9.89,-0.11,0.09
,27292,R29075,932-029,29-03-2021 07:20,31-03-2021 07:26,Glu,3,16,920,2.542,30.72,26.05,6.279,29.34,25.76,1176.08,23.762,61.37,27.848,78.744,178.486,28.904,Failed,22.57,1.75,12.2,39.24,37.9,135,10.2,-1.34,249,12.2,-0.2,-0.18
,27738,R29303,932-029,12-04-2021 13:00,13-04-2021 04:30,Glu,1,5,2131,2.262,30.96,26.88,5.377,27.93,26.49,1172.98,24.965,59.727,30.721,21.108,200.527,35.058,Failed,19.32,2.06,10.6,40.56,39.32,1222,5,-1.24,21,9.07,-0.09,0.05
,27810,R29357,932-029,13-04-2021 08:02,13-04-2021 22:34,Glu,8,2,1098,2.373,33.31,27.11,6.065,28.62,25.22,1172.99,20.726,58.82,30.286,115.62,168.174,31.091,Failed,21.85,2.05,10.1,41.19,39.86,1117,5.2,-1.33,20,6.39,-0.06,0.03
,27880,R29392,932-029,19-04-2021 09:46,19-04-2021 23:22,Glu,3,4,1065,2.522,30.1,26.77,6.511,27.36,26.61,1166.52,24.235,59.682,30.39,105.541,211.081,32.477,Failed,25.12,2.04,12.3,41.66,41.54,117,8.9,-0.12,455,10.86,-0.87,-0.13
,28387,R29698,932-029,03-05-2021 09:04,04-05-2021 01:28,Glu,2,2,651,2.383,31.09,26.52,6.182,27.9,26.54,1171.56,24.105,61.082,30.285,110.818,211.081,33.161,Failed,20.2,1.89,12.9,41.06,40.69,173,6,-0.37,91,11.29,-0.53,0.11
,27081,R28981,932-029,23-03-2021 10:14,24-03-2021 06:14,Glu,8,15,1873,2.608,30.24,26.79,6.071,29.01,25.83,1166.13,20.718,66.608,30.16,99.853,210.218,28.108,Failed,22.08,1.85,12.5,39.92,38.36,197,7.8,-1.56,82,8.87,-0.04,-0.03
,27472,R29181,932-029,02-04-2021 17:34,06-04-2021 19:22,Glu,3,11,2140,2.478,31.38,25.39,6.277,28.39,26.17,1179.71,22.537,53.362,28.374,121.372,168.865,30.084,Failed,26.27,2.08,12,40.32,37.7,492,16.4,-2.62,65,6.98,-0.14,0.01
,28277,R29640,932-029,28-04-2021 10:16,03-05-2021 13:06,Glu,3,7,6437,2.191,30.87,27.11,5.81,27.68,26.31,1170.4,22.633,56.434,33.085,105.109,173.43,30.8,Failed,22.28,2.03,10.6,40.83,40.22,1122,5.2,-0.61,22,9.23,-0.4,0.1
,28385,R29696,932-029,04-05-2021 03:46,04-05-2021 19:44,Glu,8,7,883,2.521,32.99,27.42,5.984,27.41,26.42,1165.88,24.207,53.658,30.645,121.372,205.804,34.202,Failed,24.92,2.04,10.9,40.68,39.83,195,5.9,-0.85,91,9.12,-0.19,-0.02
,27779,R29344,932-029,17-04-2021 16:18,19-04-2021 10:18,Glu,3,14,2390,2.42,30.1,26.03,5.358,28.69,26.01,1195.49,25.838,60.519,29.898,120.741,178.486,32.406,Failed,22.28,2.07,11.3,42.14,40.61,1513,4.7,-1.53,21,7.65,0,0.03
,27890,R29402,932-029,19-04-2021 12:22,20-04-2021 03:38,Glu,2,3,951,2.528,32.84,26.1,5.656,27.43,26.61,1158.47,21.727,60.851,31.433,99.853,173.43,31.382,Failed,25.12,2.01,9.7,41.85,40.38,1148,5.2,-1.47,21,10.87,-0.28,-0.02
,28281,R29644,932-029,28-04-2021 08:30,29-04-2021 03:10,Glu,8,16,725,2.513,29.7,27.25,5.933,27.29,26.61,1157.83,20.958,56.188,31.256,120.875,194.452,31.351,Failed,18.87,2.05,9.7,41.24,40.26,1032,4.2,-0.98,21,4.6,-0.07,-0.01
,27207,R29026,932-029,24-03-2021 12:30,25-03-2021 23:00,Glu,8,8,1382,2.533,31.36,26.45,5.539,27.7,27.02,1178.17,22.109,60.775,25.887,115.491,178.486,28.53,Failed,21.33,2.09,10.9,41.45,41.06,162,5,-0.39,101,10.23,-0.15,0.06
,27475,R29184,932-029,01-04-2021 09:48,06-04-2021 12:48,Glu,3,16,6512,2.545,30.96,26.56,6.48,27.51,26.82,1172.81,22.516,58.177,26.629,125.99,199.484,29.062,Failed,17.12,1.92,11.2,38.81,37.26,157,11.1,-1.55,136,10.81,-0.85,-0.05
,27761,R29326,932-029,12-04-2021 10:54,13-04-2021 02:08,Glu,8,8,2103,2.215,30.02,27.39,5.515,27.51,26.38,1171.69,24.509,61.765,30.046,110.818,163.588,34.153,Failed,22.1,2.06,10.8,41.38,37.78,1432,4.1,-3.6,21,9.06,-0.02,0.04
,28235,R29634,932-029,27-04-2021 17:52,03-05-2021 11:22,Glu,3,16,4133,2.551,32.32,26.93,5.383,27.9,26.42,1156.71,22.052,62.75,32.662,136.642,194.452,32.51,Failed,21.62,2.05,10.8,40.12,39.64,1206,4.3,-0.48,21,8.05,-0.01,0.07
,27073,R28973,932-029,18-03-2021 03:12,19-03-2021 08:46,Glu,3,1,644,2.397,30.35,27.42,6.19,27.86,26.91,1162.29,25.11,70.827,31.632,84.432,179.419,33.873,Failed,22.42,2.04,11.4,41.06,40.39,135,6.6,-0.67,236,12.57,-0.24,-0.06
,27079,R28979,932-029,21-03-2021 11:40,22-03-2021 21:06,Glu,2,3,1399,2.45,26.28,28.78,5.292,28.92,26.01,1175.96,24.142,71.402,29.952,94.987,174.142,31.911,Failed,22.42,2.05,9.9,41.66,38.99,1530,5.8,-2.67,21,12.05,-0.02,0.03
,27160,R28997,932-029,22-03-2021 09:02,23-03-2021 09:12,Glu,8,6,1238,2.43,28.18,27.51,6.411,29.75,25.69,1178.81,21.825,57.155,30.979,84.402,211.005,29.532,Failed,22.33,2.04,11.2,41.11,39.15,441,11.4,-1.96,32,12.8,-0.41,-0.16
,27686,R29269,932-029,07-04-2021 22:40,08-04-2021 15:24,Glu,2,12,1495,2.296,31.23,25.64,6.871,29.36,25.96,1139.35,26.139,63.953,33.602,147.757,205.804,35.09,Failed,22.17,2.06,12.9,40.86,40.29,150,6.4,-0.57,196,10.41,-0.12,-0.04
,27931,R29424,932-029,18-04-2021 11:50,19-04-2021 11:02,Glu,3,10,932,2.445,31.68,25.41,5.732,27.81,26.24,1164.84,24.654,61.102,30.927,110.818,168.865,34.465,Failed,22.42,2.08,11.1,40.67,40.45,1001,5.6,-0.22,20,7.88,-0.01,0.01
,28387,R29698,932-029,03-05-2021 09:06,04-05-2021 01:32,Glu,3,2,651,2.31,30.77,26.81,5.64,27.43,26.63,1182.08,24.276,57.912,30.459,100.264,184.696,33.221,Failed,20.22,2.06,10.6,41.16,40.41,1598,4.5,-0.75,21,9.38,-0.29,0.05
,27700,R29283,932-029,12-04-2021 15:42,13-04-2021 06:04,Glu,1,13,2593,2.029,31.93,26.77,5.663,28.96,26.12,1188.19,22.296,64.244,30.699,110.778,211.005,29.957,Failed,19.25,2.03,11,41.23,40.71,1025,6,-0.52,20,8.74,-0.07,0.04
,27667,R29250,932-029,08-04-2021 08:56,09-04-2021 07:14,Glu,2,12,953,2.461,30.25,27,6.802,29.5,25.27,1156.72,21.193,62.735,31.123,120.875,204.962,28.871,Failed,22.55,1.98,11.3,39.99,37.36,391,11.9,-2.63,35,6.63,-0.22,0
,28233,R29632,932-029,27-04-2021 19:32,28-04-2021 13:32,Glu,1,15,2256,2.334,35.1,25.36,6.009,28.7,26.22,1170.73,27.223,57.025,31.693,131.24,188.985,34.547,Failed,22.45,2.09,8.6,38.77,35.23,1225,8,-3.54,21,8.77,-0.15,-0.01
,28395,R29706,932-029,03-05-2021 09:50,04-05-2021 15:54,Glu,1,11,1519,2.36,30.54,27.21,5.532,29.5,25.25,1172.62,23.671,61.976,27.16,104.992,209.984,33.319,Failed,24.87,2.01,9.5,40.53,39.26,1165,4.7,-1.27,21,7.2,-0.08,0.04
,27175,R29012,932-029,23-03-2021 11:44,24-03-2021 11:54,Glu,2,10,2449,2.449,30.74,27.05,5.916,28.17,26.51,1161.9,18.897,59.536,27.738,105.109,178.685,26.735,Failed,22.68,1.98,12,41.1,40.08,183,7.3,-1.02,96,11.72,-0.06,0
,27405,R29133,932-029,30-03-2021 07:58,31-03-2021 01:06,Glu,8,12,1843,2.543,31.31,27.41,6.074,28.87,25.92,1174.86,20.611,59.872,30.086,136.642,204.962,27.987,Failed,22.92,1.85,11.6,40.55,39.54,188,6.9,-1.01,86,7.11,-0.57,-0.14
,27679,R29262,932-029,11-04-2021 13:34,12-04-2021 19:34,Glu,2,10,3023,2.432,31.14,25.55,5.941,28.79,26.05,1197.35,22.146,58.995,29.928,110.778,211.005,29.572,Failed,22.18,2.06,11.1,40.68,36.99,111,10.9,-3.69,844,13.5,-0.14,-0.05
,27753,R29318,932-029,13-04-2021 00:16,13-04-2021 19:00,Glu,3,4,601,2.219,32.27,27.56,5.923,28.57,26.26,1171.07,23.829,59.034,29.814,110.818,179.419,35.746,Failed,21.88,2.05,9.9,41.17,37.38,1572,3.6,-3.79,21,9.04,0,0.05
,27882,R29394,932-029,19-04-2021 20:12,20-04-2021 12:44,Glu,3,11,1107,2.308,34.04,26.31,6.035,28.5,25.98,1184.47,21.498,58.654,29.449,116.053,211.005,30.27,Failed,19.2,2.01,11.7,41.01,40.25,158,6,-0.76,146,9.89,-0.13,-0.12
,28088,R29524,932-029,21-04-2021 11:56,22-04-2021 14:10,Glu,2,7,1154,2.328,33.16,27.32,5.908,27.49,26.51,1161.42,24.887,58.938,29.293,125.99,194.235,32.066,Failed,19.15,2.04,10.5,40.48,39.44,199,5.2,-1.04,76,7.04,-0.13,0
,28398,R29709,932-029,03-05-2021 12:18,05-05-2021 10:12,Glu,2,12,2019,2.125,35.18,24.97,6.438,29.46,25.69,1192.66,22.821,63.625,30.726,137.153,211.005,30.215,Failed,19.12,2.06,12.6,40.55,39.98,116,5.5,-0.57,298,7.05,-0.4,-0.17
,27422,R29150,932-029,30-03-2021 14:36,31-03-2021 08:00,Glu,1,15,908,2.298,32.72,26.91,6.232,28.65,26.13,1167.84,23.218,60.48,28.882,121.372,189.973,30.502,Failed,22.57,1.84,13.7,40.94,40.55,111,5,-0.39,427,9.04,-0.17,-0.11
,27660,R29243,932-029,12-04-2021 21:08,13-04-2021 15:12,Glu,8,15,2285,2.449,31.09,27.62,6.61,28.1,26.45,1180.74,22.921,58.794,32.522,110.364,210.218,33.713,Failed,25.6,2.06,10.8,40.9,36.56,1045,9.9,-4.34,20,8.69,-0.69,0
,27686,R29269,932-029,07-04-2021 22:58,08-04-2021 15:52,Glu,8,9,1496,2.52,31.53,26.51,6.292,28.57,26.03,1154.85,26.626,59.812,33.627,126.649,200.527,34.481,Failed,22.15,1.87,13.4,39.23,39.08,140,7.8,-0.15,269,10.36,-0.37,-0.18
,28023,R29479,932-029,21-04-2021 08:36,22-04-2021 12:48,Glu,2,7,1052,2.657,32.24,27.12,5.771,28.25,26.58,1181.07,20.278,54.091,29.886,120.875,173.43,29.001,Failed,19.15,2.34,10.2,37.28,34.58,195,11.5,-2.7,86,12.17,-0.09,-0.01
,28117,R29553,932-029,24-04-2021 14:18,26-04-2021 23:20,Glu,8,12,1337,2.46,29.31,26.21,6.142,27.49,26.65,1179.07,24.54,62.886,28.135,125.99,204.734,30.927,Failed,22.77,2.09,10,39.68,37.86,189,8.6,-1.82,86,10.84,-0.66,-0.1
,27411,R29139,932-029,30-03-2021 10:14,31-03-2021 06:00,Glu,3,14,979,2.271,31.55,27.04,6.089,27.88,26.35,1179.82,21.598,61.923,29.985,131.878,211.005,26.862,Failed,19.65,1.98,12.4,41.73,41.45,108,5.8,-0.28,733,10.96,-0.3,-0.13
,27746,R29311,932-029,12-04-2021 22:12,13-04-2021 16:46,Glu,8,9,1287,2.279,34,26.72,5.922,27.85,26.63,1181.03,23.476,59.679,27.539,120.741,178.486,32.561,Failed,22.15,2.1,10.6,40.44,35.7,1075,7,-4.74,21,9.6,-0.07,0.01
,27759,R29324,932-029,12-04-2021 23:06,13-04-2021 15:38,Glu,2,4,2431,2.049,32.54,27.53,5.784,28.07,26.43,1192.39,22.158,58.739,29.862,126.603,211.005,31.803,Failed,21.78,2.05,10.2,40.56,33.93,1328,5.9,-6.63,20,10.34,-0.02,0.05
,27712,R29295,932-029,13-04-2021 05:12,15-04-2021 08:12,Glu,1,2,2516,2.558,34.52,26.52,5.821,28.62,26.17,1169.16,23.243,55.419,29.392,110.818,195.25,33.917,Failed,22.45,2.17,9.5,40.53,37.26,1279,5.5,-3.27,20,8.73,-0.02,0.02
,27220,R29039,932-029,22-03-2021 19:14,23-03-2021 16:20,Glu,3,2,614,2.583,27.12,29,7.08,28.22,26.17,1163.31,20.845,56.499,30.78,115.62,178.685,29.769,Failed,22.18,1.99,10.4,37.26,33.61,236,25.3,-3.65,76,12.85,-0.57,-0.23
,27523,R29212,932-029,02-04-2021 18:22,06-04-2021 14:44,Glu,1,5,2815,2.383,31.03,25.75,7.063,28.82,26.08,1171.03,21.272,60.686,29.19,121.328,211.005,27.288,Failed,22.12,1.79,14.9,40.75,40.09,188,10.9,-0.66,136,2.35,-0.08,-0.02
,27467,R29176,932-029,30-03-2021 20:24,31-03-2021 14:36,Glu,2,10,1906,2.523,32.93,25.48,5.137,27.73,26.88,1158.31,22.045,66.503,32.357,126.131,194.452,30.268,Failed,22.72,2.11,10.4,38.98,37.05,1132,6,-1.93,20,9.23,-0.1,0.02
,27787,R29352,932-029,13-04-2021 13:22,14-04-2021 13:48,Glu,1,5,2211,2.358,32.37,27.14,6.756,27.17,26.86,1179.41,24.889,58.986,31.365,126.649,179.419,34.692,Failed,22.48,2,12.2,40.34,39.77,144,10.5,-0.57,244,9.48,-0.17,-0.11
,27830,R29377,932-029,15-04-2021 02:54,15-04-2021 21:44,Glu,3,4,1187,2.389,31.93,27.58,5.682,28.54,26.28,1161.61,24.329,58.762,30.795,94.987,195.25,33.47,Failed,22.52,1.83,11.5,40.87,40.68,111,5.8,-0.19,604,10.55,-0.06,0.08
,27968,R29443,932-029,20-04-2021 08:06,21-04-2021 06:48,Glu,2,1,942,2.612,29.66,27.25,6.023,27.75,26.36,1174.07,19.577,58.314,28.694,115.62,162.919,30.444,Failed,25.02,2.06,9.7,42.02,40.64,1048,4.6,-1.38,21,7.36,-0.2,0.01
,27971,R29446,932-029,20-04-2021 08:54,20-04-2021 23:04,Glu,8,3,1036,2.135,30.15,26.91,5.769,31.01,24.79,1177.55,22.146,59.797,29.602,121.328,211.005,29.534,Failed,21.9,2.02,10.8,40.17,40.15,191,5.6,-0.02,86,13.68,-0.3,0.06
,27417,R29145,932-029,30-03-2021 05:18,31-03-2021 01:16,Glu,2,14,2068,2.43,31.41,26.98,6.142,28.6,25.85,1171.6,23.717,61.412,27.981,141.739,199.484,28.775,Failed,22.57,2,12.6,41.03,40.78,166,6.3,-0.25,135,9.76,-0.5,-0.25
,27521,R29210,932-029,05-04-2021 23:10,06-04-2021 21:58,Glu,3,6,2761,2.628,28.4,27.28,7.005,27.46,26.63,1166.83,25.868,56.087,32.555,100.264,168.865,34.327,Failed,21.12,2.04,12.5,41.07,39.87,317,13.6,-1.2,65,3.72,-0.12,-0.05
,27779,R29344,932-029,17-04-2021 16:14,19-04-2021 10:14,Glu,2,12,2393,2.288,29.97,25.98,5.57,29.19,25.98,1197.35,25.424,59.219,29.438,115.491,162.737,32.343,Failed,22.32,2.06,11.6,40.73,40.77,1323,5.1,0.04,21,7.98,0.01,0.03
,28403,R29714,932-029,03-05-2021 10:22,04-05-2021 03:28,Glu,2,2,1207,2.107,30.89,27.39,5.418,27.88,26.77,1176.78,22.309,62.651,30.074,116.053,211.005,28.995,Failed,21.8,2.01,11.2,39.99,39.32,1187,4.7,-0.67,20,9.73,0,0.13
,27697,R29280,932-029,11-04-2021 08:32,12-04-2021 17:46,Glu,3,1,1356,2.476,28.37,26.81,6.17,28.64,25.83,1180.33,24.521,62.196,28.245,110.241,167.987,31.123,Failed,22.17,2.11,10.4,40.58,38.98,1064,6.4,-1.6,21,9.06,-0.03,0.01
,28338,R29683,932-029,01-05-2021 13:06,04-05-2021 19:50,Glu,1,2,3949,2.45,32.32,25.43,5.879,27.43,26.59,1164.58,21.558,58.344,31.303,99.853,199.707,31.885,Failed,21.28,2.03,11,41.29,39.94,1205,4.4,-1.35,21,5.46,-0.02,0.05
,27210,R29029,932-029,29-03-2021 08:28,30-03-2021 02:52,Glu,1,10,1930,2.356,29.16,26.96,6.275,28.79,26.1,1182.36,20.844,60.795,27.612,121.328,211.005,27.417,Failed,19.78,1.94,11.4,40.1,39.88,169,7.1,-0.22,102,8.77,-0.69,-0.15
,28323,R29668,932-029,29-04-2021 04:16,04-05-2021 23:14,Glu,3,6,5962,2.023,33.36,26.28,5.88,27.85,26.72,1157.68,22.002,59.634,30.241,116.053,211.005,29.28,Failed,21.68,1.93,13.2,39.49,39.41,116,5.5,-0.08,450,7.14,0.01,0.07
,27082,R28982,932-029,23-03-2021 09:06,24-03-2021 11:20,Glu,3,8,1732,2.627,27.95,27.92,6.412,27.51,26.66,1168.68,22.81,62.902,28.682,84.432,168.865,30.164,Failed,22.1,2.18,11.8,37.55,33.72,226,17,-3.83,76,13.14,-1.14,-0.47
,28235,R29634,932-029,27-04-2021 17:50,03-05-2021 11:18,Glu,2,15,4135,2.441,32.15,26.93,5.507,27.76,26.45,1162.34,22.962,60.617,33.767,147.152,199.707,32.86,Failed,21.65,2.02,10.9,40.35,39.83,1260,4.8,-0.52,21,8.87,-0.03,0.09
,27470,R29179,932-029,06-04-2021 04:30,06-04-2021 23:14,Glu,2,7,2018,2.593,34.98,24.97,5.628,27.85,26.17,1158.92,24.558,62.302,30.96,121.372,205.804,33.276,Failed,21.18,2.09,13,40.82,40.29,164,5.6,-0.53,36,2.02,-0.12,0.01
,27817,R29364,932-029,13-04-2021 16:52,14-04-2021 17:34,Glu,4,2,1890,2.504,32.71,27.14,5.487,28.03,26.36,1171.57,23.366,57.878,26.993,110.241,188.985,29.855,Failed,19.32,2.03,10.8,41.46,40.95,1015,4.7,-0.51,21,9.74,-0.11,0.03
,27302,R29085,932-029,29-03-2021 15:44,31-03-2021 00:02,Glu,3,6,1563,2.299,30.47,27.23,5.934,27.85,26.66,1173.26,21.098,56.002,29.394,116.053,211.005,27.501,Failed,22.62,1.76,11.6,42.62,42.71,133,6.4,0.09,252,10.56,-0.55,-0.34
,27778,R29343,932-029,13-04-2021 01:40,13-04-2021 20:56,Glu,2,11,862,2.416,34.05,27.16,5.661,26.96,26.72,1212.42,25.287,54.785,29.456,104.992,157.488,31.938,Failed,25.55,2.08,10.1,41.88,40.35,1138,5.8,-1.53,21,8.24,-0.35,0.02
,27779,R29344,932-029,17-04-2021 16:12,19-04-2021 10:10,Glu,1,10,2397,2.283,30.17,25.87,5.222,29.21,25.9,1191.26,24.895,59.031,28.781,115.491,167.987,31.687,Failed,22.28,2.08,10.9,41.34,39.72,2037,5.5,-1.62,21,9.13,0.01,0.04
,27167,R29004,932-029,23-03-2021 06:20,24-03-2021 11:04,Glu,8,4,1715,2.414,29.02,26.95,6.121,27.63,26.63,1171.83,25.305,60.913,29.734,125.99,204.734,31.124,Failed,25.3,1.99,11,40.88,39.98,176,7.2,-0.9,107,13.2,-0.07,0.01
,28215,R29614,932-029,27-04-2021 03:12,28-04-2021 12:40,Glu,8,11,1221,2.551,35.2,25.83,5.77,28.52,25.62,1169.09,22.506,60.772,33.642,147.152,199.707,33.105,Failed,24.77,2.04,10.1,40.97,36.11,1193,8.2,-4.86,21,7.67,-0.17,-0.05
,27345,R29106,932-029,25-03-2021 14:06,26-03-2021 09:32,Glu,8,15,682,2.257,32.02,26.35,6.025,27.96,26.49,1184.13,24.627,56.44,28.595,104.992,194.235,30.57,Failed,22.37,2.02,11.4,40.6,39.18,185,8.8,-1.42,102,11.7,-0.17,-0.05
,27413,R29141,932-029,30-03-2021 09:14,31-03-2021 12:54,Glu,2,10,2704,2.385,32.15,26.72,5.977,27.63,26.56,1165.55,23.189,60.738,29.022,121.372,205.804,30.519,Failed,22.65,2.15,10,35.84,32.86,257,13.6,-2.98,86,11.63,-0.76,-0.38
,27880,R29392,932-029,19-04-2021 09:44,19-04-2021 23:18,Glu,2,5,1066,2.48,30.24,26.73,6.832,28.18,26.61,1161.19,24.009,60.534,30.256,84.432,184.696,32.999,Failed,25.1,2.01,11.6,40.01,38.53,157,11.2,-1.48,156,10.8,-0.89,0.09
,28292,R29655,932-029,02-05-2021 13:16,04-05-2021 17:16,Glu,3,11,2988,2.272,29.92,26.96,5.256,28.89,26.15,1162.56,22.832,66.194,32.986,99.853,168.174,33.196,Failed,21.77,2.06,10,39.41,38,1261,5.1,-1.41,21,7.47,0.03,0.08
,28394,R29705,932-029,03-05-2021 07:48,04-05-2021 02:26,Glu,1,9,772,2.521,29.33,27.21,6.783,27.71,26.68,1175.67,20.574,63.546,30.658,126.131,189.196,29.912,Failed,24.93,1.95,13,40.02,39.67,199,6.5,-0.35,76,11.51,-0.49,-0.05
,27078,R28978,932-029,18-03-2021 13:24,23-03-2021 15:38,Glu,2,2,3211,2.278,31.92,26.68,5.839,28.3,26.35,1172.65,20.988,70.727,30.479,110.364,168.174,29.3,Failed,22.1,2.04,10.8,38.18,34.5,338,12.9,-3.68,36,15.29,-0.03,0.02
,27822,R29369,932-029,15-04-2021 02:38,16-04-2021 01:20,Glu,8,6,762,2.146,31.77,27.64,6.198,26.77,27.05,1160.1,24.269,57.833,30.288,105.541,211.081,32.778,Failed,22.37,1.98,10.1,37.55,32.82,189,15.3,-4.73,96,14.36,-0.18,-0.03
,28185,R29585,932-029,26-04-2021 07:48,27-04-2021 16:56,Glu,1,14,1711,2.357,29.23,26.91,5.491,31.06,24.16,1170.03,22.762,58.396,32.879,36.788,183.941,31.867,Failed,22.82,2.06,9.6,41.65,39.34,1704,5.3,-2.31,21,5.72,-0.18,0.06
,28204,R29604,932-029,27-04-2021 09:14,29-04-2021 11:56,Glu,1,15,1249,2.295,31.92,26.96,5.86,27.53,26.61,1198.58,21.405,56.294,30.137,126.603,211.005,29.009,Failed,22.12,2.05,10.2,40.7,40.21,1038,5.1,-0.49,21,9.19,-0.21,-0.03
,27759,R29324,932-029,12-04-2021 23:10,13-04-2021 15:42,Glu,3,5,2426,2.159,32.67,27.55,6.127,28,26.51,1172.14,22.428,59.107,30.342,131.878,211.005,32.622,Failed,21.85,2.06,10.2,41.07,38.09,1153,5,-2.98,21,10.87,-0.02,0.04
,27937,R29430,932-029,20-04-2021 15:02,21-04-2021 09:36,Glu,3,1,1012,2.556,32.25,26.66,6.166,27.65,26.66,1172.05,20.733,60.76,30.376,120.875,204.962,30.024,Failed,21.83,1.99,10.5,40.84,40.03,171,5.7,-0.81,136,11.5,-0.54,0
,28114,R29550,932-029,23-04-2021 16:40,26-04-2021 09:44,Glu,3,10,1208,2.503,30.77,25.9,5.341,27.93,26.13,1181.84,24.644,63.736,28.378,99.742,173.236,30.687,Failed,22.4,2.11,9.2,39.32,37.87,1116,6,-1.45,21,10.86,-0.13,0.01
,28133,R29569,932-029,26-04-2021 11:22,28-04-2021 03:20,Glu,8,14,1063,2.526,32.35,26.22,7.03,26.79,27.07,1150.6,26.362,63.075,31.281,110.241,199.484,33.035,Failed,24.8,2.15,9.7,38.62,35.04,298,12.8,-3.58,35,9.75,-0.33,-0.11
,28444,R29737,932-029,04-05-2021 15:46,06-05-2021 15:52,Glu,8,7,1031,2.21,33.62,26.88,6.882,28.47,26.01,1191.25,23.169,51.421,30.849,21.101,211.005,29.639,Failed,22.4,1.89,9.9,38.08,33.44,262,12,-4.64,64,13.87,-0.16,-0.08
,27250,R29051,932-029,24-03-2021 14:18,29-03-2021 19:38,Glu,1,2,821,2.562,31.67,26.38,5.506,28.05,26.28,1184.46,23.752,56.629,27.68,78.744,188.985,29.396,Failed,19.7,2.05,10,40.42,40.04,1079,6.4,-0.38,21,9.42,-0.41,-0.06
,27497,R29186,932-029,06-04-2021 01:32,06-04-2021 17:34,Glu,8,16,690,2.717,29.73,27.21,6.383,30.44,25.46,1166.65,20.027,60.877,29.408,105.109,162.919,28.256,Failed,22.18,2.09,11.2,38.72,35.66,702,12.7,-3.06,32,4.12,-0.15,-0.03
,27880,R29392,932-029,19-04-2021 09:40,19-04-2021 23:14,Glu,1,13,1067,2.364,30.77,26.66,6.745,28.32,26.52,1167.93,24.487,58.951,30.8,110.818,179.419,33.738,Failed,25.02,2.05,11.5,41.35,40.84,191,6.8,-0.51,97,11.13,-0.57,-0.04
,26936,R28908,932-029,18-03-2021 14:26,19-03-2021 11:40,Glu,1,4,564,2.087,32.84,25.98,6.596,27.33,27.11,1165.55,23.622,65.425,30.446,142.48,211.081,30.732,Failed,22.22,1.96,13.4,42.32,41.93,131,6.4,-0.39,233,11.69,-0.24,-0.1
,27060,R28960,932-029,21-03-2021 11:14,22-03-2021 20:10,Glu,1,4,1296,2.649,25.8,28.71,6.244,28.15,26.24,1152.8,21.848,59.915,26.019,120.741,188.985,30.032,Failed,22.45,2.2,10.8,44.26,43.59,460,5.7,-0.67,21,10.83,-0.08,0.01
,28230,R29629,932-029,28-04-2021 11:54,29-04-2021 10:02,Glu,3,3,1909,2.307,33.94,25.98,5.603,28.07,26.36,1166.29,27.149,57.748,33.618,89.71,163.588,37.457,Failed,22.03,2.03,9.8,40.68,39.51,1130,4.6,-1.17,22,6.83,-0.16,0.01
,28385,R29696,932-029,04-05-2021 03:30,04-05-2021 19:24,Glu,3,9,886,2.488,33.15,27.49,5.695,28.45,26.63,1168.24,25.021,55.719,31.078,105.541,168.865,35.902,Failed,24.82,2.06,9.6,40.38,38.31,1115,5.2,-2.07,21,8.32,-0.11,0.01
,27521,R29210,932-029,05-04-2021 23:26,06-04-2021 22:28,Glu,8,4,2763,2.737,28.39,27.42,6.866,28.45,26.52,1167.09,25.396,58.713,32.016,79.155,168.865,33.899,Failed,21.25,2.05,12.2,40.81,39.64,355,11.4,-1.17,65,3.86,-0.11,-0.08
,27750,R29315,932-029,11-04-2021 10:24,13-04-2021 00:26,Glu,2,6,2670,2.441,28.81,26.79,5.662,28.37,26.06,1161.35,24.372,59.337,30.856,121.372,184.696,33.735,Failed,21.88,2.06,10.2,41.03,40.05,1299,5.5,-0.98,21,13.11,-0.02,0.04
,27828,R29375,932-029,13-04-2021 22:02,15-04-2021 00:24,Glu,8,8,2754,2.389,32.89,26.95,7.118,31.6,24.46,1177.66,23.105,62.377,31.263,89.677,211.005,30.926,Failed,22.45,2.1,13.5,39.78,37.73,191,17.6,-2.05,135,10.68,-0.17,-0.08
,27164,R29001,932-029,23-03-2021 07:46,24-03-2021 07:24,Glu,2,8,1154,2.49,26.97,28.75,6.012,27.76,26.52,1182.34,21.79,56.757,25.535,94.493,178.486,26.521,Failed,25.28,2.23,9.5,36.99,32.22,387,12.1,-4.77,32,12.57,-0.04,0.02
,27414,R29142,932-029,30-03-2021 10:04,31-03-2021 03:54,Glu,8,5,1926,2.33,31.68,27.04,5.978,27.16,26.61,1173.01,20.637,59.957,29.48,126.131,204.962,27.455,Failed,22.67,2.09,14.5,41.78,41.14,139,5,-0.64,96,8.98,-0.3,-0.08
,27758,R29323,932-029,14-04-2021 01:26,15-04-2021 20:34,Glu,3,9,1386,2.64,34.24,25.46,5.406,28.12,26.7,1168.77,20.999,63.467,30.834,120.875,199.707,29.63,Failed,22.33,2.07,10.8,41.69,40.59,1159,5,-1.1,21,8.63,-0.07,-0.01
,27303,R29086,932-029,25-03-2021 04:36,29-03-2021 15:38,Glu,8,4,3627,2.431,30.94,27.16,5.856,28.55,26.1,1177.06,22.929,57.074,27.196,136.489,178.486,29.173,Failed,22.62,1.88,11.4,38.85,36.82,142,10.3,-2.03,252,9.74,-0.25,-0.18
,27677,R29260,932-029,08-04-2021 10:08,12-04-2021 10:36,Glu,3,16,1397,2.024,32.86,25.53,5.551,28.91,26.33,1181.23,25.029,58.625,29.414,115.491,178.486,32.985,Failed,19.4,2.08,11.5,41.38,40.31,1208,4.5,-1.07,21,11.29,-0.18,0.16
,27889,R29401,932-029,19-04-2021 10:12,19-04-2021 23:50,Glu,1,1,595,2.709,30.59,26.88,6.397,27.56,26.51,1175.28,21.35,58.174,31.34,94.598,168.174,31.412,Failed,22.4,2.07,11,40.38,36.17,1950,7.4,-4.21,21,6.16,0,0.01
,28297,R29660,932-029,29-04-2021 03:04,03-05-2021 09:20,Glu,3,15,3198,2.385,32.09,27.44,5.913,29.14,25.89,1165.46,23.612,59.06,27.95,115.491,183.736,31.807,Failed,22.28,2.05,11.6,41.12,39,1666,4.8,-2.12,21,11.11,-0.32,0.06
