bcr_dir,RunNumber,PartNumber,Timestamp,Sensor,BoardNumber,ArrayNumber,Class,Tid efter start [timer],2/1 mM Glu/Lac [mM],1 mM H2O2 [mM],40/25 mM glu/lac høj O2,Sensitivity [pA/µM],t on 10/5 mM glu/lac [s],Lav O2 - Høj O2
,R29184,932-029,12-04-2021 07:27,Glu,3,16,Failed,6.88,0.36,1.2,2.11,443,5.5,0.55
,R29223,932-029,12-04-2021 07:24,Glu,1,16,Failed,6.98,0.41,3.4,4.28,466,0.4,0.75
,R29223,932-029,12-04-2021 07:24,Glu,2,11,Failed,6.93,0.36,2.1,4.29,418,0.6,0.72
,R29223,932-029,12-04-2021 07:24,Glu,8,1,Failed,6.9,0.38,2.4,4.39,437,0.0,0.69
,R29182,932-029,12-04-2021 07:20,Glu,3,9,Failed,6.97,0.2,1.9,3.79,573,0.4,0.27
,R29138,932-029,12-04-2021 07:16,Glu,1,4,Failed,5.88,0.45,2.0,3.44,505,0.1,0.82
,R29210,932-029,11-04-2021 11:10,Glu,1,15,Failed,2.83,0.2,2.1,4.5,262,6.3,0.36
,R29210,932-029,11-04-2021 11:10,Glu,3,6,Failed,2.88,0.24,2.5,4.37,283,8.0,0.2
,R29210,932-029,11-04-2021 11:10,Glu,8,4,Failed,2.75,0.23,2.2,4.11,245,5.8,0.17
,R29207,932-029,11-04-2021 11:09,Glu,4,16,Failed,2.75,0.23,2.8,4.24,422,8.7,0.06
,R29207,932-029,11-04-2021 11:09,Glu,2,16,Failed,2.82,0.2,1.9,4.24,360,6.9,0.11
,R29179,932-029,11-04-2021 11:08,Glu,3,6,Failed,2.82,0.18,3.4,3.77,517,3.1,0.58
,R29179,932-029,11-04-2021 11:08,Glu,2,7,Failed,2.82,0.19,3.0,4.12,436,0.0,0.47
,R29159,932-029,10-04-2021 11:50,Glu,8,10,Failed,2.25,0.31,3.5,4.15,474,0.0,0.78
,R29181,932-029,10-04-2021 11:48,Glu,3,11,Failed,2.27,0.2,2.0,3.62,108,10.8,1.62
,R29119,932-029,10-04-2021 11:46,Glu,1,16,Failed,2.18,0.19,2.3,3.07,430,2.8,0.24
,R29119,932-029,10-04-2021 11:46,Glu,3,3,Failed,2.13,0.21,2.1,3.87,437,0.2,0.62
,R29117,932-029,10-04-2021 11:44,Glu,3,6,Failed,2.18,0.21,2.1,4.16,405,1.0,0.83
,R29115,932-029,10-04-2021 11:43,Glu,1,3,Failed,2.28,0.22,4.1,5.44,512,2.3,0.08
,R29154,932-029,09-04-2021 07:31,Glu,3,12,Failed,1.32,0.26,0.9,0.01,417,12.3,1.88
,R29176,932-029,09-04-2021 07:30,Glu,2,10,Failed,1.28,0.17,0.4,2.38,532,0.4,0.93
,R29183,932-029,09-04-2021 07:29,Glu,3,6,Failed,1.38,0.25,2.1,4.32,417,0.8,0.66
,R29107,932-029,09-04-2021 07:26,Glu,2,13,Failed,1.33,0.23,0.4,4.26,447,0.3,0.3
,R29107,932-029,09-04-2021 07:26,Glu,1,9,Failed,1.25,0.23,0.4,4.5,427,0.4,0.79
,R29142,932-029,08-04-2021 07:17,Glu,8,5,Failed,1.33,0.19,4.5,5.18,461,0.6,0.36
,R29145,932-029,08-04-2021 07:13,Glu,2,14,Failed,1.43,0.28,2.6,4.43,434,0.7,0.75
,R29178,932-029,08-04-2021 07:13,Glu,8,14,Failed,1.37,0.19,1.7,3.11,347,5.9,1.45
,R29177,932-029,08-04-2021 07:13,Glu,2,6,Failed,1.83,0.21,0.8,2.59,299,5.8,0.93
,R29141,932-029,08-04-2021 07:10,Glu,2,10,Failed,1.35,0.13,0.0,0.76,343,8.0,1.98
,R29140,932-029,08-04-2021 07:07,Glu,2,4,Failed,1.27,0.34,1.8,4.14,421,1.1,0.48
,R29086,932-029,07-04-2021 07:14,Glu,8,4,Failed,1.38,0.4,1.4,2.25,458,4.7,1.03
,R29112,932-029,07-04-2021 07:13,Glu,1,12,Failed,1.48,0.6,2.2,3.49,445,6.9,0.43
,R29169,932-029,07-04-2021 07:13,Glu,8,4,Failed,1.37,0.16,0.5,0.18,255,8.0,2.13
,R29075,932-029,07-04-2021 07:09,Glu,3,16,Failed,1.43,0.53,2.2,2.64,465,4.6,0.34
,R29075,932-029,07-04-2021 07:09,Glu,8,16,Failed,1.3,0.56,2.3,4.1,416,1.4,0.59
,R29150,932-029,07-04-2021 07:09,Glu,1,15,Failed,1.43,0.44,3.7,4.34,489,0.6,0.61
,R29150,932-029,07-04-2021 07:09,Glu,3,4,Failed,1.37,0.36,2.0,4.38,435,0.6,0.6
,R29085,932-029,07-04-2021 07:08,Glu,2,1,Failed,1.45,0.21,0.6,0.92,290,6.1,2.75
,R29085,932-029,07-04-2021 07:08,Glu,3,6,Failed,1.38,0.52,1.6,6.02,467,0.8,1.09
,R29108,932-029,06-04-2021 07:15,Glu,1,14,Failed,4.37,0.17,1.0,3.43,336,6.2,1.43
,R29051,932-029,06-04-2021 07:14,Glu,2,15,Failed,4.4,0.2,0.2,4.25,730,0.4,0.21
,R29051,932-029,06-04-2021 07:14,Glu,1,2,Failed,4.3,0.23,0.0,3.82,479,0.8,0.62
,R29139,932-029,06-04-2021 07:13,Glu,8,14,Failed,4.33,0.2,2.0,4.56,411,1.3,0.49
,R29139,932-029,06-04-2021 07:13,Glu,3,14,Failed,4.35,0.3,2.4,5.13,492,0.2,0.72
,R29029,932-029,06-04-2021 07:08,Glu,1,10,Failed,4.22,0.34,1.4,3.5,431,1.5,0.78
,R29057,932-029,02-04-2021 11:03,Glu,2,14,Failed,1.07,0.31,0.1,4.15,423,0.6,0.93
,R29081,932-029,02-04-2021 11:00,Glu,8,14,Failed,1.18,0.19,0.7,4.76,440,0.0,0.85
,R29097,932-029,01-04-2021 07:35,Glu,8,8,Failed,1.73,0.22,2.3,4.01,438,2.8,0.55
,R29097,932-029,01-04-2021 07:35,Glu,1,2,Failed,1.72,0.26,4.1,3.74,412,0.1,0.57
,R29106,932-029,01-04-2021 07:33,Glu,8,15,Failed,1.63,0.26,1.4,4.0,415,3.2,0.42
,R29082,932-029,01-04-2021 07:33,Glu,8,14,Failed,1.8,0.22,2.1,4.03,420,5.0,0.51
,R29026,932-029,01-04-2021 07:32,Glu,8,8,Failed,2.67,0.19,0.9,4.85,438,0.6,0.61
,R29092,932-029,01-04-2021 07:29,Glu,1,1,Failed,1.6,0.31,1.7,3.73,414,0.7,0.67
,R28981,932-029,31-03-2021 07:25,Glu,8,15,Failed,1.92,0.43,2.5,3.32,403,2.2,0.56
,R29037,932-029,31-03-2021 07:25,Glu,2,11,Failed,1.95,0.37,3.5,3.71,458,0.3,0.42
,R28946,932-029,31-03-2021 07:24,Glu,2,4,Failed,1.9,0.18,1.9,4.49,516,0.2,0.97
,R29031,932-029,31-03-2021 07:24,Glu,8,14,Failed,1.9,0.35,2.8,4.38,431,0.9,0.55
,R29031,932-029,31-03-2021 07:24,Glu,2,9,Failed,1.98,0.31,3.5,4.6,432,0.4,0.65
,R29049,932-029,31-03-2021 07:24,Glu,3,1,Failed,1.9,0.26,1.6,1.28,355,6.8,1.97
,R28982,932-029,31-03-2021 07:22,Glu,1,4,Failed,1.88,0.42,3.1,4.02,431,0.7,0.38
,R28982,932-029,31-03-2021 07:22,Glu,3,8,Failed,1.9,0.1,1.8,0.95,374,11.4,2.83
,R28978,932-029,31-03-2021 07:22,Glu,2,2,Failed,1.9,0.24,0.8,1.58,262,7.3,2.68
,R28978,932-029,31-03-2021 07:22,Glu,1,6,Failed,1.98,0.3,2.6,4.06,421,0.8,0.12
,R29002,932-029,31-03-2021 07:21,Glu,8,3,Failed,1.87,0.29,3.8,4.57,448,0.6,0.1
,R29068,932-029,31-03-2021 07:21,Glu,1,1,Failed,1.9,0.45,3.4,4.28,495,1.0,0.05
,R29016,932-029,31-03-2021 07:20,Glu,2,2,Failed,2.0,0.42,3.9,3.98,495,1.1,0.42
,R29017,932-029,30-03-2021 07:49,Glu,1,15,Failed,0.67,0.19,0.8,1.99,342,7.2,2.03
,R29017,932-029,30-03-2021 07:49,Glu,2,8,Failed,0.6,0.4,2.0,4.57,475,0.0,0.48
,R29018,932-029,30-03-2021 07:48,Glu,2,13,Failed,1.33,0.24,0.4,3.87,419,0.3,0.12
,R29019,932-029,30-03-2021 07:48,Glu,2,5,Failed,1.4,0.41,1.8,3.95,427,0.6,0.5
,R29066,932-029,30-03-2021 07:48,Glu,3,6,Failed,0.58,0.32,3.1,4.14,442,3.0,0.63
,R29012,932-029,30-03-2021 07:47,Glu,2,10,Failed,1.32,0.3,2.0,4.5,417,1.7,0.02
,R29009,932-029,30-03-2021 07:46,Glu,2,8,Failed,1.42,0.15,0.2,0.26,10,7.8,3.08
,R29020,932-029,30-03-2021 07:46,Glu,2,15,Failed,0.53,0.38,1.8,3.21,510,4.7,0.4
,R28990,932-029,29-03-2021 07:14,Glu,8,15,Failed,1.82,0.25,1.5,3.95,529,1.6,0.26
,R28990,932-029,29-03-2021 07:14,Glu,2,4,Failed,1.8,0.16,1.1,2.18,384,7.0,0.7
,R28989,932-029,28-03-2021 09:35,Glu,3,2,Failed,2.03,0.26,0.0,4.4,429,3.8,0.33
,R28976,932-029,28-03-2021 09:32,Glu,3,3,Failed,2.15,0.18,1.9,3.02,236,5.8,3.55
,R28976,932-029,28-03-2021 09:32,Glu,8,7,Failed,2.13,0.29,0.9,3.78,457,3.5,0.63
,R29023,932-029,28-03-2021 09:30,Glu,8,12,Failed,2.1,0.3,1.0,3.72,413,1.4,0.08
,R29023,932-029,28-03-2021 09:30,Glu,1,15,Failed,2.03,0.2,0.3,4.43,411,2.4,0.38
,R28928,932-029,27-03-2021 10:07,Glu,8,7,Failed,1.38,0.2,2.5,4.52,437,3.7,0.4
,R28980,932-029,27-03-2021 10:06,Glu,8,14,Failed,1.38,0.18,2.2,4.92,495,5.0,0.44
,R28996,932-029,27-03-2021 10:00,Glu,8,14,Failed,1.3,0.23,0.0,1.61,362,6.9,2.5
,R28996,932-029,27-03-2021 10:00,Glu,3,6,Failed,1.27,0.31,0.8,3.45,364,6.0,1.13
,R28913,932-029,27-03-2021 09:59,Glu,2,4,Failed,1.28,0.19,0.0,4.53,491,1.1,0.6
,R29001,932-029,27-03-2021 09:59,Glu,2,8,Failed,1.28,0.05,0.5,0.39,213,6.5,3.77
,R29032,932-029,27-03-2021 09:58,Glu,2,9,Failed,1.4,0.16,0.5,3.36,342,8.3,2.79
,R29032,932-029,27-03-2021 09:58,Glu,3,13,Failed,1.42,0.27,1.7,4.78,493,1.4,0.03
,R29008,932-029,27-03-2021 09:56,Glu,4,7,Failed,1.37,0.14,0.0,1.09,314,10.5,3.6
,R29004,932-029,27-03-2021 09:56,Glu,8,4,Failed,1.3,0.29,1.0,4.28,424,1.6,0.1
,R28929,932-029,27-03-2021 09:56,Glu,2,5,Failed,1.32,0.05,0.1,1.55,330,9.2,2.64
,R28983,932-029,27-03-2021 09:56,Glu,8,15,Failed,1.4,0.05,0.2,1.14,221,5.9,2.25
,R28995,932-029,27-03-2021 09:53,Glu,8,1,Failed,1.42,0.26,1.5,5.31,459,3.3,0.12
,R28993,932-029,26-03-2021 07:02,Glu,8,12,Failed,1.68,0.22,0.8,4.04,475,5.1,0.91
,R28908,932-029,26-03-2021 07:02,Glu,1,4,Failed,1.78,0.32,3.4,5.72,469,0.8,0.61
,R28908,932-029,26-03-2021 07:02,Glu,3,11,Failed,1.72,0.25,3.6,5.15,414,0.7,0.59
,R28985,932-029,26-03-2021 06:59,Glu,3,14,Failed,1.67,0.24,1.2,4.3,318,7.9,1.23
,R28920,932-029,26-03-2021 06:59,Glu,8,6,Failed,1.65,0.35,1.2,3.74,472,2.6,0.08
,R28974,932-029,26-03-2021 06:58,Glu,1,1,Failed,1.78,0.18,1.8,4.78,487,0.9,0.75
,R29042,932-029,26-03-2021 06:57,Glu,2,7,Failed,1.68,0.32,0.8,3.73,443,2.8,0.86
,R28997,932-029,26-03-2021 06:57,Glu,8,6,Failed,1.67,0.24,1.2,4.51,159,5.8,0.96
,R28950,932-029,25-03-2021 07:35,Glu,1,1,Failed,1.58,0.02,0.5,0.43,155,6.4,3.08
,R28944,932-029,25-03-2021 07:28,Glu,3,6,Failed,1.58,0.26,0.6,5.29,470,0.9,0.13
,R28944,932-029,25-03-2021 07:28,Glu,1,6,Failed,1.67,0.26,0.4,5.36,435,0.8,0.24
,R28979,932-029,25-03-2021 07:28,Glu,1,11,Failed,1.62,0.23,0.1,4.57,856,0.5,0.89
,R28979,932-029,25-03-2021 07:28,Glu,2,3,Failed,1.58,0.23,0.1,5.06,930,0.2,1.67
,R28979,932-029,25-03-2021 07:28,Glu,3,16,Failed,1.57,0.22,0.3,4.22,709,0.8,1.8
,R28936,932-029,25-03-2021 07:27,Glu,8,1,Failed,1.65,0.3,1.5,4.4,446,5.7,0.06
,R28969,932-029,25-03-2021 07:26,Glu,1,2,Failed,1.68,0.2,0.1,5.36,525,0.9,0.56
,R28973,932-029,25-03-2021 07:26,Glu,3,1,Failed,1.58,0.24,1.4,4.46,465,1.0,0.33
,R28964,932-029,25-03-2021 07:26,Glu,8,16,Failed,1.57,0.29,0.9,4.79,416,0.1,0.39
,R28964,932-029,25-03-2021 07:26,Glu,1,1,Failed,1.57,0.36,1.0,2.9,473,1.6,0.01
,R29010,932-029,25-03-2021 07:25,Glu,8,7,Failed,1.67,0.17,2.6,4.15,535,2.8,0.59
,R28930,932-029,25-03-2021 07:23,Glu,8,4,Failed,1.6,0.26,2.1,4.53,411,0.1,0.51
,R28947,932-029,25-03-2021 07:21,Glu,8,4,Failed,1.55,0.32,1.2,4.8,404,0.1,0.4
,R28907,932-029,24-03-2021 07:27,Glu,2,9,Failed,1.6,0.14,0.6,0.34,533,2.2,3.55
,R28907,932-029,24-03-2021 07:27,Glu,8,4,Failed,1.6,0.26,1.9,4.71,408,0.8,0.73
,R28872,932-029,24-03-2021 07:26,Glu,8,8,Failed,1.52,0.15,1.0,1.5,401,4.6,1.88
,R28921,932-029,24-03-2021 07:25,Glu,3,13,Failed,1.52,0.24,2.7,4.06,404,1.7,0.67
,R28921,932-029,24-03-2021 07:25,Glu,8,1,Failed,1.53,0.22,2.5,4.9,401,2.8,0.57
,R28882,932-029,23-03-2021 07:31,Glu,3,5,Failed,2.02,0.58,2.0,4.91,402,1.8,0.34
,R28900,932-029,23-03-2021 07:29,Glu,8,8,Failed,1.7,0.42,1.3,5.52,436,1.9,0.16
,R28965,932-029,23-03-2021 07:28,Glu,2,12,Failed,1.7,0.53,1.5,5.09,475,1.0,0.46
,R28942,932-029,23-03-2021 07:28,Glu,8,13,Failed,1.7,0.4,1.6,4.54,438,1.8,0.15
,R28942,932-029,23-03-2021 07:28,Glu,2,6,Failed,1.77,0.46,1.9,5.22,441,0.3,0.06
,R28923,932-029,23-03-2021 07:28,Glu,3,3,Failed,1.9,0.53,1.3,4.58,402,0.6,0.28
,R28903,932-029,23-03-2021 07:25,Glu,3,12,Failed,1.72,0.21,2.0,4.78,441,1.0,0.51
,R28893,932-029,23-03-2021 07:25,Glu,8,14,Failed,1.78,0.56,2.2,4.86,458,0.0,0.25
,R28937,932-029,23-03-2021 07:24,Glu,2,12,Failed,1.68,0.59,1.7,4.78,462,0.5,0.45
,R28937,932-029,23-03-2021 07:24,Glu,3,16,Failed,1.72,0.46,2.0,4.79,406,0.5,0.11
,R28937,932-029,23-03-2021 07:24,Glu,1,6,Failed,1.77,0.51,2.0,5.11,433,0.3,0.42
,R28815,932-029,23-03-2021 07:23,Glu,2,15,Failed,1.97,0.56,1.7,4.55,436,0.4,0.57
,R28815,932-029,23-03-2021 07:23,Glu,1,1,Failed,1.97,0.59,2.7,4.69,494,1.0,0.44
,R28926,932-029,23-03-2021 07:22,Glu,8,7,Failed,1.68,0.39,1.8,3.93,433,5.8,0.59
,R28897,932-029,22-03-2021 07:27,Glu,1,11,Failed,5.15,0.37,2.3,4.62,438,0.6,0.48
,R28910,932-029,22-03-2021 07:23,Glu,1,5,Failed,5.17,0.59,2.3,4.3,430,2.4,0.58
,R28846,932-029,22-03-2021 07:22,Glu,8,1,Failed,5.08,0.38,3.4,4.82,415,3.4,0.09
,R28902,932-029,21-03-2021 10:36,Glu,2,1,Failed,2.43,0.28,1.2,4.72,433,0.5,0.76
,R28885,932-029,21-03-2021 10:36,Glu,1,9,Failed,2.42,0.3,0.8,4.38,440,0.3,0.36
,R28831,932-029,20-03-2021 10:54,Glu,3,1,Failed,1.22,0.07,0.2,1.67,258,2.8,2.35
,R28880,932-029,20-03-2021 10:51,Glu,1,1,Failed,1.27,0.04,0.3,2.97,319,5.9,3.07
,R28880,932-029,20-03-2021 10:51,Glu,2,2,Failed,1.27,0.23,4.4,3.91,518,2.3,0.5
,R28880,932-029,20-03-2021 10:51,Glu,3,3,Failed,1.23,0.27,1.8,3.58,469,3.3,0.39
,R28848,932-029,20-03-2021 10:51,Glu,1,1,Failed,1.15,0.22,3.7,4.11,445,1.5,0.86
,R28883,932-029,20-03-2021 10:51,Glu,2,8,Failed,1.15,0.27,1.9,3.75,436,1.7,0.56
,R28819,932-029,20-03-2021 10:49,Glu,1,12,Failed,1.18,0.19,3.3,4.1,449,2.4,0.93
,R28819,932-029,20-03-2021 10:49,Glu,2,1,Failed,1.17,0.18,1.9,1.54,424,1.4,1.08
,R28819,932-029,20-03-2021 10:49,Glu,3,4,Failed,1.18,0.24,2.8,4.16,440,0.6,0.58
,R28768,932-029,19-03-2021 07:40,Glu,2,11,Failed,2.3,0.37,2.9,3.74,450,2.5,0.78
,R28855,932-029,19-03-2021 07:38,Glu,1,2,Failed,2.27,0.36,2.4,3.33,355,6.1,0.14
,R28854,932-029,19-03-2021 07:38,Glu,8,7,Failed,2.22,0.34,4.0,3.89,459,0.8,0.85
,R28836,932-029,19-03-2021 07:37,Glu,2,15,Failed,2.25,0.41,2.3,4.54,425,0.6,0.48
,R28836,932-029,19-03-2021 07:37,Glu,3,5,Failed,2.27,0.26,2.5,4.23,406,2.0,0.38
,R28829,932-029,19-03-2021 07:36,Glu,2,14,Failed,2.35,0.27,2.8,3.83,472,0.6,0.83
,R28840,932-029,19-03-2021 07:34,Glu,8,9,Failed,2.25,0.34,3.2,3.91,479,2.3,0.88
,R28810,932-029,18-03-2021 08:03,Glu,1,12,Failed,1.02,0.16,0.9,2.67,142,5.0,2.87
,R28795,932-029,18-03-2021 08:01,Glu,8,13,Failed,0.98,0.23,0.6,2.36,274,6.1,1.93
,R28749,932-029,18-03-2021 08:00,Glu,3,10,Failed,1.02,0.07,2.3,4.89,472,3.4,0.5
,R28749,932-029,18-03-2021 08:00,Glu,2,10,Failed,1.07,0.26,1.3,4.07,402,0.1,0.23
,R28802,932-029,17-03-2021 07:11,Glu,7,1,Failed,1.83,0.13,1.0,3.97,26,3.6,4.05
,R28784,932-029,17-03-2021 07:10,Glu,1,1,Failed,0.78,0.43,0.3,2.88,193,1.2,5.04
,R28785,932-029,17-03-2021 07:10,Glu,3,6,Failed,0.78,0.25,1.1,1.23,293,8.7,2.12
,R28778,932-029,17-03-2021 07:08,Glu,8,7,Failed,0.77,0.46,2.0,4.05,403,2.3,0.52
,R28789,932-029,17-03-2021 07:07,Glu,7,1,Failed,1.83,0.45,3.0,4.02,425,3.4,0.14
,R28737,932-029,17-03-2021 07:05,Glu,8,11,Failed,0.68,0.68,0.9,3.12,313,4.1,0.36
,R28738,932-029,16-03-2021 07:03,Glu,1,1,Failed,6.1,0.25,0.2,0.24,292,11.0,2.41
,R28733,932-029,15-03-2021 07:16,Glu,2,9,Failed,5.0,0.2,0.2,1.72,76,3.3,3.97
,R28853,932-029,15-03-2021 07:16,Glu,2,4,Failed,5.1,0.26,1.0,0.93,223,1.3,2.44
,R28751,932-029,15-03-2021 07:14,Glu,8,11,Failed,5.08,0.3,3.5,5.08,474,1.2,0.37
,R28771,932-029,15-03-2021 07:14,Glu,1,1,Failed,5.0,0.22,2.0,1.79,381,8.4,1.49
,R28798,932-029,15-03-2021 07:11,Glu,7,2,Failed,5.02,0.3,3.0,4.16,421,1.9,0.44
,R28727,932-029,15-03-2021 07:10,Glu,3,14,Failed,5.07,0.32,2.9,4.26,407,3.1,0.39
,R28786,932-029,14-03-2021 10:37,Glu,1,11,Failed,1.9,0.12,0.8,1.14,116,3.8,2.3
,R28750,932-029,14-03-2021 10:33,Glu,8,8,Failed,1.83,0.09,0.2,0.91,275,5.8,2.06
,R28709,932-029,14-03-2021 10:33,Glu,3,1,Failed,1.77,0.13,0.4,0.07,262,5.7,1.71
,R28709,932-029,14-03-2021 10:33,Glu,1,9,Failed,1.82,0.13,1.4,1.38,50,2.0,4.5
,R28743,932-029,14-03-2021 10:32,Glu,2,3,Failed,1.9,0.18,0.3,4.2,422,0.2,0.67
,R28735,932-029,14-03-2021 10:31,Glu,3,3,Failed,1.9,0.01,1.1,1.8,96,6.1,2.65
,R28757,932-029,14-03-2021 10:31,Glu,8,10,Failed,1.85,0.29,1.0,4.12,431,0.0,0.76
,R28736,932-029,14-03-2021 10:31,Glu,3,5,Failed,1.75,0.14,1.2,2.34,328,7.6,1.37
,R28692,932-029,14-03-2021 10:30,Glu,1,3,Failed,1.77,0.21,0.4,0.96,220,0.9,1.48
,R28726,932-029,13-03-2021 10:35,Glu,3,6,Failed,1.22,0.16,1.0,1.46,246,13.9,2.8
,R28719,932-029,13-03-2021 10:33,Glu,8,12,Failed,1.22,0.31,0.9,3.52,463,1.2,0.65
,R28711,932-029,13-03-2021 10:32,Glu,8,13,Failed,1.2,0.24,1.5,4.44,425,0.4,0.75
,R28711,932-029,13-03-2021 10:32,Glu,2,4,Failed,1.2,0.3,0.3,1.62,441,1.7,1.26
,R28711,932-029,13-03-2021 10:32,Glu,3,3,Failed,1.2,0.38,2.0,4.14,440,0.7,0.68
,R28712,932-029,13-03-2021 10:32,Glu,1,10,Failed,1.22,0.09,0.9,1.49,285,8.9,1.68
,R28764,932-029,13-03-2021 10:32,Glu,1,1,Failed,1.15,0.05,0.0,3.1,255,3.7,4.36
,R28741,932-029,13-03-2021 10:31,Glu,8,11,Failed,1.18,0.23,0.3,2.45,311,7.0,1.52
,R28759,932-029,12-03-2021 07:24,Glu,1,1,Failed,0.55,0.24,1.6,4.04,402,0.5,0.47
,R28759,932-029,12-03-2021 07:24,Glu,7,1,Failed,0.47,0.21,2.9,4.29,441,2.1,0.82
,R28787,932-029,12-03-2021 07:23,Glu,3,1,Failed,1.63,0.25,1.5,2.82,275,9.1,1.48
,R28684,932-029,12-03-2021 07:22,Glu,8,3,Failed,1.53,0.14,0.4,0.85,116,6.2,2.49
,R28753,932-029,12-03-2021 07:22,Glu,2,2,Failed,1.5,0.1,0.1,3.31,83,6.7,2.81
,R28725,932-029,12-03-2021 07:21,Glu,8,6,Failed,1.53,0.2,2.5,2.82,389,5.9,0.23
,R28724,932-029,12-03-2021 07:21,Glu,8,1,Failed,1.48,0.22,2.7,4.02,409,3.0,0.22
,R28729,932-029,12-03-2021 07:17,Glu,8,3,Failed,0.47,0.12,0.9,1.99,327,6.6,1.19
,R28678,932-029,11-03-2021 07:26,Glu,1,6,Failed,1.73,0.23,2.0,4.17,376,6.0,0.57
,R28691,932-029,11-03-2021 07:18,Glu,1,10,Failed,1.68,0.15,1.2,2.71,246,4.4,4.7
,R28716,932-029,10-03-2021 07:32,Glu,8,8,Failed,1.35,0.18,0.1,1.26,99,5.9,2.18
,R28716,932-029,10-03-2021 07:32,Glu,3,12,Failed,1.37,0.11,0.5,0.95,107,4.0,1.9
,R28686,932-029,10-03-2021 07:30,Glu,1,1,Failed,1.35,0.09,0.2,2.96,210,3.3,2.72
,R28686,932-029,10-03-2021 07:30,Glu,8,16,Failed,1.35,0.11,1.1,0.19,435,0.7,0.16
,R28601,932-029,10-03-2021 07:29,Glu,2,9,Failed,1.47,0.3,3.3,4.24,409,3.8,0.55
,R28723,932-029,10-03-2021 07:29,Glu,8,8,Failed,1.38,0.09,1.4,1.51,299,7.9,1.11
,R28668,932-029,10-03-2021 07:25,Glu,8,13,Failed,1.43,0.11,0.6,0.45,0,6.0,3.42
,R28693,932-029,10-03-2021 07:24,Glu,8,8,Failed,1.35,0.13,0.8,1.52,29,3.5,4.66
,R28693,932-029,10-03-2021 07:24,Glu,2,2,Failed,1.37,0.14,0.6,1.17,74,0.5,1.84
,R28698,932-029,10-03-2021 07:18,Glu,2,10,Failed,1.42,0.19,0.4,1.62,50,1.6,5.19
,R28653,932-029,09-03-2021 07:12,Glu,8,10,Failed,1.73,0.16,1.1,2.54,373,6.2,1.78
,R28653,932-029,09-03-2021 07:12,Glu,1,3,Failed,2.03,0.12,1.1,1.17,367,10.0,1.45
,R28670,932-029,09-03-2021 07:11,Glu,2,16,Failed,1.95,0.27,0.1,4.2,426,10.5,0.49
,R28641,932-029,09-03-2021 07:10,Glu,1,5,Failed,1.92,0.19,2.3,2.72,83,1.9,2.72
,R28584,932-029,09-03-2021 07:09,Glu,3,1,Failed,2.03,0.12,2.1,1.06,126,2.0,3.27
,R28609,932-029,09-03-2021 07:08,Glu,3,9,Failed,1.97,0.12,2.1,2.02,83,5.0,5.11
,R28640,932-029,09-03-2021 07:06,Glu,1,1,Failed,1.82,0.02,2.0,0.63,180,6.9,2.71
,R28640,932-029,09-03-2021 07:06,Glu,8,10,Failed,1.82,0.02,1.6,1.27,1,1.0,4.69
,R28664,932-029,09-03-2021 07:06,Glu,1,3,Failed,1.87,0.13,0.1,2.26,361,10.2,3.84
,R28612,932-029,08-03-2021 07:36,Glu,2,3,Failed,5.63,0.17,0.7,4.24,180,2.3,5.56
,R28642,932-029,08-03-2021 07:33,Glu,1,3,Failed,5.72,0.25,0.9,1.3,411,7.2,1.65
,R28614,932-029,08-03-2021 07:33,Glu,3,7,Failed,5.75,0.18,0.6,0.18,123,3.6,6.3
,R28699,932-029,08-03-2021 07:32,Glu,1,2,Failed,5.73,0.07,0.4,2.21,74,4.0,6.22
,R28638,932-029,08-03-2021 07:30,Glu,8,5,Failed,5.72,0.07,0.9,2.25,3,5.1,4.51
,R28613,932-029,08-03-2021 07:25,Glu,8,14,Failed,5.67,0.15,1.8,1.39,376,6.2,1.97
,R28663,932-029,08-03-2021 07:19,Glu,3,14,Failed,5.58,0.1,0.2,1.99,42,2.9,2.99
,R28704,932-029,07-03-2021 10:06,Glu,2,2,Failed,2.65,0.45,1.4,2.92,256,6.8,2.63
,R28704,932-029,07-03-2021 10:06,Glu,1,9,Failed,2.72,0.01,1.4,4.07,99,3.4,4.25
,R28704,932-029,07-03-2021 10:06,Glu,8,12,Failed,2.7,0.1,1.7,2.02,187,4.9,4.76
,R28704,932-029,07-03-2021 10:06,Glu,3,10,Failed,2.75,0.22,0.6,0.18,57,6.2,4.7
,R28669,932-029,07-03-2021 09:59,Glu,3,15,Failed,2.72,0.37,0.3,1.87,361,8.2,1.84
,R28669,932-029,07-03-2021 09:59,Glu,8,16,Failed,2.65,0.23,0.2,1.63,179,6.6,2.16
,R28661,932-029,07-03-2021 09:57,Glu,2,15,Failed,2.55,0.23,0.7,2.23,405,6.3,0.04
,R28673,932-029,07-03-2021 09:50,Glu,2,15,Failed,2.38,0.16,1.0,2.44,415,2.6,2.76
,R28573,932-029,06-03-2021 10:48,Glu,1,1,Failed,1.37,0.08,1.4,1.63,310,15.4,2.11
,R28516,932-029,06-03-2021 10:46,Glu,1,4,Failed,1.38,0.05,0.1,1.14,159,6.4,3.89
,R28593,932-029,06-03-2021 10:44,Glu,2,11,Failed,1.38,0.17,0.0,0.56,129,3.3,5.09
,R28617,932-029,06-03-2021 10:43,Glu,1,2,Failed,1.48,0.17,0.7,2.45,266,8.7,1.52
,R28607,932-029,06-03-2021 10:38,Glu,8,1,Failed,1.57,0.06,0.2,0.69,147,5.9,2.75
,R28607,932-029,06-03-2021 10:38,Glu,2,9,Failed,1.42,0.11,1.4,4.55,461,5.0,6.01
,R28607,932-029,06-03-2021 10:38,Glu,3,10,Failed,1.63,0.14,1.2,5.19,313,1.8,5.18
,R28604,932-029,06-03-2021 10:32,Glu,1,1,Failed,1.65,0.12,0.2,0.36,303,9.2,3.43
,R28604,932-029,06-03-2021 10:32,Glu,3,9,Failed,1.52,0.05,0.6,1.4,156,7.7,3.64
,R28643,932-029,05-03-2021 07:34,Glu,8,5,Failed,1.55,0.29,0.2,0.55,140,5.8,1.69
,R28643,932-029,05-03-2021 07:34,Glu,3,3,Failed,1.6,0.21,0.1,1.1,87,5.9,1.74
,R28582,932-029,05-03-2021 07:25,Glu,2,10,Failed,1.37,0.01,0.2,0.7,62,5.8,3.14
,R28582,932-029,05-03-2021 07:25,Glu,8,1,Failed,1.4,0.16,0.5,1.29,2,6.2,2.82
,R28582,932-029,05-03-2021 07:25,Glu,3,5,Failed,1.48,0.22,0.4,0.85,59,10.9,3.0
,R28581,932-029,05-03-2021 07:24,Glu,1,1,Failed,1.5,0.18,0.1,0.94,237,6.0,3.48
,R28588,932-029,05-03-2021 07:23,Glu,3,1,Failed,1.35,0.12,0.5,0.84,64,4.3,5.26
,R28592,932-029,04-03-2021 07:28,Glu,2,5,Failed,1.3,0.28,0.8,0.04,151,6.9,3.68
,R28591,932-029,04-03-2021 07:28,Glu,8,11,Failed,1.35,0.35,0.9,2.73,202,6.1,1.07
,R28627,932-029,04-03-2021 07:23,Glu,8,1,Failed,1.28,0.26,0.9,3.03,367,7.2,0.93
,R28629,932-029,04-03-2021 07:23,Glu,1,1,Failed,1.33,0.37,1.8,4.17,450,4.1,0.55
,R28652,932-029,04-03-2021 07:11,Glu,1,5,Failed,1.57,0.09,0.5,0.79,180,6.4,2.35
,R28552,932-029,03-03-2021 07:49,Glu,8,2,Failed,0.38,0.27,0.7,2.22,263,6.1,0.4
,R28565,932-029,03-03-2021 07:13,Glu,1,1,Failed,1.85,0.23,0.3,1.16,193,13.7,1.33
,R28512,932-029,03-03-2021 07:10,Glu,8,2,Failed,1.72,0.28,1.0,0.74,126,7.1,2.24
,R28536,932-029,03-03-2021 07:09,Glu,3,7,Failed,1.5,0.14,1.3,0.22,19,6.8,5.78
,R28536,932-029,03-03-2021 07:09,Glu,1,16,Failed,1.82,0.16,1.3,1.13,127,5.0,5.4
,R28536,932-029,03-03-2021 07:09,Glu,8,1,Failed,1.52,0.15,0.9,0.42,162,8.5,3.54
,R28545,932-029,03-03-2021 07:07,Glu,1,2,Failed,1.77,0.13,1.4,0.53,3,6.1,3.39
,R28624,932-029,03-03-2021 06:59,Glu,1,2,Failed,1.57,0.08,1.8,2.48,9,3.7,3.64
,R28568,932-029,02-03-2021 07:37,Glu,3,2,Failed,1.75,0.05,0.5,4.6,37,4.2,4.09
,R28554,932-029,02-03-2021 07:23,Glu,1,7,Failed,1.68,0.35,0.2,0.95,239,7.5,1.76
,R28500,932-029,02-03-2021 07:22,Glu,3,2,Failed,1.58,0.02,1.2,2.75,185,4.1,3.53
,R28586,932-029,02-03-2021 07:16,Glu,8,8,Failed,1.53,0.06,0.6,0.66,270,2.0,5.27
,R28524,932-029,02-03-2021 07:15,Glu,3,15,Failed,1.48,0.11,0.3,1.42,135,6.7,3.16
,R28524,932-029,02-03-2021 07:15,Glu,8,10,Failed,1.43,0.0,1.0,3.87,85,4.4,5.3
,R28542,932-029,01-03-2021 07:23,Glu,3,8,Failed,4.32,0.06,1.4,2.19,228,6.2,1.56
,R28570,932-029,01-03-2021 07:20,Glu,3,2,Failed,4.45,0.12,0.9,2.1,276,6.3,1.27
,R28570,932-029,01-03-2021 07:20,Glu,8,13,Failed,4.38,0.16,0.4,0.61,209,7.7,1.57
,R28504,932-029,01-03-2021 07:15,Glu,2,3,Failed,4.28,0.17,1.7,2.52,389,7.5,1.58
,R28472,932-029,28-02-2021 10:14,Glu,8,6,Failed,1.68,0.09,0.2,2.54,170,8.6,4.8
,R28580,932-029,28-02-2021 10:07,Glu,7,14,Failed,1.38,0.04,0.6,0.86,6,2.0,5.41
,R28425,932-029,27-02-2021 10:08,Glu,3,8,Failed,1.43,0.06,0.6,2.12,351,6.6,2.1
,R28449,932-029,27-02-2021 10:04,Glu,8,9,Failed,1.55,0.12,1.6,5.31,643,2.4,4.45
,R28434,932-029,27-02-2021 10:01,Glu,3,3,Failed,1.58,0.0,0.7,1.74,4,4.6,2.4
,R28434,932-029,27-02-2021 10:01,Glu,1,7,Failed,1.53,0.08,1.2,1.74,181,4.5,3.52
,R28561,932-029,27-02-2021 10:00,Glu,8,6,Failed,1.48,0.25,3.2,3.5,523,4.7,0.88
,R28561,932-029,27-02-2021 10:00,Glu,3,3,Failed,1.42,0.11,1.1,2.91,417,8.0,1.0
,R28561,932-029,27-02-2021 10:00,Glu,4,13,Failed,1.47,0.12,1.2,4.48,447,0.3,0.13
,R28561,932-029,27-02-2021 10:00,Glu,2,13,Failed,1.52,0.09,2.6,3.87,528,13.0,0.69
,R28562,932-029,27-02-2021 09:59,Glu,2,5,Failed,1.48,0.25,1.9,3.69,470,3.4,0.12
,R28540,932-029,27-02-2021 09:55,Glu,2,4,Failed,1.45,0.05,0.9,0.23,132,6.8,2.7
,R28514,932-029,26-02-2021 07:15,Glu,3,7,Failed,1.57,0.03,2.0,2.87,226,6.3,1.24
,R28451,932-029,26-02-2021 07:12,Glu,1,2,Failed,1.65,0.03,1.4,1.13,96,6.9,3.97
,R28436,932-029,26-02-2021 07:10,Glu,2,11,Failed,1.58,0.0,0.8,1.73,542,2.0,2.93
,R28442,932-029,26-02-2021 07:09,Glu,3,9,Failed,1.65,0.04,0.8,2.18,714,1.7,4.17
,R28444,932-029,26-02-2021 07:09,Glu,3,7,Failed,1.47,0.05,0.9,3.04,550,1.5,2.35
,R28558,932-029,26-02-2021 07:08,Glu,2,9,Failed,1.48,0.03,0.5,1.26,93,2.0,3.22
,R28560,932-029,26-02-2021 07:07,Glu,1,10,Failed,1.47,0.02,0.8,1.84,2,4.9,2.96
,R28564,932-029,26-02-2021 07:07,Glu,3,12,Failed,1.52,0.43,3.3,3.2,440,1.1,0.67
,R28564,932-029,26-02-2021 07:07,Glu,8,3,Failed,1.48,0.11,3.0,3.66,419,2.1,0.04
,R28423,932-029,25-02-2021 07:23,Glu,1,4,Failed,3.67,0.02,1.0,0.96,131,5.9,4.71
,R28461,932-029,25-02-2021 07:22,Glu,1,9,Failed,3.65,0.03,1.1,1.16,533,1.2,2.68
,R28461,932-029,25-02-2021 07:22,Glu,2,3,Failed,3.58,0.1,0.8,2.75,551,1.0,1.98
,R28450,932-029,25-02-2021 07:19,Glu,1,6,Failed,1.12,0.09,0.8,3.9,461,1.7,1.61
,R28450,932-029,25-02-2021 07:19,Glu,2,13,Failed,1.08,0.12,0.8,4.32,568,1.8,2.19
,R28445,932-029,25-02-2021 07:18,Glu,2,11,Failed,1.03,0.03,1.1,3.81,648,0.7,2.36
,R28445,932-029,25-02-2021 07:18,Glu,1,2,Failed,1.1,0.08,0.9,3.67,469,0.7,1.37
,R28527,932-029,25-02-2021 07:12,Glu,3,9,Failed,1.53,0.03,1.0,1.15,10,5.8,3.13
,R28458,932-029,25-02-2021 07:12,Glu,2,7,Failed,1.83,0.07,0.7,3.72,496,1.8,2.36
,R28430,932-029,24-02-2021 09:31,Glu,3,13,Failed,7.27,0.18,0.0,0.35,411,2.4,4.21
,R28468,932-029,24-02-2021 07:33,Glu,1,10,Failed,2.9,0.08,0.1,3.96,840,1.1,2.24
,R28468,932-029,24-02-2021 07:33,Glu,2,8,Failed,2.8,0.11,0.3,2.03,491,1.7,2.38
,R28482,932-029,24-02-2021 07:28,Glu,3,8,Failed,2.8,0.08,0.7,3.7,663,0.0,1.12
,R28420,932-029,24-02-2021 07:27,Glu,3,1,Failed,2.85,0.13,0.3,1.13,123,5.2,3.88
,R28466,932-029,24-02-2021 07:26,Glu,8,2,Failed,6.77,0.2,1.7,4.16,139,8.9,2.74
,R28426,932-029,24-02-2021 07:25,Glu,3,8,Failed,2.93,0.11,0.1,3.61,475,0.7,1.59
,R28426,932-029,24-02-2021 07:25,Glu,2,8,Failed,2.97,0.06,0.7,3.45,555,0.3,1.79
,R28426,932-029,24-02-2021 07:25,Glu,8,7,Failed,2.87,0.08,0.8,3.3,570,1.5,2.13
,R28426,932-029,24-02-2021 07:25,Glu,1,16,Failed,2.8,0.0,0.3,1.76,570,1.4,2.94
,R28476,932-029,24-02-2021 07:23,Glu,3,16,Failed,2.8,0.17,0.3,4.73,873,0.0,0.74
,R28476,932-029,24-02-2021 07:23,Glu,2,9,Failed,2.68,0.17,0.0,3.61,470,0.7,1.07
,R28398,932-029,24-02-2021 07:20,Glu,8,1,Failed,2.87,0.1,0.5,2.54,137,6.7,3.18
,R28487,932-029,23-02-2021 15:49,Glu,1,8,Failed,7.98,0.31,2.7,5.39,401,3.1,0.44
,R28519,932-029,23-02-2021 15:46,Glu,1,3,Failed,7.98,0.35,0.4,4.14,388,6.7,0.76
,R28537,932-029,23-02-2021 15:44,Glu,7,16,Failed,7.73,0.36,2.1,3.83,447,8.5,1.07
,R28520,932-029,23-02-2021 15:41,Glu,2,3,Failed,7.75,0.11,0.4,1.17,88,3.8,5.21
,R28432,932-029,23-02-2021 08:59,Glu,8,4,Failed,0.08,0.13,0.8,2.23,456,1.2,2.17
,R28411,932-029,23-02-2021 08:58,Glu,1,5,Failed,0.17,0.24,1.4,3.21,252,8.6,0.83
,R28419,932-029,23-02-2021 08:51,Glu,8,10,Failed,0.08,0.14,1.2,1.0,600,2.3,3.91
,R28351,932-029,22-02-2021 07:42,Glu,3,4,Failed,4.65,0.17,0.8,4.12,463,6.9,3.23
,R28351,932-029,22-02-2021 07:42,Glu,1,10,Failed,4.65,0.02,0.5,0.7,428,6.4,2.98
,R28351,932-029,22-02-2021 07:42,Glu,2,9,Failed,4.6,0.19,1.8,4.89,473,0.7,0.53
,R28390,932-029,22-02-2021 07:40,Glu,1,5,Failed,4.65,0.46,2.8,4.49,570,6.4,0.14
,R28382,932-029,22-02-2021 07:37,Glu,1,2,Failed,4.63,0.14,0.3,5.88,402,0.9,0.05
,R28352,932-029,22-02-2021 07:37,Glu,2,12,Failed,4.53,0.12,0.1,4.99,803,0.3,0.59
,R28391,932-029,22-02-2021 07:36,Glu,8,16,Failed,4.53,0.14,1.4,4.94,464,1.6,0.33
,R28391,932-029,22-02-2021 07:36,Glu,4,14,Failed,4.53,0.05,2.7,5.14,450,0.4,0.48
,R28388,932-029,22-02-2021 07:35,Glu,1,10,Failed,4.47,0.03,1.5,1.96,65,11.1,3.05
,R28378,932-029,22-02-2021 07:34,Glu,1,2,Failed,4.45,0.14,0.2,2.44,193,5.8,2.45
,R28378,932-029,22-02-2021 07:34,Glu,2,3,Failed,4.55,0.14,0.4,3.29,441,2.0,1.04
,R28374,932-029,22-02-2021 07:34,Glu,1,3,Failed,4.47,0.17,1.5,3.92,493,2.3,0.21
,R28374,932-029,22-02-2021 07:34,Glu,3,4,Failed,4.6,0.43,1.0,3.12,487,8.7,1.1
,R28374,932-029,22-02-2021 07:34,Glu,8,3,Failed,4.52,0.26,1.4,3.97,318,10.1,2.69
,R28374,932-029,22-02-2021 07:34,Glu,2,2,Failed,4.5,0.14,0.9,0.93,293,10.6,3.79
,R28381,932-029,22-02-2021 07:29,Glu,2,9,Failed,4.53,0.16,0.0,4.43,443,0.2,0.13
,R28389,932-029,21-02-2021 10:26,Glu,1,5,Failed,2.02,0.04,0.1,1.01,80,8.4,2.28
,R28389,932-029,21-02-2021 10:26,Glu,2,14,Failed,2.05,0.07,0.3,2.73,112,10.7,0.9
,R28410,932-029,21-02-2021 10:25,Glu,1,7,Failed,1.9,0.07,0.8,2.05,498,2.5,2.67
,R28397,932-029,21-02-2021 10:25,Glu,1,15,Failed,2.03,0.13,1.8,3.53,223,8.6,0.12
,R28475,932-029,21-02-2021 10:24,Glu,3,4,Failed,1.82,0.09,0.0,1.54,550,4.2,4.47
,R28431,932-029,21-02-2021 10:24,Glu,1,14,Failed,2.02,0.11,0.1,4.54,494,0.9,0.16
,R28402,932-029,21-02-2021 10:18,Glu,2,3,Failed,1.95,0.11,0.5,3.5,544,0.1,0.65
,R28392,932-029,20-02-2021 10:39,Glu,3,8,Failed,1.43,0.02,0.9,2.02,554,2.8,4.42
,R28392,932-029,20-02-2021 10:39,Glu,2,15,Failed,1.53,0.1,0.0,4.93,453,0.0,1.39
,R28328,932-029,20-02-2021 10:36,Glu,3,3,Failed,0.47,0.11,1.1,2.73,170,8.4,4.75
,R28328,932-029,20-02-2021 10:36,Glu,2,3,Failed,0.38,0.04,0.7,1.18,24,9.4,4.84
,R28393,932-029,20-02-2021 10:35,Glu,2,5,Failed,1.62,0.06,0.8,2.85,748,1.0,4.5
,R28393,932-029,20-02-2021 10:35,Glu,3,4,Failed,1.8,0.04,0.7,0.15,474,2.2,3.49
,R28393,932-029,20-02-2021 10:35,Glu,1,16,Failed,1.5,0.09,0.6,3.14,800,0.7,2.4
,R28343,932-029,20-02-2021 10:34,Glu,3,3,Failed,1.47,0.04,0.9,0.11,451,7.1,3.12
,R28343,932-029,20-02-2021 10:34,Glu,2,11,Failed,1.52,0.08,0.3,2.91,533,1.2,2.38
,R28435,932-029,20-02-2021 10:33,Glu,8,10,Failed,1.73,0.01,1.0,2.15,601,1.2,2.24
,R28435,932-029,20-02-2021 10:33,Glu,1,11,Failed,1.53,0.01,0.8,0.76,606,2.0,2.83
,R28362,932-029,20-02-2021 10:31,Glu,8,8,Failed,1.57,0.13,0.3,4.5,407,0.3,0.39
,R28366,932-029,20-02-2021 10:30,Glu,1,11,Failed,1.65,0.13,0.5,4.59,613,0.2,0.48
,R28366,932-029,20-02-2021 10:30,Glu,2,4,Failed,1.45,0.06,0.7,3.09,601,0.6,1.23
,R28375,932-029,20-02-2021 10:29,Glu,8,11,Failed,0.43,0.13,0.0,4.71,412,0.1,0.41
,R28375,932-029,20-02-2021 10:29,Glu,3,13,Failed,0.52,0.07,1.5,4.37,509,2.5,1.79
,R28364,932-029,20-02-2021 10:26,Glu,3,10,Failed,0.4,0.12,0.1,5.55,576,0.4,0.19
,R28364,932-029,20-02-2021 10:26,Glu,1,10,Failed,0.32,0.1,0.1,4.48,456,0.1,0.25
,R28396,932-029,20-02-2021 10:23,Glu,8,5,Failed,1.62,0.07,0.6,1.87,416,1.6,1.21
,R28396,932-029,20-02-2021 10:23,Glu,1,12,Failed,1.77,0.06,1.0,3.29,247,7.6,0.7
,R28363,932-029,19-02-2021 07:26,Glu,2,4,Failed,1.68,0.04,0.4,3.82,499,1.8,1.36
,R28363,932-029,19-02-2021 07:26,Glu,1,3,Failed,1.8,0.04,1.0,3.83,861,2.9,3.78
,R28379,932-029,19-02-2021 07:23,Glu,3,2,Failed,1.92,0.13,0.4,4.12,769,1.0,1.02
,R28379,932-029,19-02-2021 07:23,Glu,2,5,Failed,1.85,0.12,0.3,3.71,513,0.0,0.93
,R28379,932-029,19-02-2021 07:23,Glu,1,14,Failed,1.83,0.13,0.4,3.69,403,0.2,0.25
,R28372,932-029,19-02-2021 07:21,Glu,3,12,Failed,1.7,0.12,0.3,5.03,602,0.4,0.51
,R28492,932-029,19-02-2021 07:19,Glu,3,2,Failed,5.02,0.11,0.1,3.42,877,1.6,1.48
,R28492,932-029,19-02-2021 07:19,Glu,1,7,Failed,4.98,0.14,0.0,4.08,525,0.3,1.0
,R28367,932-029,19-02-2021 07:17,Glu,8,4,Failed,1.7,0.14,0.8,3.98,668,1.0,6.65
,R28386,932-029,19-02-2021 07:16,Glu,3,12,Failed,1.7,0.18,0.3,4.11,440,1.3,0.09
,R28360,932-029,18-02-2021 07:41,Glu,2,4,Failed,1.55,0.01,0.4,4.39,473,0.9,0.85
,R28370,932-029,18-02-2021 07:39,Glu,1,3,Failed,1.57,0.06,0.7,4.17,474,0.3,1.08
,R28376,932-029,18-02-2021 07:36,Glu,8,1,Failed,1.35,0.12,0.6,4.96,620,0.2,1.05
,R28407,932-029,18-02-2021 07:34,Glu,3,11,Failed,1.45,0.29,1.0,4.18,411,2.9,0.18
,R28408,932-029,18-02-2021 07:32,Glu,1,1,Failed,1.38,0.09,1.2,2.95,311,6.7,0.51
,R28408,932-029,18-02-2021 07:32,Glu,2,10,Failed,1.4,0.01,0.1,2.43,87,8.4,2.18
,R28326,932-029,18-02-2021 07:31,Glu,8,7,Failed,1.33,0.01,0.7,1.93,341,5.7,2.43
,R28409,932-029,18-02-2021 07:27,Glu,8,11,Failed,1.57,0.08,0.3,3.25,482,2.0,0.97
,R28337,932-029,17-02-2021 07:43,Glu,2,7,Failed,1.37,0.14,1.0,3.59,472,2.8,0.07
,R28337,932-029,17-02-2021 07:43,Glu,8,3,Failed,1.45,0.15,1.0,3.42,824,3.5,1.06
,R28355,932-029,17-02-2021 07:41,Glu,3,12,Failed,1.55,0.15,1.2,3.69,411,1.6,0.78
,R28340,932-029,17-02-2021 07:40,Glu,1,11,Failed,1.53,0.15,1.4,3.07,401,1.0,0.54
,R28340,932-029,17-02-2021 07:40,Glu,8,10,Failed,1.57,0.08,1.9,1.2,315,2.0,1.95
,R28359,932-029,17-02-2021 07:40,Glu,1,12,Failed,1.55,0.17,0.4,3.89,447,1.9,0.13
,R28369,932-029,17-02-2021 07:38,Glu,3,5,Failed,1.6,0.13,0.7,1.75,330,6.5,7.49
,R28335,932-029,17-02-2021 07:38,Glu,2,11,Failed,1.48,0.14,1.4,3.71,676,1.7,1.05
,R28354,932-029,17-02-2021 07:37,Glu,2,7,Failed,1.28,0.12,1.2,1.97,571,0.6,1.76
,R28336,932-029,17-02-2021 07:37,Glu,2,5,Failed,1.43,0.15,0.8,3.17,193,5.9,0.56
,R28321,932-029,17-02-2021 07:36,Glu,3,2,Failed,1.32,0.17,1.0,4.6,737,2.2,0.08
,R28321,932-029,17-02-2021 07:36,Glu,2,4,Failed,1.5,0.16,1.3,3.75,670,2.3,0.48
,R28321,932-029,17-02-2021 07:36,Glu,1,5,Failed,1.35,0.16,1.5,4.76,582,0.8,0.59
,R28348,932-029,17-02-2021 07:35,Glu,2,4,Failed,1.53,0.17,0.8,3.09,452,4.7,0.0
,R28348,932-029,17-02-2021 07:35,Glu,8,14,Failed,1.45,0.14,1.6,3.13,424,1.2,0.85
,R28333,932-029,17-02-2021 07:33,Glu,8,1,Failed,1.32,0.16,0.2,2.82,63,10.3,0.89
,R28356,932-029,17-02-2021 07:31,Glu,3,5,Failed,1.42,0.12,1.0,4.5,403,0.6,0.23
,R28356,932-029,17-02-2021 07:31,Glu,2,6,Failed,1.47,0.15,1.1,4.41,460,0.2,0.07
,R28316,932-029,17-02-2021 07:30,Glu,2,12,Failed,1.43,0.17,0.2,3.27,36,8.3,0.48
,R28295,932-029,16-02-2021 07:37,Glu,8,16,Failed,1.57,0.34,1.4,4.42,418,2.2,0.35
,R28339,932-029,16-02-2021 07:36,Glu,8,8,Failed,1.58,0.14,0.2,3.92,218,7.3,1.61
,R28339,932-029,16-02-2021 07:36,Glu,1,11,Failed,1.55,0.17,0.1,4.15,496,0.9,1.29
,R28319,932-029,16-02-2021 07:35,Glu,1,13,Failed,1.45,0.13,0.5,4.65,521,1.3,2.23
,R28324,932-029,16-02-2021 07:33,Glu,8,1,Failed,1.38,0.07,0.7,3.1,557,2.3,3.22
,R28350,932-029,16-02-2021 07:33,Glu,7,16,Failed,1.5,0.35,0.6,0.78,397,6.5,1.11
,R28350,932-029,16-02-2021 07:33,Glu,2,14,Failed,1.42,0.38,1.5,3.99,431,1.2,0.28
,R28350,932-029,16-02-2021 07:33,Glu,4,4,Failed,1.58,0.46,2.3,3.44,428,3.9,0.19
,R28266,932-029,15-02-2021 07:19,Glu,3,7,Failed,4.52,0.15,0.4,0.48,204,6.4,2.42
,R28266,932-029,15-02-2021 07:19,Glu,8,1,Failed,4.52,0.09,1.2,2.46,296,7.4,1.77
,R28271,932-029,15-02-2021 07:18,Glu,8,11,Failed,4.43,0.12,0.4,4.68,473,0.1,3.28
,R28308,932-029,14-02-2021 10:31,Glu,3,4,Failed,1.42,0.08,0.2,3.62,401,0.7,0.73
,R28331,932-029,14-02-2021 10:31,Glu,3,4,Failed,1.72,0.12,0.5,3.23,380,6.7,1.46
,R28331,932-029,14-02-2021 10:31,Glu,1,8,Failed,1.72,0.13,0.3,4.11,443,4.2,1.04
,R28313,932-029,14-02-2021 10:29,Glu,2,14,Failed,1.45,0.14,0.6,4.99,530,0.7,0.68
,R28261,932-029,13-02-2021 10:41,Glu,1,1,Failed,1.02,0.03,0.0,2.05,147,8.2,3.92
,R28261,932-029,13-02-2021 10:41,Glu,8,9,Failed,1.1,0.08,0.6,1.45,141,3.8,3.05
,R28254,932-029,13-02-2021 10:37,Glu,2,5,Failed,1.25,0.06,0.1,3.37,103,8.7,3.26
,R28254,932-029,13-02-2021 10:37,Glu,8,8,Failed,1.17,0.07,1.0,3.09,197,5.8,0.12
,R28278,932-029,13-02-2021 10:35,Glu,8,1,Failed,1.1,0.11,0.5,1.48,5,9.9,3.19
,R28287,932-029,13-02-2021 10:32,Glu,1,3,Failed,1.23,0.07,0.5,1.05,202,6.6,3.27
,R28273,932-029,12-02-2021 07:32,Glu,3,10,Failed,1.88,0.07,0.5,0.22,232,6.9,1.7
,R28284,932-029,12-02-2021 07:10,Glu,1,8,Failed,1.92,0.02,1.4,1.64,193,7.0,4.39
,R28174,932-029,12-02-2021 07:07,Glu,8,7,Failed,1.83,0.1,0.0,3.86,561,0.5,0.7
,R28224,932-029,12-02-2021 07:04,Glu,1,9,Failed,1.8,0.13,0.2,5.32,419,0.3,0.7
,R28173,932-029,11-02-2021 07:51,Glu,2,1,Failed,1.45,0.16,1.0,3.43,219,7.9,1.32
,R28269,932-029,11-02-2021 07:50,Glu,1,14,Failed,1.4,0.15,1.1,3.24,467,3.0,2.29
,R28256,932-029,11-02-2021 07:41,Glu,1,3,Failed,1.27,0.16,0.9,4.41,470,1.6,0.33
,R28256,932-029,11-02-2021 07:41,Glu,2,10,Failed,1.38,0.16,0.8,3.32,422,1.9,0.71
,R28231,932-029,10-02-2021 07:39,Glu,2,3,Failed,2.15,0.18,1.0,3.65,148,7.7,0.58
,R28191,932-029,10-02-2021 07:35,Glu,3,5,Failed,1.98,0.1,0.1,0.91,419,0.9,2.11
,R28163,932-029,10-02-2021 07:35,Glu,2,9,Failed,2.17,0.02,0.2,1.23,76,4.6,2.92
,R28163,932-029,10-02-2021 07:35,Glu,3,2,Failed,2.17,0.08,0.9,3.33,235,5.9,1.13
,R28244,932-029,10-02-2021 07:32,Glu,2,13,Failed,2.07,0.21,0.4,5.34,408,1.0,0.32
,R28244,932-029,10-02-2021 07:32,Glu,1,4,Failed,2.17,0.1,1.4,1.35,90,5.9,2.98
,R28211,932-029,10-02-2021 07:29,Glu,3,11,Failed,2.02,0.02,0.3,1.86,201,6.7,1.32
,R28154,932-029,10-02-2021 07:27,Glu,2,1,Failed,2.07,0.05,0.8,1.39,131,10.6,3.87
,R28154,932-029,10-02-2021 07:27,Glu,8,8,Failed,2.0,0.03,0.3,0.06,113,6.5,3.59
,R28227,932-029,09-02-2021 07:45,Glu,3,14,Failed,1.82,0.16,0.6,5.37,594,0.4,0.4
,R28225,932-029,09-02-2021 07:45,Glu,8,5,Failed,1.7,0.14,1.1,0.39,32,7.8,2.16
,R28167,932-029,09-02-2021 07:45,Glu,8,8,Failed,2.1,0.27,2.3,3.39,421,2.9,0.95
,R28166,932-029,09-02-2021 07:44,Glu,8,10,Failed,0.1,0.23,0.3,3.1,227,6.7,1.02
,R28148,932-029,08-02-2021 07:48,Glu,3,4,Failed,4.67,0.14,2.0,1.67,261,7.7,3.71
,R28147,932-029,08-02-2021 07:47,Glu,3,9,Failed,4.55,0.13,0.5,1.48,78,5.7,2.65
,R28178,932-029,08-02-2021 07:42,Glu,2,16,Failed,4.88,0.24,2.2,4.87,464,1.4,0.42
,R28180,932-029,08-02-2021 07:40,Glu,3,6,Failed,4.78,0.26,0.2,5.0,435,0.4,0.18
,R28153,932-029,07-02-2021 11:08,Glu,2,10,Failed,0.53,0.02,0.5,1.69,97,6.4,1.1
,R28150,932-029,07-02-2021 11:06,Glu,1,1,Failed,0.6,0.26,3.2,4.1,390,7.6,0.38
,R28139,932-029,07-02-2021 11:06,Glu,2,2,Failed,0.52,0.07,0.1,3.14,405,1.1,0.34
,R28139,932-029,07-02-2021 11:06,Glu,1,8,Failed,0.62,0.11,0.2,5.34,402,0.9,0.1
,R28170,932-029,06-02-2021 10:20,Glu,1,2,Failed,0.8,0.12,1.4,1.01,129,7.6,2.59
,R28164,932-029,06-02-2021 10:15,Glu,2,7,Failed,0.92,0.04,0.4,2.29,532,0.7,3.48
,R28135,932-029,06-02-2021 10:14,Glu,2,9,Failed,0.9,0.07,0.5,0.54,142,10.6,2.97
,R28140,932-029,06-02-2021 10:09,Glu,3,2,Failed,1.03,0.15,1.9,3.54,276,6.0,0.97
,R28134,932-029,06-02-2021 10:07,Glu,8,15,Failed,1.05,0.01,1.3,2.24,266,7.4,5.46
,R28134,932-029,06-02-2021 10:07,Glu,3,16,Failed,1.1,0.05,0.4,3.12,250,6.1,2.36
,R28077,932-029,06-02-2021 10:07,Glu,3,1,Failed,0.9,0.11,1.4,3.42,147,5.9,2.16
,R28077,932-029,06-02-2021 10:07,Glu,8,1,Failed,0.98,0.13,1.8,4.59,183,7.7,2.88
,R28127,932-029,06-02-2021 10:04,Glu,2,9,Failed,1.13,0.01,0.9,2.11,224,6.3,1.82
,R28142,932-029,05-02-2021 07:43,Glu,8,2,Failed,1.53,0.09,0.4,1.88,56,11.3,5.67
,R28136,932-029,05-02-2021 07:36,Glu,3,16,Failed,1.73,0.17,0.4,2.22,174,5.7,4.11
,R28086,932-029,05-02-2021 07:35,Glu,2,5,Failed,1.63,0.14,1.5,4.07,271,6.1,0.17
,R28176,932-029,04-02-2021 07:28,Glu,3,11,Failed,1.57,0.55,0.2,5.12,466,1.5,0.26
,R28177,932-029,04-02-2021 07:25,Glu,8,16,Failed,1.53,0.13,0.6,1.86,223,7.7,1.78
,R28066,932-029,04-02-2021 07:25,Glu,2,3,Failed,1.48,0.22,0.3,0.66,118,9.3,4.41
,R28099,932-029,04-02-2021 07:21,Glu,2,10,Failed,1.25,0.23,1.9,4.41,387,8.9,0.51
,R28099,932-029,04-02-2021 07:21,Glu,3,15,Failed,1.52,0.29,1.8,3.63,425,8.5,0.31
,R28100,932-029,03-02-2021 07:27,Glu,3,12,Failed,1.9,0.08,0.5,4.3,676,0.0,4.02
,R28061,932-029,03-02-2021 07:24,Glu,2,9,Failed,4.9,0.06,0.1,0.41,22,8.4,3.06
,R28061,932-029,03-02-2021 07:24,Glu,1,1,Failed,4.75,0.11,0.7,3.14,226,5.8,1.03
,R28071,932-029,02-02-2021 07:48,Glu,1,4,Failed,1.4,0.27,0.4,2.82,39,7.4,1.61
,R28021,932-029,02-02-2021 07:39,Glu,1,7,Failed,1.32,0.18,0.2,0.3,74,6.5,1.55
,R28021,932-029,02-02-2021 07:39,Glu,8,2,Failed,1.3,0.22,0.4,1.38,21,5.7,2.72
,R28065,932-029,02-02-2021 07:38,Glu,3,9,Failed,1.15,0.21,1.4,7.48,451,7.2,4.76
,R28067,932-029,01-02-2021 07:27,Glu,1,10,Failed,6.33,0.16,0.1,1.14,188,5.3,3.96
,R28074,932-029,01-02-2021 07:21,Glu,8,1,Failed,6.25,0.13,0.3,1.11,115,6.7,3.48
,R28072,932-029,01-02-2021 07:21,Glu,8,2,Failed,6.18,0.02,0.4,2.27,173,2.3,1.24
,R28052,932-029,01-02-2021 07:20,Glu,8,4,Failed,6.15,0.04,0.0,2.55,145,1.0,1.91
,R28039,932-029,01-02-2021 07:18,Glu,2,10,Failed,6.32,0.18,0.6,2.94,148,1.0,2.92
,R28039,932-029,01-02-2021 07:18,Glu,7,9,Failed,6.3,0.17,1.2,2.92,278,2.5,3.1
,R28049,932-029,30-01-2021 10:19,Glu,2,6,Failed,0.97,0.11,0.2,2.57,114,6.6,2.87
,R28073,932-029,30-01-2021 10:19,Glu,2,9,Failed,0.98,0.13,0.5,1.29,214,4.3,1.94
,R28035,932-029,30-01-2021 10:15,Glu,1,5,Failed,0.95,0.04,0.5,0.85,219,8.2,1.14
,R28082,932-029,30-01-2021 10:13,Glu,1,9,Failed,1.0,0.05,0.5,0.88,69,7.6,2.86
,R28037,932-029,29-01-2021 07:49,Glu,2,1,Failed,1.7,0.14,0.1,2.21,127,6.2,3.74
,R27993,932-029,28-01-2021 07:44,Glu,2,4,Failed,1.27,0.24,1.8,1.1,450,4.6,4.65
,R27995,932-029,27-01-2021 07:42,Glu,1,9,Failed,1.9,0.19,0.4,1.95,369,10.0,0.71
,R28027,932-029,27-01-2021 07:28,Glu,8,3,Failed,5.63,0.1,1.4,0.22,732,2.2,1.77
,R28015,932-029,26-01-2021 07:43,Glu,1,10,Failed,1.45,0.06,0.8,2.72,296,6.2,0.43
,R27958,932-029,26-01-2021 07:36,Glu,3,3,Failed,3.28,0.04,0.0,1.05,165,6.3,1.8
,R27966,932-029,25-01-2021 07:38,Glu,1,5,Failed,4.57,0.02,0.6,2.98,76,4.0,4.27
,R27975,932-029,25-01-2021 07:35,Glu,8,5,Failed,4.4,0.11,0.4,1.1,408,1.6,5.08
,R27858,932-029,23-01-2021 11:28,Glu,3,4,Failed,2.1,0.07,0.4,3.21,476,1.3,3.03
,R27941,932-029,23-01-2021 11:25,Glu,1,1,Failed,2.17,0.1,0.0,0.68,144,10.0,4.15
,R27941,932-029,23-01-2021 11:25,Glu,2,5,Failed,2.22,0.11,0.1,0.24,73,6.8,4.07
,R27971,932-029,23-01-2021 11:24,Glu,8,9,Failed,2.33,0.07,0.6,0.15,116,5.7,1.97
,R27943,932-029,23-01-2021 11:23,Glu,2,2,Failed,2.4,0.13,0.7,3.41,43,7.6,2.34
,R27934,932-029,23-01-2021 11:22,Glu,2,2,Failed,2.27,0.1,0.1,4.3,503,0.6,0.55
,R27965,932-029,23-01-2021 11:19,Glu,2,10,Failed,2.17,0.13,2.2,3.8,14,6.9,4.87
,R27965,932-029,23-01-2021 11:19,Glu,1,5,Failed,2.18,0.08,1.0,1.2,55,4.2,5.15
,R27940,932-029,23-01-2021 11:18,Glu,1,2,Failed,2.33,0.1,0.2,2.44,4,6.3,2.55
,R27929,932-029,23-01-2021 11:17,Glu,8,10,Failed,2.3,0.14,0.6,1.5,253,2.1,3.37
,R27899,932-029,22-01-2021 07:21,Glu,3,15,Failed,1.5,0.05,0.0,1.09,298,6.5,1.35
,R27926,932-029,22-01-2021 07:17,Glu,3,7,Failed,1.62,0.02,0.2,2.88,409,0.7,1.46
,R27935,932-029,21-01-2021 07:45,Glu,1,2,Failed,1.42,0.14,0.3,5.43,412,0.2,0.2
,R27930,932-029,21-01-2021 07:44,Glu,1,1,Failed,1.37,0.02,0.4,0.93,64,6.2,1.91
,R27898,932-029,21-01-2021 07:41,Glu,8,2,Failed,1.22,0.1,0.2,2.55,168,6.3,3.62
,R27914,932-029,20-01-2021 07:27,Glu,8,9,Failed,1.25,0.08,0.2,2.84,270,6.0,0.82
,R27890,932-029,20-01-2021 07:20,Glu,3,4,Failed,1.12,0.3,2.5,4.19,483,3.9,0.73
,R27890,932-029,20-01-2021 07:20,Glu,1,6,Failed,1.23,0.21,1.5,4.56,429,2.1,0.34
,R27925,932-029,19-01-2021 08:31,Glu,1,2,Failed,0.1,0.33,0.1,2.39,165,7.6,2.84
,R27856,932-029,19-01-2021 08:26,Glu,1,3,Failed,0.02,0.29,1.0,1.64,15,5.9,1.63
,R27457,932-029,19-01-2021 08:24,Glu,8,9,Failed,0.2,0.34,0.8,3.8,239,6.2,0.16
,R27693,932-029,19-01-2021 08:22,Glu,7,8,Failed,0.05,0.13,0.1,2.37,200,6.0,1.09
,R27921,932-029,19-01-2021 07:18,Glu,8,7,Failed,1.08,0.29,2.0,3.07,10,7.3,4.5
,R27903,932-029,18-01-2021 07:31,Glu,8,13,Failed,3.15,0.47,1.4,4.07,432,3.2,0.13
,R27903,932-029,18-01-2021 07:31,Glu,1,9,Failed,3.23,0.4,3.5,4.44,420,1.9,0.25
,R27896,932-029,18-01-2021 07:27,Glu,8,16,Failed,3.2,0.33,2.5,4.09,427,3.6,0.12
,R27694,932-029,18-01-2021 07:26,Glu,1,3,Failed,3.17,0.31,1.0,3.43,415,10.7,0.42
,R27694,932-029,18-01-2021 07:26,Glu,7,10,Failed,3.13,0.32,0.9,3.75,351,6.8,0.67
,R27694,932-029,18-01-2021 07:26,Glu,2,6,Failed,3.12,0.33,1.3,3.66,420,5.7,0.52
,R27866,932-029,18-01-2021 07:22,Glu,8,9,Failed,3.02,0.18,0.4,1.57,120,6.1,2.09
,R27904,932-029,18-01-2021 07:20,Glu,8,3,Failed,2.82,0.02,1.9,3.3,66,4.6,2.81
,R27912,932-029,16-01-2021 10:38,Glu,2,11,Failed,1.72,0.24,0.2,3.99,511,0.0,1.02
,R27874,932-029,15-01-2021 07:25,Glu,8,4,Failed,1.55,0.26,1.4,1.44,427,0.9,1.75
,R27874,932-029,15-01-2021 07:25,Glu,3,2,Failed,1.53,0.12,1.5,7.17,528,4.1,3.6
,R27857,932-029,15-01-2021 07:20,Glu,3,1,Failed,1.73,0.04,1.1,1.53,220,5.7,4.8
,R27801,932-029,15-01-2021 07:19,Glu,8,3,Failed,1.58,0.14,1.4,2.29,395,2.6,4.71
,R27815,932-029,15-01-2021 07:18,Glu,1,1,Failed,1.55,0.2,0.6,2.84,268,8.4,3.56
,R27803,932-029,14-01-2021 07:42,Glu,3,4,Failed,1.52,0.33,1.2,0.77,44,7.9,1.96
,R27814,932-029,14-01-2021 07:36,Glu,3,8,Failed,0.68,0.11,1.8,0.8,152,8.6,1.86
,R27819,932-029,14-01-2021 07:36,Glu,1,1,Failed,1.63,0.27,0.8,1.81,118,8.2,2.29
,R27819,932-029,14-01-2021 07:36,Glu,8,3,Failed,1.53,0.17,1.1,1.63,93,6.3,2.73
,R27832,932-029,13-01-2021 07:41,Glu,4,4,Failed,1.0,0.15,0.7,0.8,68,6.9,3.28
,R27811,932-029,12-01-2021 07:36,Glu,8,1,Failed,1.35,0.29,0.8,0.89,209,7.6,2.54
,R27793,932-029,12-01-2021 07:33,Glu,3,5,Failed,1.33,0.23,1.5,0.77,533,3.9,3.42
,R27783,932-029,12-01-2021 07:29,Glu,8,12,Failed,1.2,0.27,1.1,2.37,482,1.7,2.07
,R27840,932-029,12-01-2021 07:25,Glu,3,3,Failed,1.22,0.52,0.6,1.31,206,7.7,1.7
,R27764,932-029,12-01-2021 07:25,Glu,3,9,Failed,1.28,0.19,1.0,2.21,156,8.1,3.38
,R27764,932-029,12-01-2021 07:25,Glu,1,7,Failed,1.17,0.28,0.8,1.02,153,5.8,2.5
,R27805,932-029,12-01-2021 07:23,Glu,3,15,Failed,1.18,0.48,0.3,0.52,264,9.6,1.7
,R27733,932-029,11-01-2021 07:18,Glu,1,2,Failed,3.55,0.16,1.5,3.49,69,1.4,2.77
,R27733,932-029,11-01-2021 07:18,Glu,2,3,Failed,3.48,0.32,1.2,1.78,296,6.5,6.34
,R27753,932-029,11-01-2021 07:15,Glu,8,1,Failed,3.25,0.11,0.6,0.76,265,7.3,2.03
,R27722,932-029,11-01-2021 07:14,Glu,2,14,Failed,3.5,0.4,0.8,2.05,125,0.4,2.38
,R27763,932-029,11-01-2021 07:10,Glu,8,13,Failed,3.15,0.33,0.4,1.34,322,6.5,0.74
,R27757,932-029,09-01-2021 10:22,Glu,8,8,Failed,0.97,0.28,0.1,1.77,55,3.6,5.32
,R27812,932-029,09-01-2021 10:18,Glu,1,5,Failed,1.05,0.3,0.4,3.7,444,0.8,0.69
,R27767,932-029,09-01-2021 10:16,Glu,2,16,Failed,1.08,0.29,0.7,1.16,26,0.0,1.71
,R27767,932-029,09-01-2021 10:16,Glu,3,1,Failed,1.25,0.2,0.1,1.84,213,6.2,2.54
,R27768,932-029,09-01-2021 10:16,Glu,2,13,Failed,0.95,0.3,0.2,4.02,627,0.5,0.88
,R27794,932-029,09-01-2021 10:15,Glu,1,2,Failed,1.15,0.29,0.8,2.51,657,0.2,1.95
,R27721,932-029,09-01-2021 10:14,Glu,1,1,Failed,1.02,0.41,1.2,3.17,401,6.7,5.36
,R27775,932-029,09-01-2021 10:13,Glu,1,6,Failed,1.03,0.19,0.1,0.24,361,9.0,1.91
,R27739,932-029,08-01-2021 07:34,Glu,8,3,Failed,1.32,0.21,1.3,0.01,75,7.1,3.25
,R27760,932-029,08-01-2021 07:34,Glu,2,8,Failed,1.28,0.18,0.8,1.93,382,12.8,3.77
,R27766,932-029,08-01-2021 07:32,Glu,3,2,Failed,1.12,0.2,0.7,0.96,230,3.5,1.66
,R27780,932-029,08-01-2021 07:32,Glu,2,12,Failed,1.18,0.14,2.0,4.19,293,0.9,2.91
,R27780,932-029,08-01-2021 07:32,Glu,8,5,Failed,1.33,0.19,1.6,0.85,188,2.2,5.1
,R27716,932-029,08-01-2021 07:31,Glu,8,4,Failed,1.33,0.29,1.5,2.29,2,4.6,4.79
,R27744,932-029,08-01-2021 07:29,Glu,2,5,Failed,1.22,0.11,1.1,2.31,161,2.4,4.2
,R27744,932-029,08-01-2021 07:29,Glu,1,7,Failed,1.3,0.33,0.2,1.82,238,7.0,3.0
,R27727,932-029,08-01-2021 07:29,Glu,4,6,Failed,1.33,0.19,1.3,1.23,68,5.7,5.58
,R27727,932-029,08-01-2021 07:29,Glu,8,7,Failed,1.28,0.28,0.4,0.39,248,6.6,1.61
,R27746,932-029,07-01-2021 07:22,Glu,8,15,Failed,1.47,0.33,0.7,1.9,280,7.2,0.42
,R27738,932-029,07-01-2021 07:21,Glu,8,1,Failed,1.4,0.49,1.2,2.84,442,5.2,0.18
,R27748,932-029,07-01-2021 07:21,Glu,8,7,Failed,1.2,0.25,0.3,0.84,61,8.0,4.09
,R27752,932-029,07-01-2021 07:18,Glu,2,8,Failed,1.33,0.21,1.3,4.45,80,0.8,3.05
,R27752,932-029,07-01-2021 07:18,Glu,1,3,Failed,1.4,0.47,0.4,1.91,334,6.4,0.98
,R27741,932-029,07-01-2021 07:17,Glu,8,8,Failed,1.3,0.21,0.8,2.38,334,3.7,0.96
,R27741,932-029,07-01-2021 07:17,Glu,3,3,Failed,1.28,0.49,4.0,4.31,500,7.9,0.56
,R27741,932-029,07-01-2021 07:17,Glu,2,9,Failed,1.38,0.39,2.3,3.14,410,4.4,0.43
,R27736,932-029,07-01-2021 07:16,Glu,1,1,Failed,1.4,0.45,1.5,3.48,299,5.7,0.5
,R27742,932-029,07-01-2021 07:16,Glu,3,4,Failed,1.22,0.36,3.0,3.67,409,0.5,0.76
,R27703,932-029,07-01-2021 07:13,Glu,2,6,Failed,1.18,0.16,0.1,3.32,96,1.4,1.4
,R27740,932-029,06-01-2021 07:17,Glu,2,2,Failed,1.93,0.42,1.7,3.56,424,2.7,0.43
,R27750,932-029,06-01-2021 07:15,Glu,8,4,Failed,1.7,0.28,1.3,2.33,334,7.5,0.93
,R27750,932-029,06-01-2021 07:15,Glu,2,8,Failed,1.87,0.5,2.5,3.68,447,2.8,0.66
,R27750,932-029,06-01-2021 07:15,Glu,3,9,Failed,1.68,0.27,1.4,1.22,362,6.4,1.96
,R27696,932-029,06-01-2021 07:13,Glu,2,1,Failed,1.72,0.55,1.2,3.32,456,3.6,0.24
,R27720,932-029,06-01-2021 07:12,Glu,3,2,Failed,1.85,0.45,2.0,3.42,227,7.6,0.12
,R27700,932-029,06-01-2021 07:12,Glu,8,2,Failed,1.77,0.32,3.1,3.81,437,3.3,0.5
,R27749,932-029,06-01-2021 07:10,Glu,1,2,Failed,1.78,0.37,2.1,4.34,446,3.1,0.26
,R27749,932-029,06-01-2021 07:10,Glu,3,2,Failed,1.92,0.3,2.4,4.15,438,2.0,0.45
,R27751,932-029,05-01-2021 07:47,Glu,1,1,Failed,2.55,0.12,0.6,3.82,308,6.7,4.02
,R27702,932-029,05-01-2021 07:44,Glu,3,5,Failed,2.52,0.35,4.5,3.31,457,3.3,0.68
,R27702,932-029,05-01-2021 07:44,Glu,2,16,Failed,2.48,0.63,1.5,3.39,481,6.8,1.38
,R27702,932-029,05-01-2021 07:44,Glu,1,2,Failed,2.52,0.45,1.5,2.7,420,5.3,0.52
,R27702,932-029,05-01-2021 07:44,Glu,8,14,Failed,2.53,0.24,0.7,1.41,90,2.0,5.99
,R27704,932-029,05-01-2021 07:44,Glu,3,2,Failed,2.35,0.37,2.6,3.5,443,4.3,0.41
,R27712,932-029,05-01-2021 07:43,Glu,5,9,Failed,2.5,0.26,0.9,1.82,105,2.2,4.07
,R27743,932-029,05-01-2021 07:40,Glu,2,7,Failed,2.45,0.07,1.2,4.12,33,2.4,4.42
,R27688,932-029,05-01-2021 07:39,Glu,2,6,Failed,2.55,0.33,1.1,2.8,416,1.5,0.26
,R27688,932-029,05-01-2021 07:39,Glu,3,12,Failed,2.32,0.32,2.7,3.71,462,7.8,0.57
,R27821,932-029,05-01-2021 07:38,Glu,3,2,Failed,2.38,0.25,0.6,0.95,349,8.4,1.55
,R27682,932-029,05-01-2021 07:32,Glu,1,1,Failed,2.28,0.0,1.1,4.41,167,4.1,4.85
