bcr_dir,RunNumberPartNumberID,RunNumber,PartNumber,Timestamp,Sensor,BoardNumber,ArrayNumber,time_betw_scan_min,CA,CA Humidity,CA Temperature,YM,Class,Tid efter start [timer],2/1 mM Glu/Lac [mM],1 mM H2O2 [mM],40/25 mM glu/lac høj O2,Sensitivity [pA/µM],t on 10/5 mM glu/lac [s],Lav O2 - Høj O2
932-029-R28854-N008-A7-Approved,27024,R28854,932-029,14-03-2021 16:34,Glu,8,7,1711,2.627,31.4,25.32,5.83,Approved,2.22,0.34,4.0,3.89,459,0.8,0.85
932-029-R28854-N003-A10-Approved,27024,R28854,932-029,14-03-2021 16:18,Glu,3,10,1752,2.6710000000000003,31.73,25.25,5.81,Approved,2.33,0.27,2.3,3.76,175,2.5,0.04
932-029-R28854-N002-A3-Approved,27024,R28854,932-029,14-03-2021 16:16,Glu,2,3,1753,2.716,31.95,25.06,5.943,Approved,2.37,0.25,2.6,4.21,223,1.8,0.59
932-029-R28854-N001-A1-Approved,27024,R28854,932-029,14-03-2021 16:12,Glu,1,1,1751,2.915,31.35,25.43,5.468,Approved,2.27,0.28,1.0,3.85,64,0.0,0.46
932-029-R28831-N008-A8-Approved,26839,R28831,932-029,14-03-2021 15:16,Glu,8,8,3084,2.565,29.06,26.51,5.7360000000000015,Approved,1.22,0.21,2.4,3.94,350,1.6,0.54
932-029-R28831-N003-A1-Approved,26839,R28831,932-029,14-03-2021 15:02,Glu,3,1,3099,2.533,29.11,26.75,5.846,Approved,1.22,0.07,0.2,1.67,258,2.8,2.35
932-029-R28831-N002-A9-Approved,26839,R28831,932-029,14-03-2021 14:58,Glu,2,9,3102,2.605,28.94,26.73,5.91,Approved,1.23,0.19,1.6,3.81,262,0.3,0.61
932-029-R28831-N001-A16-Approved,26839,R28831,932-029,14-03-2021 14:56,Glu,1,16,3105,2.463,28.97,26.73,5.787000000000001,Approved,1.12,0.2,2.3,4.02,307,0.0,1.02
932-029-R28873-N008-A15-Approved,26884,R28873,932-029,14-03-2021 14:52,Glu,8,15,1328,2.577,28.67,26.77,5.329,Approved,2.25,0.26,1.5,3.43,105,1.0,0.78
932-029-R28873-N003-A7-Approved,26884,R28873,932-029,14-03-2021 14:36,Glu,3,7,1323,2.576,28.87,26.82,5.558,Approved,2.23,0.34,1.8,3.5,203,1.2,0.58
932-029-R28873-N002-A5-Approved,26884,R28873,932-029,14-03-2021 14:34,Glu,2,5,1324,2.567,28.81,26.75,5.505,Approved,2.25,0.33,1.4,3.33,202,0.0,0.59
932-029-R28873-N001-A12-Approved,26884,R28873,932-029,14-03-2021 14:30,Glu,1,12,1325,2.582,28.4,26.84,5.684,Approved,2.27,0.28,2.1,3.92,274,0.2,0.8
932-029-R28843-N008-A1-Approved,26972,R28843,932-029,14-03-2021 13:20,Glu,8,1,1651,2.623,28.33,26.91,5.532,Approved,2.35,0.22,1.2,3.42,102,0.2,0.52
932-029-R28843-N003-A3-Approved,26972,R28843,932-029,14-03-2021 13:04,Glu,3,3,1670,2.45,28.55,27.02,6.228,Approved,2.35,0.21,2.1,4.1,299,2.0,0.51
932-029-R28843-N002-A6-Approved,26972,R28843,932-029,14-03-2021 13:02,Glu,2,6,1673,2.634,27.93,27.02,6.424,Approved,2.35,0.23,2.0,3.68,353,2.1,0.64
932-029-R28843-N001-A12-Approved,26972,R28843,932-029,14-03-2021 12:58,Glu,1,12,1672,2.591,27.71,27.09,5.672999999999999,Approved,2.28,0.25,1.7,3.91,256,0.4,0.63
932-029-R28844-N008-A3-Approved,26973,R28844,932-029,14-03-2021 12:54,Glu,8,3,3627,2.611,28.15,27.16,5.476,Approved,2.32,0.26,1.4,4.07,99,0.0,0.75
932-029-R28844-N003-A2-Approved,26973,R28844,932-029,14-03-2021 12:40,Glu,3,2,3633,2.655,27.54,27.32,5.542000000000002,Approved,2.33,0.28,0.7,4.09,303,0.0,0.81
932-029-R28844-N002-A2-Approved,26973,R28844,932-029,14-03-2021 12:36,Glu,2,2,3636,2.648,28.0,27.37,6.186,Approved,2.4,0.44,0.8,4.21,375,2.9,0.68
932-029-R28844-N001-A11-Approved,26973,R28844,932-029,14-03-2021 12:34,Glu,1,11,3641,2.573,27.9,27.42,6.101,Approved,2.32,0.35,0.7,3.89,345,1.7,0.59
932-029-R28825-N008-A13-Approved,26833,R28825,932-029,14-03-2021 11:06,Glu,8,13,1513,2.305,27.17,27.67,5.381,Approved,2.28,0.24,1.8,3.98,256,0.8,0.94
932-029-R28834-N008-A2-Approved,26842,R28834,932-029,12-03-2021 11:14,Glu,8,2,1432,2.476,33.03,25.46,6.5139999999999985,Approved,1.03,0.24,0.7,4.06,288,3.0,0.24
932-029-R28834-N003-A16-Approved,26842,R28834,932-029,12-03-2021 10:58,Glu,3,16,1476,2.325,31.68,25.48,5.323,Approved,1.05,0.22,0.0,3.87,87,0.5,0.17
932-029-R28834-N001-A10-Approved,26842,R28834,932-029,12-03-2021 10:50,Glu,1,10,1483,2.489,31.97,25.62,5.822,Approved,1.07,0.25,0.6,4.25,284,0.4,0.13
932-029-R28855-N008-A5-Approved,27025,R28855,932-029,12-03-2021 10:46,Glu,8,5,3305,2.696,31.7,25.71,5.59,Approved,2.28,0.3,1.6,3.78,106,0.3,0.63
932-029-R28855-N003-A10-Approved,27025,R28855,932-029,12-03-2021 10:32,Glu,3,10,3333,2.55,31.33,26.05,5.968,Approved,2.28,0.24,1.3,2.9,140,2.7,0.81
932-029-R28855-N002-A11-Approved,27025,R28855,932-029,12-03-2021 10:28,Glu,2,11,3332,2.745,30.86,26.19,6.005,Approved,2.27,0.35,2.6,3.69,363,1.5,0.74
932-029-R28866-N001-A14-Approved,26877,R28866,932-029,12-03-2021 10:16,Glu,1,14,1333,2.835,28.86,27.41,5.447,Approved,1.13,0.24,0.2,3.53,175,0.1,0.03
932-029-R28866-N008-A7-Approved,26877,R28866,932-029,12-03-2021 10:12,Glu,8,7,1081,2.577,29.43,27.35,5.912000000000001,Approved,1.02,0.23,0.7,4.28,262,0.2,0.3
932-029-R28866-N002-A4-Approved,26877,R28866,932-029,12-03-2021 09:54,Glu,2,4,1330,2.516,28.99,27.34,5.622000000000001,Approved,1.1,0.22,0.4,4.02,66,0.2,0.35
932-029-R28865-N008-A12-Approved,26876,R28865,932-029,12-03-2021 09:48,Glu,8,12,1154,2.645,29.46,27.35,5.534,Approved,2.25,0.16,1.3,3.48,22,0.4,0.27
932-029-R28865-N003-A2-Approved,26876,R28865,932-029,12-03-2021 09:32,Glu,3,2,1382,2.406,29.93,26.79,6.039,Approved,2.27,0.2,1.8,3.33,161,2.2,0.24
932-029-R28865-N001-A16-Approved,26876,R28865,932-029,12-03-2021 09:24,Glu,1,16,1916,2.69,29.41,27.46,5.995,Approved,2.25,0.21,1.8,3.86,285,0.1,0.66
932-029-R28867-N003-A11-Approved,26878,R28867,932-029,12-03-2021 07:54,Glu,3,11,3023,2.681,29.58,27.05,5.8610000000000015,Approved,1.07,0.22,0.2,1.93,114,0.8,0.86
932-029-R28867-N001-A2-Approved,26878,R28867,932-029,12-03-2021 07:48,Glu,1,2,3009,2.535,29.31,27.07,5.658,Approved,0.92,0.2,0.0,2.8,26,0.2,0.21
932-029-R28864-N008-A7-Approved,26875,R28864,932-029,12-03-2021 07:44,Glu,8,7,1946,2.767,29.16,27.0,5.4270000000000005,Approved,1.08,0.22,0.7,3.93,241,0.1,0.29
932-029-R28864-N003-A4-Approved,26875,R28864,932-029,12-03-2021 07:28,Glu,3,4,1994,2.384,29.88,26.52,5.535,Approved,1.12,0.23,0.3,3.87,22,0.8,0.41
932-029-R28812-N008-A2-Approved,26820,R28812,932-029,11-03-2021 20:58,Glu,8,2,941,2.603,33.31,25.68,5.978,Approved,1.0,0.2,0.4,1.78,297,3.8,1.51
932-029-R28812-N003-A7-Approved,26820,R28812,932-029,11-03-2021 20:42,Glu,3,7,718,2.631,33.46,25.83,5.847,Approved,1.0,0.27,1.1,3.44,291,0.6,0.61
932-029-R28812-N002-A13-Approved,26820,R28812,932-029,11-03-2021 20:40,Glu,2,13,720,2.695,33.33,25.82,5.771,Approved,1.02,0.26,0.7,4.03,275,0.1,0.29
932-029-R28812-N001-A10-Approved,26820,R28812,932-029,11-03-2021 20:36,Glu,1,10,723,2.809,33.09,25.85,5.982,Approved,1.05,0.25,0.8,4.18,276,0.4,0.12
932-029-R28747-N008-A5-Approved,26708,R28747,932-029,11-03-2021 20:06,Glu,8,5,1658,2.547,31.55,26.66,6.165,Approved,2.37,0.21,2.7,4.08,295,0.8,0.76
932-029-R28747-N003-A7-Approved,26708,R28747,932-029,11-03-2021 19:52,Glu,3,7,1684,2.697,32.12,26.65,5.651,Approved,2.28,0.21,1.9,4.43,6,0.8,0.85
932-029-R28747-N002-A2-Approved,26708,R28747,932-029,11-03-2021 19:48,Glu,2,2,1684,2.569,32.44,26.51,6.1320000000000014,Approved,2.37,0.22,2.5,3.61,257,5.6,0.77
932-029-R28747-N001-A10-Approved,26708,R28747,932-029,11-03-2021 19:46,Glu,1,10,1685,2.613,32.47,26.43,5.8420000000000005,Approved,2.33,0.28,2.2,3.62,168,0.7,0.33
932-029-R28827-N008-A6-Approved,26835,R28827,932-029,11-03-2021 18:20,Glu,8,6,3110,2.602,33.65,25.68,5.504,Approved,1.0,0.22,0.1,3.91,14,0.1,0.44
932-029-R28827-N003-A5-Approved,26835,R28827,932-029,11-03-2021 18:04,Glu,3,5,3113,2.688,32.67,26.36,5.855,Approved,1.0,0.23,0.9,4.5,172,0.1,0.12
932-029-R28827-N002-A4-Approved,26835,R28827,932-029,11-03-2021 18:02,Glu,2,4,3113,2.76,32.32,26.68,5.691,Approved,1.07,0.21,0.4,3.89,145,1.3,0.1
932-029-R28827-N001-A12-Approved,26835,R28827,932-029,11-03-2021 17:58,Glu,1,12,3118,2.6910000000000003,31.43,27.26,5.687,Approved,1.0,0.33,0.6,1.19,18,1.8,1.91
932-029-R28842-N008-A6-Approved,26959,R28842,932-029,11-03-2021 17:56,Glu,8,6,752,2.5810000000000004,31.53,27.25,6.082000000000002,Approved,1.0,0.25,0.9,4.31,294,2.1,0.29
932-029-R28842-N003-A13-Approved,26959,R28842,932-029,11-03-2021 17:34,Glu,3,13,793,2.6830000000000003,31.73,26.88,6.042000000000002,Approved,0.98,0.25,0.7,4.14,243,0.1,0.32
932-029-R28842-N002-A10-Approved,26959,R28842,932-029,11-03-2021 17:30,Glu,2,10,798,2.521,31.31,27.04,6.68,Approved,1.07,0.23,2.7,4.24,374,1.8,0.42
932-029-R28800-N008-A12-Approved,26791,R28800,932-029,11-03-2021 17:24,Glu,8,12,830,2.616,31.63,27.18,5.905,Approved,0.98,0.23,0.3,3.94,143,0.3,0.51
932-029-R28800-N003-A15-Approved,26791,R28800,932-029,11-03-2021 17:00,Glu,3,15,832,2.472,32.02,26.95,5.747000000000001,Approved,0.98,0.21,0.5,2.7,177,1.0,1.06
932-029-R28800-N002-A11-Approved,26791,R28800,932-029,11-03-2021 16:58,Glu,2,11,831,2.654,32.2,26.89,5.949,Approved,1.02,0.22,0.2,3.54,131,0.2,0.05
932-029-R28800-N001-A5-Approved,26791,R28800,932-029,11-03-2021 16:54,Glu,1,5,833,2.53,32.47,26.73,6.2029999999999985,Approved,0.95,0.24,0.6,1.47,35,2.4,0.95
932-029-R28828-N003-A11-Approved,26836,R28828,932-029,11-03-2021 16:30,Glu,3,11,736,2.73,32.41,26.82,5.88,Approved,5.17,0.23,1.2,3.98,32,1.1,1.1
932-029-R28828-N002-A16-Approved,26836,R28828,932-029,11-03-2021 16:26,Glu,2,16,744,2.679,32.79,26.54,5.892,Approved,5.02,0.19,1.5,3.87,53,1.1,0.72
932-029-R28847-N008-A2-Approved,26976,R28847,932-029,11-03-2021 15:54,Glu,8,2,3809,2.515,32.47,26.91,5.267,Approved,2.33,0.22,1.0,2.31,23,1.1,1.52
932-029-R28847-N003-A10-Approved,26976,R28847,932-029,11-03-2021 15:38,Glu,3,10,3840,2.481,31.14,27.14,5.849,Approved,2.38,0.23,2.1,3.06,163,0.9,0.27
932-029-R28847-N001-A16-Approved,26976,R28847,932-029,11-03-2021 15:32,Glu,1,16,3842,2.714,32.02,26.98,5.425,Approved,2.37,0.22,2.4,3.98,167,1.2,0.19
932-029-R28818-N003-A8-Approved,26826,R28818,932-029,11-03-2021 15:02,Glu,3,8,3297,2.316,31.35,27.07,5.6560000000000015,Approved,1.07,0.23,0.2,4.21,109,0.0,0.03
932-029-R28818-N002-A8-Approved,26826,R28818,932-029,11-03-2021 14:58,Glu,2,8,3298,2.192,31.21,27.07,5.772,Approved,1.1,0.22,1.0,4.39,208,0.3,0.11
932-029-R28818-N001-A2-Approved,26826,R28818,932-029,11-03-2021 14:56,Glu,1,2,3303,2.311,31.14,27.12,5.6389999999999985,Approved,1.0,0.16,0.0,2.4,210,1.5,0.24
932-029-R28817-N008-A14-Approved,26825,R28817,932-029,11-03-2021 14:52,Glu,8,14,3502,2.357,31.14,27.09,5.763,Approved,5.05,0.24,2.2,5.01,227,0.3,0.42
932-029-R28817-N003-A14-Approved,26825,R28817,932-029,11-03-2021 14:36,Glu,3,14,3498,2.423,32.39,26.66,5.27,Approved,5.18,0.24,1.9,3.0,254,2.0,4.1
932-029-R28817-N001-A1-Approved,26825,R28817,932-029,11-03-2021 14:30,Glu,1,1,3496,2.318,32.29,26.66,5.747999999999998,Approved,5.12,0.22,1.4,3.54,256,1.5,1.6
932-029-R28807-N008-A1-Approved,26815,R28807,932-029,11-03-2021 14:24,Glu,8,1,4477,2.16,32.83,26.17,5.772,Approved,1.23,0.22,1.6,3.32,134,1.3,0.4
932-029-R28807-N003-A14-Approved,26815,R28807,932-029,11-03-2021 14:10,Glu,3,14,5150,2.087,32.09,26.96,5.939,Approved,1.23,0.24,2.6,3.68,298,1.9,0.9
932-029-R28807-N002-A14-Approved,26815,R28807,932-029,11-03-2021 14:06,Glu,2,14,5159,2.107,32.25,26.93,5.756,Approved,1.22,0.22,2.3,4.02,240,0.5,0.82
932-029-R28807-N001-A15-Approved,26815,R28807,932-029,11-03-2021 14:04,Glu,1,15,5167,2.279,32.2,26.89,5.622000000000001,Approved,1.15,0.22,2.1,4.06,228,0.4,1.01
932-029-R28833-N008-A5-Approved,26841,R28833,932-029,11-03-2021 13:22,Glu,8,5,4830,1.979,32.14,26.51,5.891,Approved,2.25,0.22,1.7,2.24,154,3.1,0.63
932-029-R28833-N003-A10-Approved,26841,R28833,932-029,11-03-2021 13:06,Glu,3,10,4883,2.312,34.0,25.89,5.604,Approved,2.27,0.28,1.5,3.54,64,0.4,0.8
932-029-R28833-N002-A2-Approved,26841,R28833,932-029,11-03-2021 13:04,Glu,2,2,4887,2.269,33.89,25.99,5.087,Approved,2.23,0.27,1.2,3.07,3,0.5,0.55
932-029-R28833-N001-A15-Approved,26841,R28833,932-029,11-03-2021 13:00,Glu,1,15,4821,2.438,32.79,26.29,5.2170000000000005,Approved,2.25,0.29,1.5,3.84,63,0.2,0.84
932-029-R28769-N008-A15-Approved,26745,R28769,932-029,11-03-2021 12:10,Glu,8,15,6937,1.669,33.04,26.35,5.596,Approved,1.23,0.27,2.7,3.26,318,0.4,0.95
932-029-R28769-N004-A12-Approved,26745,R28769,932-029,11-03-2021 11:58,Glu,4,12,6949,1.527,34.19,26.01,5.405,Approved,1.23,0.21,4.1,3.67,332,1.0,0.82
932-029-R28769-N002-A9-Approved,26745,R28769,932-029,11-03-2021 11:52,Glu,2,9,6951,1.683,32.47,26.43,5.101,Approved,1.2,0.17,3.7,3.83,309,0.4,0.86
932-029-R28769-N001-A1-Approved,26745,R28769,932-029,11-03-2021 11:50,Glu,1,1,6954,1.253,32.88,26.73,6.363,Approved,1.22,0.21,3.4,3.56,373,0.6,0.76
932-029-R28838-N008-A8-Approved,26955,R28838,932-029,11-03-2021 11:08,Glu,8,8,1164,2.347,31.46,26.88,6.529,Approved,1.02,0.2,0.3,2.28,122,4.1,1.47
932-029-R28838-N003-A8-Approved,26955,R28838,932-029,11-03-2021 10:54,Glu,3,8,1137,2.446,32.69,26.63,6.944,Approved,1.13,0.15,0.4,1.16,9,4.6,3.01
932-029-R28838-N002-A2-Approved,26955,R28838,932-029,11-03-2021 10:50,Glu,2,2,1141,2.419,32.46,26.66,6.011,Approved,1.02,0.24,0.1,2.64,63,2.6,1.02
932-029-R28838-N001-A9-Approved,26955,R28838,932-029,11-03-2021 10:48,Glu,1,9,1134,2.526,32.46,26.61,6.032,Approved,1.08,0.22,0.2,4.3,9,0.1,0.47
932-029-R28824-N008-A7-Approved,26832,R28824,932-029,11-03-2021 10:44,Glu,8,7,970,2.569,32.35,26.58,5.7010000000000005,Approved,1.8,0.3,0.9,2.05,202,3.3,0.8
932-029-R28824-N003-A11-Approved,26832,R28824,932-029,11-03-2021 10:30,Glu,3,11,983,2.448,33.11,25.99,5.917999999999998,Approved,1.78,0.31,0.2,1.43,136,2.8,2.2
932-029-R28824-N002-A16-Approved,26832,R28824,932-029,11-03-2021 10:26,Glu,2,16,986,2.399,33.3,25.9,5.806,Approved,1.8,0.33,1.1,2.08,282,2.2,0.77
932-029-R28824-N001-A2-Approved,26832,R28824,932-029,11-03-2021 10:24,Glu,1,2,986,2.654,33.11,25.99,6.067,Approved,1.82,0.3,0.8,2.82,224,2.6,1.46
932-029-R28801-N008-A16-Approved,26792,R28801,932-029,11-03-2021 10:18,Glu,8,16,1259,2.53,32.32,26.54,5.197,Approved,1.02,0.23,0.3,3.62,108,0.7,0.03
932-029-R28801-N003-A16-Approved,26792,R28801,932-029,11-03-2021 10:04,Glu,3,16,1229,2.499,32.15,26.66,5.562,Approved,1.02,0.25,0.3,3.68,74,0.0,0.02
932-029-R28801-N001-A9-Approved,26792,R28801,932-029,11-03-2021 09:58,Glu,1,9,1230,2.454,32.32,26.61,6.041,Approved,1.0,0.21,0.1,2.68,117,2.2,0.66
932-029-R28775-N008-A12-Approved,26751,R28775,932-029,11-03-2021 09:46,Glu,8,12,945,2.404,31.98,26.61,5.6320000000000014,Approved,1.08,0.24,0.8,3.87,252,0.3,0.38
932-029-R28775-N002-A5-Approved,26751,R28775,932-029,11-03-2021 09:02,Glu,2,5,960,2.373,34.32,25.43,5.811,Approved,1.08,0.23,1.3,4.19,271,0.4,0.64
932-029-R28775-N002-A6-Approved,26751,R28775,932-029,11-03-2021 09:02,Glu,2,6,960,2.3280000000000003,34.32,25.43,5.466,Approved,1.1,0.23,1.6,3.73,185,0.7,0.91
932-029-R28775-N001-A12-Approved,26751,R28775,932-029,11-03-2021 08:58,Glu,1,12,963,2.252,34.17,25.55,5.704,Approved,1.02,0.22,1.6,3.69,246,1.0,0.27
932-029-R28852-N008-A15-Approved,26960,R28852,932-029,11-03-2021 08:32,Glu,8,15,1529,2.6260000000000003,34.84,25.3,5.905,Approved,1.02,0.18,0.6,2.51,311,4.7,1.39
932-029-R28852-N003-A13-Approved,26960,R28852,932-029,11-03-2021 08:18,Glu,3,13,1531,2.536,34.91,25.52,5.88,Approved,1.02,0.22,1.5,3.9,301,3.3,0.8
932-029-R28852-N002-A2-Approved,26960,R28852,932-029,11-03-2021 08:14,Glu,2,2,1530,2.5,34.93,25.8,5.814,Approved,1.0,0.3,0.8,3.67,244,1.0,0.22
932-029-R28852-N001-A13-Approved,26960,R28852,932-029,11-03-2021 08:12,Glu,1,13,1574,2.531,34.63,26.06,6.0310000000000015,Approved,1.12,0.23,0.8,3.92,215,1.1,1.26
932-029-R28795-N008-A13-Approved,26786,R28795,932-029,11-03-2021 07:44,Glu,8,13,971,2.49,31.61,27.02,6.237,Approved,0.98,0.23,0.6,2.36,274,6.1,1.93
932-029-R28795-N003-A5-Approved,26786,R28795,932-029,11-03-2021 07:28,Glu,3,5,978,2.563,31.48,27.12,6.251,Approved,0.97,0.22,0.2,0.22,236,1.4,1.45
932-029-R28795-N002-A11-Approved,26786,R28795,932-029,11-03-2021 07:24,Glu,2,11,978,2.475,31.48,27.14,5.601,Approved,0.98,0.17,0.1,0.58,160,1.7,1.06
932-029-R28795-N001-A9-Approved,26786,R28795,932-029,11-03-2021 07:22,Glu,1,9,978,2.475,31.55,27.07,5.948,Approved,1.0,0.21,0.6,4.54,241,0.1,0.05
932-029-R28822-N008-A8-Approved,26830,R28822,932-029,11-03-2021 07:18,Glu,8,8,1133,2.509,31.75,27.05,5.9289999999999985,Approved,1.78,0.31,1.3,3.63,178,0.1,0.64
932-029-R28822-N003-A6-Approved,26830,R28822,932-029,11-03-2021 07:02,Glu,3,6,1122,2.526,34.69,26.91,6.167000000000002,Approved,1.88,0.25,0.2,0.91,171,1.3,2.11
932-029-R28822-N002-A3-Approved,26830,R28822,932-029,11-03-2021 07:00,Glu,2,3,1122,2.533,32.02,26.98,6.181,Approved,1.92,0.32,1.5,4.49,302,0.3,0.59
932-029-R28822-N001-A2-Approved,26830,R28822,932-029,11-03-2021 06:56,Glu,1,2,1123,2.441,31.88,26.98,6.266,Approved,1.82,0.28,1.2,2.74,340,3.9,1.59
932-029-R28821-N008-A6-Approved,26829,R28821,932-029,11-03-2021 06:10,Glu,8,6,627,2.532,32.62,26.66,6.058,Approved,1.8,0.32,0.9,3.09,275,2.0,1.47
932-029-R28821-N003-A11-Approved,26829,R28821,932-029,11-03-2021 05:56,Glu,3,11,630,2.594,32.96,26.19,6.0,Approved,1.88,0.34,2.0,3.79,331,0.7,0.82
932-029-R28821-N002-A4-Approved,26829,R28821,932-029,11-03-2021 05:52,Glu,2,4,627,2.447,33.25,26.4,6.234,Approved,1.77,0.31,1.3,2.13,304,2.5,0.65
932-029-R28821-N001-A2-Approved,26829,R28821,932-029,11-03-2021 05:50,Glu,1,2,625,2.435,33.11,26.51,6.369,Approved,1.73,0.24,1.3,3.82,337,0.4,0.25
932-029-R28792-N008-A12-Approved,26783,R28792,932-029,11-03-2021 05:46,Glu,8,12,1176,2.64,32.24,26.89,6.019,Approved,1.02,0.22,0.8,4.13,257,0.6,0.56
932-029-R28792-N003-A9-Approved,26783,R28792,932-029,11-03-2021 05:30,Glu,3,9,1164,2.485,33.6,26.19,5.955,Approved,1.02,0.21,1.5,4.39,309,0.9,0.63
932-029-R28792-N002-A1-Approved,26783,R28792,932-029,11-03-2021 05:28,Glu,2,1,1161,2.599,32.99,26.22,5.7570000000000014,Approved,1.03,0.21,0.6,4.18,117,0.0,0.39
932-029-R28792-N001-A16-Approved,26783,R28792,932-029,11-03-2021 05:24,Glu,1,16,1150,2.509,31.98,26.61,5.6610000000000005,Approved,1.1,0.22,0.5,1.71,93,1.2,2.22
932-029-R28832-N008-A3-Approved,26840,R28832,932-029,11-03-2021 05:20,Glu,8,3,1978,2.503,30.84,27.48,5.8039999999999985,Approved,5.05,0.29,3.2,5.13,379,1.2,0.02
932-029-R28832-N003-A11-Approved,26840,R28832,932-029,11-03-2021 05:00,Glu,3,11,1994,2.654,30.84,27.56,5.652,Approved,5.03,0.24,2.6,4.94,167,0.2,0.48
932-029-R28832-N002-A10-Approved,26840,R28832,932-029,11-03-2021 04:58,Glu,2,10,1994,2.6910000000000003,30.91,27.53,5.92,Approved,5.15,0.23,2.2,3.83,201,0.4,0.27
932-029-R28816-N008-A12-Approved,26824,R28816,932-029,11-03-2021 04:48,Glu,8,12,1450,2.345,30.57,27.55,5.6960000000000015,Approved,1.0,0.28,1.0,4.29,213,0.5,0.31
932-029-R28816-N003-A14-Approved,26824,R28816,932-029,11-03-2021 04:34,Glu,3,14,1476,2.448,30.76,27.42,5.914,Approved,1.0,0.26,0.9,2.77,280,4.6,1.4
932-029-R28816-N002-A8-Approved,26824,R28816,932-029,11-03-2021 04:30,Glu,2,8,1478,2.55,30.76,27.42,5.948,Approved,0.97,0.27,0.9,2.28,257,2.5,0.64
932-029-R28816-N001-A4-Approved,26824,R28816,932-029,11-03-2021 04:28,Glu,1,4,1481,2.31,30.82,27.39,6.103,Approved,0.98,0.27,0.8,3.33,180,2.3,0.86
932-029-R28789-N007-A1-Approved,26780,R28789,932-029,11-03-2021 03:14,Glu,7,1,740,2.927,31.03,27.32,6.8039999999999985,Approved,1.83,0.45,3.0,4.02,425,3.4,0.14
932-029-R28789-N003-A6-Approved,26780,R28789,932-029,11-03-2021 03:02,Glu,3,6,739,2.416,30.84,27.18,6.0920000000000005,Approved,1.95,0.36,1.2,3.74,306,1.2,0.23
932-029-R28789-N002-A8-Approved,26780,R28789,932-029,11-03-2021 02:58,Glu,2,8,740,2.457,31.08,27.16,5.8020000000000005,Approved,1.83,0.31,1.3,4.02,198,0.8,0.94
932-029-R28789-N001-A12-Approved,26780,R28789,932-029,11-03-2021 02:56,Glu,1,12,746,2.524,31.14,27.14,6.064,Approved,1.9,0.3,1.5,3.92,260,0.2,0.84
932-029-R28811-N008-A3-Approved,26819,R28811,932-029,11-03-2021 02:52,Glu,8,3,843,2.322,31.01,27.11,6.193,Approved,1.8,0.34,0.4,1.38,224,0.8,1.17
932-029-R28811-N003-A7-Approved,26819,R28811,932-029,11-03-2021 02:36,Glu,3,7,716,2.363,31.08,27.09,6.297999999999999,Approved,1.8,0.33,2.4,4.26,341,0.0,0.97
932-029-R28811-N002-A5-Approved,26819,R28811,932-029,11-03-2021 02:34,Glu,2,5,717,2.463,31.08,27.09,6.372000000000001,Approved,1.83,0.24,1.8,4.1,330,0.8,0.68
932-029-R28811-N001-A1-Approved,26819,R28811,932-029,11-03-2021 02:30,Glu,1,1,719,2.587,31.01,27.09,5.909,Approved,1.77,0.31,1.4,3.79,261,0.3,0.87
932-029-R28802-N005-A3-Approved,26793,R28802,932-029,11-03-2021 02:22,Glu,5,3,1492,2.548,31.13,27.23,5.97,Approved,1.92,0.32,1.7,4.09,271,0.3,0.94
932-029-R28853-N007-A8-Approved,26961,R28853,932-029,11-03-2021 02:04,Glu,7,8,552,2.307,31.48,27.02,5.752000000000002,Approved,5.02,0.15,1.8,2.69,109,2.4,1.35
932-029-R28853-N003-A2-Approved,26961,R28853,932-029,11-03-2021 01:52,Glu,3,2,554,2.437,31.06,26.96,5.767,Approved,5.12,0.28,0.7,2.04,72,1.0,1.81
932-029-R28853-N002-A4-Approved,26961,R28853,932-029,11-03-2021 01:48,Glu,2,4,554,2.415,31.4,26.88,6.109,Approved,5.1,0.26,1.0,0.93,223,1.3,2.44
932-029-R28853-N001-A4-Approved,26961,R28853,932-029,11-03-2021 01:46,Glu,1,4,547,2.4730000000000003,31.43,26.88,6.347,Approved,5.13,0.16,2.2,4.68,294,2.6,0.24
932-029-R28802-N008-A1-Approved,26793,R28802,932-029,11-03-2021 01:42,Glu,8,1,1515,2.463,31.33,26.81,5.759,Approved,1.83,0.26,0.2,1.67,90,1.8,2.51
932-029-R28802-N007-A1-Approved,26793,R28802,932-029,11-03-2021 01:38,Glu,7,1,1502,2.479,31.51,26.59,6.067,Approved,1.83,0.13,1.0,3.97,26,3.6,4.05
932-029-R28802-N006-A4-Approved,26793,R28802,932-029,11-03-2021 01:36,Glu,6,4,1491,2.504,31.8,26.4,5.932,Approved,1.83,0.39,1.2,3.74,236,1.1,0.59
932-029-R28830-N008-A16-Approved,26838,R28830,932-029,11-03-2021 00:50,Glu,8,16,1361,2.435,31.31,26.73,5.879,Approved,1.88,0.28,0.4,2.95,116,0.9,0.97
932-029-R28830-N003-A9-Approved,26838,R28830,932-029,11-03-2021 00:34,Glu,3,9,1364,2.437,31.55,26.58,5.926,Approved,1.88,0.3,0.4,3.94,158,0.1,0.27
932-029-R28830-N002-A7-Approved,26838,R28830,932-029,11-03-2021 00:32,Glu,2,7,1365,2.497,31.73,26.47,6.097,Approved,1.95,0.33,0.2,3.93,231,0.0,0.31
932-029-R28830-N002-A8-Approved,26838,R28830,932-029,11-03-2021 00:32,Glu,2,8,1365,2.439,31.73,26.47,5.893,Approved,1.88,0.29,0.1,3.68,97,0.6,0.34
932-029-R28790-N008-A11-Approved,26781,R28790,932-029,11-03-2021 00:24,Glu,8,11,1575,2.3,32.27,25.98,5.933,Approved,1.87,0.23,0.3,3.28,178,1.3,0.16
932-029-R28790-N003-A9-Approved,26781,R28790,932-029,11-03-2021 00:10,Glu,3,9,1556,2.414,31.95,26.28,6.077000000000001,Approved,2.0,0.28,0.1,3.96,242,0.3,0.36
932-029-R28790-N002-A16-Approved,26781,R28790,932-029,11-03-2021 00:04,Glu,2,16,1555,2.244,31.85,26.35,5.909,Approved,1.87,0.24,0.4,3.63,182,0.2,0.46
932-029-R28790-N001-A8-Approved,26781,R28790,932-029,10-03-2021 23:58,Glu,1,8,1471,2.156,31.3,26.45,5.824,Approved,1.93,0.23,0.4,4.28,56,0.7,0.39
932-029-R28779-N008-A2-Approved,26770,R28779,932-029,10-03-2021 23:56,Glu,8,2,1793,2.333,31.63,26.51,6.07,Approved,0.67,0.24,0.1,2.1,66,2.3,2.26
932-029-R28779-N003-A8-Approved,26770,R28779,932-029,10-03-2021 23:40,Glu,3,8,1819,2.201,31.82,26.31,6.138,Approved,0.68,0.34,1.0,4.35,200,0.7,0.81
932-029-R28779-N002-A8-Approved,26770,R28779,932-029,10-03-2021 23:34,Glu,2,8,1828,2.055,32.29,26.21,6.034,Approved,0.65,0.33,0.6,4.36,203,0.9,0.51
932-029-R28779-N001-A6-Approved,26770,R28779,932-029,10-03-2021 23:28,Glu,1,6,1829,2.281,31.97,26.15,5.841,Approved,0.73,0.2,0.5,1.33,95,1.0,1.47
932-029-R28774-N008-A9-Approved,26750,R28774,932-029,10-03-2021 23:24,Glu,8,9,656,2.4090000000000003,32.07,26.1,5.384,Approved,1.83,0.21,0.1,4.34,226,0.6,1.07
932-029-R28774-N003-A2-Approved,26750,R28774,932-029,10-03-2021 23:08,Glu,3,2,665,2.37,32.52,25.85,5.2429999999999986,Approved,1.83,0.18,0.1,3.34,91,1.3,0.25
932-029-R28774-N002-A12-Approved,26750,R28774,932-029,10-03-2021 23:06,Glu,2,12,667,2.35,32.74,26.06,5.805,Approved,1.82,0.27,0.8,3.69,304,0.0,0.79
932-029-R28774-N001-A2-Approved,26750,R28774,932-029,10-03-2021 23:02,Glu,1,2,670,2.313,32.17,26.08,6.199,Approved,1.93,0.25,0.8,3.6,300,0.6,0.8
932-029-R28784-N008-A7-Approved,26775,R28784,932-029,10-03-2021 21:20,Glu,8,7,1904,2.352,33.87,25.11,5.981,Approved,0.68,0.31,1.2,4.14,280,0.2,0.21
932-029-R28784-N003-A12-Approved,26775,R28784,932-029,10-03-2021 21:06,Glu,3,12,1925,2.544,34.26,25.06,5.78,Approved,0.68,0.3,0.5,3.6,148,1.5,0.08
932-029-R28784-N002-A6-Approved,26775,R28784,932-029,10-03-2021 21:02,Glu,2,6,1926,2.432,34.68,25.16,5.972,Approved,0.67,0.35,0.5,3.41,192,1.0,0.74
932-029-R28784-N001-A1-Approved,26775,R28784,932-029,10-03-2021 20:58,Glu,1,1,1931,2.551,34.44,25.22,6.4860000000000015,Approved,0.78,0.43,0.3,2.88,193,1.2,5.04
932-029-R28777-N008-A16-Approved,26753,R28777,932-029,10-03-2021 20:28,Glu,8,16,2179,2.43,31.68,26.96,5.408,Approved,1.03,0.16,0.2,2.71,230,1.8,0.44
932-029-R28777-N003-A9-Approved,26753,R28777,932-029,10-03-2021 20:12,Glu,3,9,2182,2.483,31.33,26.88,6.263,Approved,1.02,0.21,1.0,2.79,262,3.9,0.68
932-029-R28777-N002-A10-Approved,26753,R28777,932-029,10-03-2021 20:10,Glu,2,10,2183,2.408,31.26,26.82,5.359,Approved,1.08,0.21,1.4,4.2,265,0.3,0.65
932-029-R28777-N001-A2-Approved,26753,R28777,932-029,10-03-2021 20:04,Glu,1,2,2183,2.494,30.72,26.88,6.017,Approved,1.02,0.23,1.3,3.32,303,0.5,0.17
932-029-R28751-N008-A11-Approved,26727,R28751,932-029,10-03-2021 19:50,Glu,8,11,791,2.633,30.62,26.88,6.14,Approved,5.08,0.3,3.5,5.08,474,1.2,0.37
932-029-R28751-N007-A5-Approved,26727,R28751,932-029,10-03-2021 19:48,Glu,7,5,791,2.5380000000000003,30.5,26.84,5.256,Approved,5.12,0.22,1.7,4.93,227,1.0,0.42
932-029-R28751-N004-A12-Approved,26727,R28751,932-029,10-03-2021 19:38,Glu,4,12,796,2.6010000000000004,31.33,26.81,5.3439999999999985,Approved,5.05,0.22,1.0,4.04,111,0.3,0.28
932-029-R28751-N001-A3-Approved,26727,R28751,932-029,10-03-2021 19:30,Glu,1,3,800,2.372,32.41,26.73,5.4689999999999985,Approved,5.12,0.23,1.4,5.12,30,1.2,0.52
932-029-R28758-N008-A6-Approved,26734,R28758,932-029,10-03-2021 18:22,Glu,8,6,1896,2.36,32.88,25.62,5.41,Approved,0.75,0.32,1.2,4.24,213,0.2,0.29
932-029-R28758-N003-A14-Approved,26734,R28758,932-029,10-03-2021 18:08,Glu,3,14,1886,2.682,32.51,25.69,5.3660000000000005,Approved,0.75,0.26,0.9,4.36,32,0.8,0.71
932-029-R28758-N002-A5-Approved,26734,R28758,932-029,10-03-2021 18:04,Glu,2,5,1891,2.303,32.3,25.73,5.416,Approved,0.77,0.3,1.1,4.08,142,0.2,1.05
932-029-R28758-N001-A5-Approved,26734,R28758,932-029,10-03-2021 18:02,Glu,1,5,1894,2.426,32.1,25.76,5.88,Approved,0.68,0.31,1.6,4.44,278,0.2,0.85
932-029-R28757-N008-A10-Approved,26733,R28757,932-029,10-03-2021 17:58,Glu,8,10,920,2.5540000000000003,31.88,25.83,5.952000000000001,Approved,1.85,0.29,1.0,4.12,431,0.0,0.76
932-029-R28757-N003-A2-Approved,26733,R28757,932-029,10-03-2021 17:42,Glu,3,2,943,2.617,32.09,26.21,5.977,Approved,1.87,0.24,0.8,3.86,234,0.2,0.75
932-029-R28757-N002-A15-Approved,26733,R28757,932-029,10-03-2021 17:40,Glu,2,15,944,2.756,31.88,26.29,5.945,Approved,1.88,0.21,0.5,3.25,234,1.3,0.2
932-029-R28757-N001-A4-Approved,26733,R28757,932-029,10-03-2021 17:34,Glu,1,4,945,2.52,31.26,26.84,6.216,Approved,1.87,0.24,0.8,3.89,268,0.4,0.72
932-029-R28742-N008-A9-Approved,26703,R28742,932-029,10-03-2021 17:00,Glu,8,9,1006,2.64,29.75,27.39,6.317,Approved,1.87,0.34,0.8,3.62,338,0.4,0.63
932-029-R28742-N003-A14-Approved,26703,R28742,932-029,10-03-2021 16:46,Glu,3,14,1015,2.733,29.87,27.18,5.856,Approved,1.87,0.23,0.3,2.19,197,2.9,0.79
932-029-R28742-N002-A5-Approved,26703,R28742,932-029,10-03-2021 16:42,Glu,2,5,1018,2.5660000000000003,30.22,27.32,5.557,Approved,1.9,0.22,0.1,4.3,134,0.4,0.62
932-029-R28742-N001-A7-Approved,26703,R28742,932-029,10-03-2021 16:38,Glu,1,7,1021,2.6860000000000004,29.95,27.34,5.7429999999999986,Approved,1.08,0.26,0.1,3.9,191,0.1,0.14
932-029-R28767-N008-A7-Approved,26743,R28767,932-029,10-03-2021 16:22,Glu,8,7,1326,2.483,30.79,26.95,5.809,Approved,1.9,0.28,1.1,2.0,363,2.9,0.29
932-029-R28767-N003-A13-Approved,26743,R28767,932-029,10-03-2021 16:06,Glu,3,13,1326,2.384,29.39,27.28,5.5310000000000015,Approved,1.83,0.2,0.4,3.65,31,0.6,0.12
932-029-R28767-N002-A6-Approved,26743,R28767,932-029,10-03-2021 16:04,Glu,2,6,1324,2.336,29.33,27.26,5.745,Approved,1.92,0.2,0.0,3.85,164,0.8,0.49
932-029-R28767-N001-A11-Approved,26743,R28767,932-029,10-03-2021 16:00,Glu,1,11,1330,2.37,29.29,27.21,5.165,Approved,1.88,0.24,0.1,3.39,89,0.4,0.31
932-029-R28773-N008-A14-Approved,26749,R28773,932-029,10-03-2021 15:54,Glu,8,14,1182,2.6460000000000004,29.8,27.14,6.357,Approved,5.02,0.23,2.8,4.95,389,1.5,0.4
932-029-R28773-N006-A4-Approved,26749,R28773,932-029,10-03-2021 15:48,Glu,6,4,1188,2.485,30.1,26.82,6.3260000000000005,Approved,5.02,0.31,2.7,4.02,354,2.2,0.12
932-029-R28773-N004-A16-Approved,26749,R28773,932-029,10-03-2021 15:42,Glu,4,16,1189,2.529,30.67,26.38,5.535,Approved,5.0,0.26,1.4,4.25,185,0.3,0.01
932-029-R28773-N001-A8-Approved,26749,R28773,932-029,10-03-2021 15:32,Glu,1,8,1196,2.609,30.96,27.41,5.841,Approved,5.12,0.24,3.5,4.85,227,0.3,0.33
932-029-R28732-N008-A15-Approved,26693,R28732,932-029,10-03-2021 15:28,Glu,8,15,2284,2.635,28.49,27.81,5.122000000000001,Approved,1.83,0.26,0.5,4.49,336,0.7,0.54
932-029-R28732-N003-A13-Approved,26693,R28732,932-029,10-03-2021 15:14,Glu,3,13,2281,2.527,28.81,27.53,6.29,Approved,1.83,0.18,0.8,2.5,309,2.7,0.53
932-029-R28732-N002-A11-Approved,26693,R28732,932-029,10-03-2021 15:10,Glu,2,11,2281,2.6010000000000004,28.99,27.39,5.72,Approved,1.87,0.25,0.2,3.79,117,0.6,0.71
932-029-R28732-N001-A8-Approved,26693,R28732,932-029,10-03-2021 15:06,Glu,1,8,2281,2.424,29.21,27.42,5.9860000000000015,Approved,1.82,0.27,1.4,4.69,304,0.2,0.56
932-029-R28780-N008-A16-Approved,26771,R28780,932-029,10-03-2021 15:02,Glu,8,16,914,2.678,28.96,27.35,5.667999999999998,Approved,1.87,0.25,0.0,2.6,238,2.1,0.9
932-029-R28780-N003-A16-Approved,26771,R28780,932-029,10-03-2021 14:48,Glu,3,16,914,2.489,29.31,27.02,5.408,Approved,1.87,0.27,0.2,3.99,213,0.2,0.73
932-029-R28780-N002-A8-Approved,26771,R28780,932-029,10-03-2021 14:44,Glu,2,8,913,2.655,29.36,26.89,5.853,Approved,1.87,0.29,0.5,3.85,214,0.5,0.67
932-029-R28780-N001-A7-Approved,26771,R28780,932-029,10-03-2021 14:38,Glu,1,7,915,2.518,29.36,26.81,5.938,Approved,1.87,0.28,0.6,3.53,286,0.2,0.27
932-029-R28733-N008-A14-Approved,26694,R28733,932-029,10-03-2021 05:10,Glu,8,14,785,2.607,32.81,25.99,6.2120000000000015,Approved,5.0,0.19,1.4,2.8,202,2.4,0.63
932-029-R28733-N003-A8-Approved,26694,R28733,932-029,10-03-2021 04:56,Glu,3,8,790,2.564,31.97,26.51,5.893,Approved,5.0,0.18,1.8,3.15,245,2.6,1.82
932-029-R28733-N002-A9-Approved,26694,R28733,932-029,10-03-2021 04:52,Glu,2,9,694,2.674,31.23,26.81,6.101,Approved,5.0,0.2,0.2,1.72,76,3.3,3.97
932-029-R28733-N001-A5-Approved,26694,R28733,932-029,10-03-2021 04:50,Glu,1,5,696,2.6260000000000003,30.79,26.98,5.98,Approved,5.03,0.22,1.1,2.24,187,1.1,0.6
932-029-R28785-N008-A5-Approved,26776,R28785,932-029,10-03-2021 04:46,Glu,8,5,2446,2.66,30.13,27.51,5.478,Approved,0.75,0.22,0.5,2.67,37,2.3,0.91
932-029-R28785-N003-A6-Approved,26776,R28785,932-029,10-03-2021 04:30,Glu,3,6,2401,2.543,30.57,27.58,6.001,Approved,0.78,0.25,1.1,1.23,293,8.7,2.12
932-029-R28785-N002-A7-Approved,26776,R28785,932-029,10-03-2021 04:28,Glu,2,7,2399,2.499,30.64,27.56,5.987,Approved,0.72,0.28,2.2,4.35,317,0.7,0.6
932-029-R28785-N001-A3-Approved,26776,R28785,932-029,10-03-2021 04:24,Glu,1,3,2396,2.636,30.37,27.56,5.502000000000002,Approved,0.78,0.31,1.2,4.3,193,0.5,0.73
932-029-R28735-N008-A16-Approved,26696,R28735,932-029,10-03-2021 04:14,Glu,8,16,616,2.518,29.63,27.62,5.354,Approved,1.9,0.14,0.7,0.59,161,0.4,1.34
932-029-R28735-N003-A3-Approved,26696,R28735,932-029,10-03-2021 04:00,Glu,3,3,612,2.633,29.81,27.53,6.085,Approved,1.9,0.01,1.1,1.8,96,6.1,2.65
932-029-R28735-N002-A8-Approved,26696,R28735,932-029,10-03-2021 03:56,Glu,2,8,612,2.59,30.03,27.53,6.021,Approved,1.9,0.12,0.2,1.9,211,1.7,0.62
932-029-R28735-N001-A9-Approved,26696,R28735,932-029,10-03-2021 03:54,Glu,1,9,612,2.776,30.3,27.51,5.728,Approved,1.82,0.19,0.0,3.05,108,0.6,1.47
932-029-R28745-N008-A13-Approved,26706,R28745,932-029,10-03-2021 03:50,Glu,8,13,576,2.339,30.3,27.49,5.935,Approved,1.83,0.25,0.4,2.54,176,0.8,0.05
932-029-R28745-N003-A4-Approved,26706,R28745,932-029,10-03-2021 03:34,Glu,3,4,563,2.423,30.86,27.25,5.925,Approved,1.92,0.28,0.4,2.78,229,0.9,0.37
932-029-R28745-N002-A11-Approved,26706,R28745,932-029,10-03-2021 03:32,Glu,2,11,565,2.461,30.94,27.11,5.91,Approved,1.73,0.27,0.3,4.2,278,0.5,0.56
932-029-R28745-N001-A15-Approved,26706,R28745,932-029,10-03-2021 03:26,Glu,1,15,568,2.373,31.19,26.95,5.26,Approved,1.77,0.25,0.4,2.88,126,0.3,0.33
932-029-R28806-N008-A8-Approved,26797,R28806,932-029,10-03-2021 02:38,Glu,8,8,1760,2.474,30.27,27.26,5.425,Approved,1.85,0.14,0.2,2.1,19,3.1,2.0
932-029-R28806-N003-A14-Approved,26797,R28806,932-029,10-03-2021 02:22,Glu,3,14,1768,2.524,29.75,27.39,5.371,Approved,1.85,0.21,0.8,1.97,61,3.2,2.09
932-029-R28806-N002-A15-Approved,26797,R28806,932-029,10-03-2021 02:20,Glu,2,15,1769,2.5380000000000003,29.81,27.39,5.626,Approved,1.87,0.19,0.1,2.75,239,2.0,0.22
932-029-R28806-N001-A16-Approved,26797,R28806,932-029,10-03-2021 02:16,Glu,1,16,1772,2.465,30.15,27.41,5.015,Approved,1.9,0.23,0.0,3.35,100,0.2,0.15
932-029-R28770-N008-A2-Approved,26746,R28770,932-029,10-03-2021 02:10,Glu,8,2,1756,2.628,29.88,27.48,5.702000000000001,Approved,1.82,0.07,0.1,2.45,178,2.4,1.31
932-029-R28770-N003-A16-Approved,26746,R28770,932-029,10-03-2021 01:54,Glu,3,16,1768,2.48,30.29,27.35,5.4460000000000015,Approved,1.83,0.26,0.4,2.58,214,0.1,0.23
932-029-R28770-N002-A10-Approved,26746,R28770,932-029,10-03-2021 01:50,Glu,2,10,1772,2.602,29.88,27.44,5.921,Approved,1.8,0.27,1.0,3.99,335,0.8,0.95
932-029-R28770-N001-A8-Approved,26746,R28770,932-029,10-03-2021 01:48,Glu,1,8,1776,2.385,29.68,27.48,6.0920000000000005,Approved,1.88,0.18,0.1,2.5,158,1.0,0.75
932-029-R28760-N008-A3-Approved,26736,R28760,932-029,10-03-2021 01:44,Glu,8,3,1884,2.5,29.56,27.62,5.765,Approved,1.88,0.24,0.4,3.45,297,0.3,0.27
932-029-R28760-N003-A4-Approved,26736,R28760,932-029,10-03-2021 01:30,Glu,3,4,1895,2.567,29.28,27.62,5.332000000000002,Approved,1.93,0.21,0.0,4.12,87,0.7,0.56
932-029-R28760-N002-A11-Approved,26736,R28760,932-029,10-03-2021 01:26,Glu,2,11,1896,2.549,29.63,27.58,5.529,Approved,1.87,0.15,0.7,1.17,34,1.6,1.81
932-029-R28760-N001-A8-Approved,26736,R28760,932-029,10-03-2021 01:24,Glu,1,8,1896,2.402,29.55,27.56,5.561,Approved,1.92,0.13,0.0,2.18,23,2.5,1.36
932-029-R28783-N008-A8-Approved,26774,R28783,932-029,10-03-2021 01:20,Glu,8,8,2890,2.298,29.51,27.48,5.956,Approved,1.82,0.26,1.2,4.34,277,0.6,0.59
932-029-R28783-N003-A15-Approved,26774,R28783,932-029,10-03-2021 01:06,Glu,3,15,2903,2.375,30.02,27.35,6.087999999999999,Approved,1.93,0.28,1.6,4.14,314,2.1,0.13
932-029-R28783-N002-A16-Approved,26774,R28783,932-029,10-03-2021 01:02,Glu,2,16,2908,2.347,29.36,27.62,5.2879999999999985,Approved,1.95,0.27,0.4,3.94,212,0.4,0.71
932-029-R28783-N001-A8-Approved,26774,R28783,932-029,10-03-2021 01:00,Glu,1,8,2912,2.355,29.18,27.64,5.962999999999999,Approved,1.87,0.23,1.1,2.41,282,4.1,0.53
932-029-R28814-N008-A5-Approved,26822,R28814,932-029,10-03-2021 00:36,Glu,8,5,551,2.349,29.18,27.56,5.784,Approved,5.02,0.25,1.2,3.62,257,0.4,0.55
932-029-R28814-N006-A10-Approved,26822,R28814,932-029,10-03-2021 00:30,Glu,6,10,550,2.329,29.11,27.55,5.8020000000000005,Approved,5.03,0.23,1.0,2.85,244,0.9,0.56
932-029-R28814-N003-A16-Approved,26822,R28814,932-029,10-03-2021 00:20,Glu,3,16,560,2.456,29.34,27.53,5.685,Approved,5.03,0.2,1.1,4.08,122,0.0,0.27
932-029-R28814-N001-A1-Approved,26822,R28814,932-029,10-03-2021 00:14,Glu,1,1,565,2.6660000000000004,29.14,27.48,6.475,Approved,5.1,0.24,1.2,1.75,358,3.0,1.35
932-029-R28734-N003-A11-Approved,26695,R28734,932-029,08-03-2021 23:48,Glu,3,11,1612,2.508,29.23,26.95,5.981,Approved,4.98,0.23,2.7,4.01,247,0.9,1.39
932-029-R28734-N002-A5-Approved,26695,R28734,932-029,08-03-2021 23:44,Glu,2,5,1608,2.469,29.29,26.81,5.432,Approved,5.02,0.21,1.8,4.71,37,0.6,0.52
932-029-R28734-N001-A15-Approved,26695,R28734,932-029,08-03-2021 23:42,Glu,1,15,1611,2.465,28.96,26.93,5.529,Approved,4.95,0.27,2.0,4.62,160,0.5,0.66
932-029-R28776-N008-A12-Approved,26752,R28776,932-029,08-03-2021 23:14,Glu,8,12,1852,2.592,27.53,27.85,5.7429999999999986,Approved,1.2,0.23,1.0,4.58,239,0.9,0.61
932-029-R28776-N003-A4-Approved,26752,R28776,932-029,08-03-2021 23:00,Glu,3,4,1862,2.5580000000000003,27.71,27.65,5.7810000000000015,Approved,1.2,0.26,0.6,4.3,183,0.1,0.89
932-029-R28776-N002-A8-Approved,26752,R28776,932-029,08-03-2021 22:56,Glu,2,8,1870,2.51,27.68,27.56,5.954,Approved,1.22,0.23,0.8,4.17,210,0.0,0.33
932-029-R28776-N001-A12-Approved,26752,R28776,932-029,08-03-2021 22:54,Glu,1,12,1875,2.741,27.68,27.51,6.312,Approved,1.1,0.24,0.1,1.32,299,2.7,1.06
932-029-R28782-N008-A8-Approved,26773,R28782,932-029,08-03-2021 22:50,Glu,8,8,2818,2.496,27.9,27.44,5.597,Approved,5.0,0.14,1.6,2.48,42,3.0,2.21
932-029-R28782-N005-A15-Approved,26773,R28782,932-029,08-03-2021 22:42,Glu,5,15,2818,2.5610000000000004,28.03,27.26,5.8370000000000015,Approved,5.02,0.17,1.4,2.77,141,2.5,2.13
932-029-R28782-N003-A1-Approved,26773,R28782,932-029,08-03-2021 22:36,Glu,3,1,2825,2.555,28.02,27.12,5.995,Approved,4.98,0.28,2.0,4.64,247,1.0,0.08
932-029-R28782-N001-A2-Approved,26773,R28782,932-029,08-03-2021 22:30,Glu,1,2,2843,2.714,28.55,26.98,5.598,Approved,5.07,0.25,1.8,4.49,194,0.3,0.29
932-029-R28763-N008-A2-Approved,26739,R28763,932-029,08-03-2021 13:38,Glu,8,2,856,2.636,30.19,26.21,5.8870000000000005,Approved,1.6,0.24,1.7,4.25,150,0.6,0.59
932-029-R28763-N003-A7-Approved,26739,R28763,932-029,08-03-2021 13:22,Glu,3,7,866,2.593,30.47,26.28,5.894,Approved,1.63,0.21,1.6,4.17,159,0.8,0.65
932-029-R28763-N001-A4-Approved,26739,R28763,932-029,08-03-2021 13:12,Glu,1,4,873,2.748,30.34,26.28,5.783,Approved,1.63,0.22,1.4,4.21,146,0.7,0.6
932-029-R28752-N008-A12-Approved,26728,R28752,932-029,08-03-2021 12:24,Glu,8,12,613,2.866,29.88,26.12,6.0710000000000015,Approved,1.5,0.27,2.1,3.57,258,2.6,0.44
932-029-R28752-N002-A3-Approved,26728,R28752,932-029,08-03-2021 12:06,Glu,2,3,616,2.682,29.04,26.35,6.085,Approved,1.5,0.27,3.2,3.58,319,3.8,0.16
932-029-R28765-N008-A7-Approved,26741,R28765,932-029,08-03-2021 11:16,Glu,8,7,893,2.681,27.41,28.08,6.318,Approved,1.5,0.22,1.7,3.16,218,1.4,0.22
932-029-R28765-N003-A8-Approved,26741,R28765,932-029,08-03-2021 11:00,Glu,3,8,898,2.576,26.94,28.18,6.055,Approved,1.58,0.23,1.1,2.35,175,1.2,0.43
932-029-R28765-N002-A8-Approved,26741,R28765,932-029,08-03-2021 10:56,Glu,2,8,899,2.627,27.09,28.09,5.726,Approved,1.47,0.25,1.4,3.8,100,0.4,0.84
932-029-R28765-N001-A1-Approved,26741,R28765,932-029,08-03-2021 10:52,Glu,1,1,900,2.838,27.12,28.01,6.2639999999999985,Approved,1.43,0.22,1.8,3.39,343,0.2,0.25
932-029-R28754-N008-A10-Approved,26730,R28754,932-029,08-03-2021 10:24,Glu,8,10,685,2.323,27.16,27.56,5.992000000000001,Approved,1.65,0.27,0.0,3.14,114,2.8,1.15
932-029-R28754-N003-A3-Approved,26730,R28754,932-029,08-03-2021 10:08,Glu,3,3,686,2.414,28.28,26.98,6.01,Approved,1.75,0.43,0.5,3.4,269,2.1,0.34
932-029-R28754-N002-A13-Approved,26730,R28754,932-029,08-03-2021 10:06,Glu,2,13,688,2.49,28.47,26.77,6.033,Approved,1.72,0.48,1.3,4.26,334,1.2,0.67
932-029-R28754-N001-A11-Approved,26730,R28754,932-029,08-03-2021 09:58,Glu,1,11,682,2.294,28.84,26.38,5.7860000000000005,Approved,1.75,0.33,0.9,4.0,261,0.5,0.72
932-029-R28761-N008-A12-Approved,26737,R28761,932-029,08-03-2021 09:54,Glu,8,12,424,2.94,29.9,25.94,5.327000000000001,Approved,1.62,0.26,0.8,3.14,95,1.0,0.44
932-029-R28761-N004-A1-Approved,26737,R28761,932-029,08-03-2021 09:42,Glu,4,1,423,2.817,28.44,26.31,6.197,Approved,1.63,0.37,0.0,3.78,323,0.8,0.64
932-029-R28761-N003-A12-Approved,26737,R28761,932-029,08-03-2021 09:40,Glu,3,12,425,2.809,28.17,26.51,5.591,Approved,1.6,0.28,0.6,3.09,31,0.0,0.16
932-029-R28761-N002-A2-Approved,26737,R28761,932-029,08-03-2021 09:36,Glu,2,2,425,2.787,28.27,26.88,5.827000000000001,Approved,1.62,0.33,0.1,3.92,185,0.1,0.37
932-029-R28766-N003-A2-Approved,26742,R28766,932-029,08-03-2021 09:10,Glu,3,2,627,2.553,28.25,26.68,5.625,Approved,0.53,0.17,1.1,2.91,27,0.8,0.41
932-029-R28766-N001-A2-Approved,26742,R28766,932-029,08-03-2021 09:02,Glu,1,2,628,2.685,27.06,27.19,6.307,Approved,0.47,0.22,2.5,4.16,367,0.8,1.01
932-029-R28741-N008-A11-Approved,26702,R28741,932-029,04-03-2021 15:26,Glu,8,11,3491,2.653,31.63,25.73,6.171,Approved,1.18,0.23,0.3,2.45,311,7.0,1.52
932-029-R28741-N002-A7-Approved,26702,R28741,932-029,04-03-2021 15:04,Glu,2,7,3503,2.623,32.07,25.98,5.957999999999998,Approved,1.15,0.25,0.4,4.14,276,0.4,0.48
932-029-R28741-N001-A2-Approved,26702,R28741,932-029,04-03-2021 15:02,Glu,1,2,3546,2.482,31.85,25.98,6.041,Approved,1.15,0.25,0.1,3.97,226,0.6,0.55
932-029-R28694-N008-A3-Approved,26640,R28694,932-029,04-03-2021 14:56,Glu,8,3,3324,2.702,31.65,25.9,6.2029999999999985,Approved,0.55,0.26,1.9,3.94,210,1.4,0.24
932-029-R28694-N003-A2-Approved,26640,R28694,932-029,04-03-2021 14:42,Glu,3,2,3336,2.77,31.73,26.05,5.729,Approved,0.47,0.17,0.7,3.14,72,1.2,0.09
932-029-R28694-N002-A13-Approved,26640,R28694,932-029,04-03-2021 14:38,Glu,2,13,3343,2.739,30.93,26.59,5.985,Approved,0.55,0.23,1.2,4.1,147,0.4,0.63
932-029-R28694-N001-A9-Approved,26640,R28694,932-029,04-03-2021 14:36,Glu,1,9,3345,2.942,30.59,26.88,6.237,Approved,0.52,0.23,1.4,3.61,301,0.3,0.28
932-029-R28731-N008-A2-Approved,26692,R28731,932-029,04-03-2021 14:28,Glu,8,2,3159,2.545,30.29,26.98,6.905,Approved,1.62,0.25,0.0,1.54,205,5.5,1.02
932-029-R28731-N003-A5-Approved,26692,R28731,932-029,04-03-2021 14:14,Glu,3,5,3198,2.481,31.4,26.47,6.9129999999999985,Approved,1.6,0.35,1.1,3.68,265,2.7,0.26
932-029-R28731-N002-A5-Approved,26692,R28731,932-029,04-03-2021 14:10,Glu,2,5,3200,2.631,30.59,27.04,6.395,Approved,1.62,0.3,0.3,3.96,183,0.2,0.83
932-029-R28731-N001-A4-Approved,26692,R28731,932-029,04-03-2021 14:08,Glu,1,4,3202,2.708,30.52,26.98,6.9929999999999986,Approved,1.63,0.3,0.6,3.84,206,2.2,0.69
932-029-R28708-N008-A12-Approved,26654,R28708,932-029,04-03-2021 13:28,Glu,8,12,3268,2.27,31.06,26.96,6.346,Approved,1.65,0.27,1.6,4.52,313,0.3,0.84
932-029-R28708-N003-A11-Approved,26654,R28708,932-029,04-03-2021 13:14,Glu,3,11,3298,2.187,31.63,26.54,6.275,Approved,1.65,0.3,1.4,4.15,200,0.0,0.63
932-029-R28708-N002-A4-Approved,26654,R28708,932-029,04-03-2021 13:10,Glu,2,4,3300,2.4090000000000003,31.9,26.52,7.061,Approved,1.63,0.37,1.5,3.97,313,2.0,0.72
932-029-R28708-N001-A2-Approved,26654,R28708,932-029,04-03-2021 13:02,Glu,1,2,3305,2.458,30.66,27.0,6.88,Approved,1.73,0.21,1.0,4.12,286,1.3,0.35
932-029-R28722-N008-A5-Approved,26668,R28722,932-029,04-03-2021 11:50,Glu,8,5,2794,2.428,30.25,27.32,6.495,Approved,1.6,0.26,0.7,4.17,131,0.1,0.8
932-029-R28722-N003-A5-Approved,26668,R28722,932-029,04-03-2021 11:34,Glu,3,5,2802,2.535,29.8,27.19,6.3279999999999985,Approved,1.7,0.23,0.9,1.0,113,1.9,2.65
932-029-R28722-N002-A3-Approved,26668,R28722,932-029,04-03-2021 11:32,Glu,2,3,2805,2.91,29.87,27.19,7.034,Approved,1.72,0.34,1.0,3.8,277,1.9,0.77
932-029-R28722-N001-A8-Approved,26668,R28722,932-029,04-03-2021 11:28,Glu,1,8,2814,2.419,30.24,27.14,6.214,Approved,1.63,0.25,0.6,4.16,21,0.0,0.62
932-029-R28684-N008-A3-Approved,26630,R28684,932-029,04-03-2021 11:10,Glu,8,3,4410,1.848,30.13,27.11,6.0779999999999985,Approved,1.53,0.14,0.4,0.85,116,6.2,2.49
932-029-R28684-N003-A15-Approved,26630,R28684,932-029,04-03-2021 10:56,Glu,3,15,5988,1.906,29.46,27.23,6.0760000000000005,Approved,1.53,0.24,1.8,4.09,318,0.4,0.63
932-029-R28684-N002-A1-Approved,26630,R28684,932-029,04-03-2021 10:52,Glu,2,1,5990,2.003,29.73,27.21,5.715,Approved,1.57,0.24,2.0,4.49,101,0.0,0.15
932-029-R28684-N001-A9-Approved,26630,R28684,932-029,04-03-2021 10:50,Glu,1,9,5997,1.966,29.7,27.23,5.836,Approved,1.53,0.21,1.4,2.82,146,2.8,0.8
932-029-R28724-N008-A1-Approved,26685,R28724,932-029,04-03-2021 10:46,Glu,8,1,3089,2.275,29.6,27.19,6.629,Approved,1.48,0.22,2.7,4.02,409,3.0,0.22
932-029-R28724-N003-A3-Approved,26685,R28724,932-029,04-03-2021 10:32,Glu,3,3,3114,2.155,31.56,26.4,6.101,Approved,1.58,0.1,1.0,2.11,73,2.1,1.11
932-029-R28724-N002-A8-Approved,26685,R28724,932-029,04-03-2021 10:28,Glu,2,8,3116,2.148,30.44,26.66,5.74,Approved,1.62,0.25,2.0,3.55,158,1.9,0.35
932-029-R28724-N001-A7-Approved,26685,R28724,932-029,04-03-2021 10:22,Glu,1,7,3122,2.213,29.78,26.98,6.144,Approved,1.52,0.27,3.2,4.88,328,2.2,0.3
932-029-R28720-N007-A14-Approved,26666,R28720,932-029,04-03-2021 09:10,Glu,7,14,4885,2.377,29.16,27.83,6.606,Approved,1.63,0.36,0.2,3.41,176,2.3,0.02
932-029-R28720-N003-A8-Approved,26666,R28720,932-029,04-03-2021 08:58,Glu,3,8,4906,2.292,29.63,27.58,6.471,Approved,1.63,0.2,0.6,1.6,90,1.9,0.24
932-029-R28720-N002-A6-Approved,26666,R28720,932-029,04-03-2021 08:56,Glu,2,6,4910,2.344,29.61,27.53,6.224,Approved,1.67,0.33,0.3,4.14,2,1.0,0.23
932-029-R28720-N001-A13-Approved,26666,R28720,932-029,04-03-2021 08:52,Glu,1,13,4915,2.395,29.61,27.41,5.827000000000001,Approved,1.65,0.26,0.5,3.79,161,0.4,0.24
932-029-R28713-N008-A15-Approved,26659,R28713,932-029,04-03-2021 08:40,Glu,8,15,798,2.477,30.86,26.54,6.175,Approved,1.38,0.25,2.2,4.09,280,3.3,1.04
932-029-R28713-N003-A13-Approved,26659,R28713,932-029,04-03-2021 08:26,Glu,3,13,807,2.5580000000000003,29.97,26.89,6.402,Approved,1.48,0.28,3.7,3.7,371,1.7,0.59
932-029-R28713-N002-A11-Approved,26659,R28713,932-029,04-03-2021 08:22,Glu,2,11,810,2.444,28.62,27.51,5.742000000000001,Approved,1.45,0.28,2.3,4.0,312,0.8,0.75
932-029-R28713-N001-A9-Approved,26659,R28713,932-029,04-03-2021 08:20,Glu,1,9,811,2.61,28.62,27.49,6.218,Approved,1.48,0.31,0.9,3.97,228,0.3,0.61
932-029-R28715-N008-A10-Approved,26661,R28715,932-029,04-03-2021 08:16,Glu,8,10,3221,2.478,29.06,27.42,5.941,Approved,1.78,0.27,0.6,3.37,317,1.7,0.57
932-029-R28715-N003-A11-Approved,26661,R28715,932-029,04-03-2021 08:02,Glu,3,11,3251,2.466,29.01,27.12,5.8,Approved,1.88,0.18,0.2,1.86,221,1.9,0.38
932-029-R28715-N002-A4-Approved,26661,R28715,932-029,04-03-2021 07:58,Glu,2,4,3252,2.446,29.48,26.98,5.961,Approved,1.9,0.2,0.2,1.69,229,2.1,1.44
932-029-R28715-N001-A3-Approved,26661,R28715,932-029,04-03-2021 07:56,Glu,1,3,3256,2.504,29.5,26.95,5.8039999999999985,Approved,1.82,0.15,0.2,1.84,73,2.6,2.6
932-029-R28680-N008-A3-Approved,26626,R28680,932-029,03-03-2021 21:06,Glu,8,3,3341,2.48,32.67,25.98,6.182,Approved,1.62,0.31,0.4,4.44,78,0.6,0.68
932-029-R28680-N003-A3-Approved,26626,R28680,932-029,03-03-2021 20:50,Glu,3,3,3403,2.545,34.47,25.53,6.457999999999998,Approved,1.63,0.27,0.6,3.58,166,1.6,1.35
932-029-R28680-N002-A13-Approved,26626,R28680,932-029,03-03-2021 20:48,Glu,2,13,3404,2.414,34.31,25.55,6.1320000000000014,Approved,1.7,0.26,0.4,4.6,52,0.1,0.48
932-029-R28680-N001-A15-Approved,26626,R28680,932-029,03-03-2021 20:44,Glu,1,15,3416,2.326,34.57,25.59,6.174,Approved,1.62,0.3,0.5,3.83,10,0.3,0.06
932-029-R28677-N008-A10-Approved,26623,R28677,932-029,03-03-2021 20:42,Glu,8,10,5350,2.579,33.89,25.64,5.1789999999999985,Approved,1.63,0.18,0.4,2.95,54,0.5,1.06
932-029-R28677-N003-A6-Approved,26623,R28677,932-029,03-03-2021 20:26,Glu,3,6,5367,2.75,31.16,26.42,5.937,Approved,1.63,0.22,0.1,3.74,10,0.5,0.76
932-029-R28677-N002-A10-Approved,26623,R28677,932-029,03-03-2021 20:24,Glu,2,10,5367,2.575,30.22,26.49,6.183,Approved,1.6,0.18,0.1,1.93,174,3.0,0.98
932-029-R28677-N001-A2-Approved,26623,R28677,932-029,03-03-2021 20:20,Glu,1,2,5369,2.8,29.23,26.81,5.897,Approved,1.68,0.35,0.5,4.03,193,0.2,0.73
932-029-R28717-N008-A7-Approved,26663,R28717,932-029,03-03-2021 18:08,Glu,8,7,4464,2.535,32.12,25.89,5.8279999999999985,Approved,1.55,0.24,2.3,4.16,260,0.0,0.22
932-029-R28717-N003-A4-Approved,26663,R28717,932-029,03-03-2021 17:54,Glu,3,4,4475,2.483,30.84,26.72,5.106,Approved,1.57,0.16,0.7,2.52,59,0.0,0.75
932-029-R28717-N002-A2-Approved,26663,R28717,932-029,03-03-2021 17:50,Glu,2,2,4477,2.514,30.57,26.79,6.051,Approved,1.58,0.21,0.8,1.98,157,0.3,1.37
932-029-R28717-N001-A12-Approved,26663,R28717,932-029,03-03-2021 17:48,Glu,1,12,4481,2.489,30.64,26.79,5.722,Approved,1.58,0.19,1.6,4.0,221,0.0,0.05
932-029-R28707-N008-A5-Approved,26653,R28707,932-029,03-03-2021 17:44,Glu,8,5,930,2.532,31.04,26.77,5.707999999999998,Approved,1.98,0.24,1.5,3.18,214,0.5,0.13
932-029-R28707-N003-A14-Approved,26653,R28707,932-029,03-03-2021 17:30,Glu,3,14,984,2.552,30.69,26.61,5.497999999999998,Approved,2.03,0.24,1.2,4.16,126,0.2,0.07
932-029-R28707-N002-A10-Approved,26653,R28707,932-029,03-03-2021 17:26,Glu,2,10,985,2.457,30.93,26.58,5.777,Approved,1.97,0.23,1.0,4.21,281,0.6,0.03
932-029-R28707-N001-A1-Approved,26653,R28707,932-029,03-03-2021 17:24,Glu,1,1,987,2.518,31.38,26.58,5.941,Approved,2.02,0.26,1.0,3.19,255,1.6,0.61
932-029-R28678-N008-A10-Approved,26624,R28678,932-029,03-03-2021 15:52,Glu,8,10,2007,2.708,32.41,25.99,6.555,Approved,1.7,0.32,0.3,2.98,187,1.0,0.05
932-029-R28678-N003-A13-Approved,26624,R28678,932-029,03-03-2021 15:38,Glu,3,13,2024,2.847,31.19,26.15,6.5070000000000014,Approved,1.73,0.25,0.1,4.27,142,0.5,0.39
932-029-R28678-N002-A14-Approved,26624,R28678,932-029,03-03-2021 15:34,Glu,2,14,2026,2.5340000000000003,32.09,25.96,6.61,Approved,1.67,0.24,0.2,4.08,218,0.6,0.68
932-029-R28678-N001-A6-Approved,26624,R28678,932-029,03-03-2021 15:32,Glu,1,6,2028,2.676,32.51,25.73,6.894,Approved,1.73,0.23,2.0,4.17,376,6.0,0.57
932-029-R28681-N008-A8-Approved,26627,R28681,932-029,03-03-2021 15:28,Glu,8,8,2936,2.475,33.04,25.3,6.408,Approved,1.62,0.27,0.0,3.43,101,0.6,0.26
932-029-R28681-N003-A6-Approved,26627,R28681,932-029,03-03-2021 15:14,Glu,3,6,2944,2.592,30.45,26.54,6.5,Approved,1.62,0.23,0.4,4.64,3,0.3,0.7
932-029-R28681-N002-A2-Approved,26627,R28681,932-029,03-03-2021 15:10,Glu,2,2,2945,2.58,30.76,26.59,6.085,Approved,1.63,0.25,0.2,4.51,26,0.6,0.49
932-029-R28681-N001-A15-Approved,26627,R28681,932-029,03-03-2021 15:08,Glu,1,15,2948,2.579,30.96,26.59,6.033,Approved,1.58,0.23,0.6,4.29,214,0.0,0.46
932-029-R28659-N008-A7-Approved,26540,R28659,932-029,03-03-2021 15:04,Glu,8,7,994,2.396,31.04,26.66,5.909,Approved,1.37,0.23,0.3,2.67,187,1.9,1.25
932-029-R28659-N001-A13-Approved,26540,R28659,932-029,03-03-2021 14:44,Glu,1,13,1063,2.4,30.66,26.95,5.857,Approved,1.42,0.25,1.0,4.04,165,0.7,0.51
932-029-R28690-N008-A3-Approved,26636,R28690,932-029,03-03-2021 11:06,Glu,8,3,3456,2.6630000000000003,29.75,27.39,5.494,Approved,1.63,0.27,0.4,3.68,183,0.8,0.01
932-029-R28690-N003-A1-Approved,26636,R28690,932-029,03-03-2021 10:52,Glu,3,1,3450,2.88,29.61,27.46,5.332999999999998,Approved,1.75,0.29,0.2,4.0,153,0.8,0.1
932-029-R28690-N002-A5-Approved,26636,R28690,932-029,03-03-2021 10:48,Glu,2,5,3448,2.773,29.55,27.44,5.835,Approved,1.65,0.32,0.0,2.64,247,1.4,0.71
932-029-R28690-N001-A3-Approved,26636,R28690,932-029,03-03-2021 10:46,Glu,1,3,3450,2.655,29.34,27.48,5.824,Approved,1.7,0.32,1.0,4.39,296,0.2,0.71
932-029-R28721-N008-A3-Approved,26667,R28721,932-029,03-03-2021 10:18,Glu,8,3,1218,2.584,29.31,27.58,5.533,Approved,5.5,0.21,0.8,4.48,23,0.6,0.67
932-029-R28721-N003-A4-Approved,26667,R28721,932-029,03-03-2021 10:04,Glu,3,4,1215,2.594,28.89,27.78,5.608,Approved,5.75,0.11,0.1,1.67,260,0.2,1.72
932-029-R28721-N002-A5-Approved,26667,R28721,932-029,03-03-2021 10:00,Glu,2,5,1218,2.479,28.79,27.81,5.479,Approved,5.45,0.23,0.9,5.03,68,0.1,0.25
932-029-R28721-N001-A2-Approved,26667,R28721,932-029,03-03-2021 09:58,Glu,1,2,1218,2.609,28.69,27.81,5.799,Approved,5.7,0.11,0.1,2.37,142,1.8,3.19
932-029-R28688-N008-A3-Approved,26634,R28688,932-029,03-03-2021 09:54,Glu,8,3,898,2.531,29.36,27.81,5.1960000000000015,Approved,1.52,0.29,1.4,4.49,139,1.3,0.74
932-029-R28688-N003-A4-Approved,26634,R28688,932-029,03-03-2021 09:34,Glu,3,4,914,2.514,29.29,27.79,5.7860000000000005,Approved,1.52,0.23,1.9,3.42,205,0.2,0.85
932-029-R28688-N002-A6-Approved,26634,R28688,932-029,03-03-2021 09:30,Glu,2,6,917,2.469,29.16,27.81,5.3279999999999985,Approved,1.6,0.22,1.4,3.86,204,0.0,0.77
932-029-R28688-N001-A2-Approved,26634,R28688,932-029,03-03-2021 09:26,Glu,1,2,922,2.512,29.16,27.83,5.522,Approved,1.52,0.25,1.4,3.7,210,0.0,0.82
932-029-R28696-N008-A12-Approved,26642,R28696,932-029,03-03-2021 08:28,Glu,8,12,4935,2.964,31.48,26.24,6.047999999999999,Approved,1.63,0.3,0.2,4.2,59,0.3,0.47
932-029-R28696-N003-A5-Approved,26642,R28696,932-029,03-03-2021 08:12,Glu,3,5,4955,2.677,31.75,27.04,5.943,Approved,1.63,0.3,0.5,2.52,23,0.4,0.84
932-029-R28696-N002-A12-Approved,26642,R28696,932-029,03-03-2021 08:10,Glu,2,12,4956,2.825,30.56,27.41,6.329,Approved,1.63,0.3,0.1,4.09,80,0.0,0.88
932-029-R28696-N001-A14-Approved,26642,R28696,932-029,03-03-2021 08:06,Glu,1,14,4958,2.716,29.21,27.62,6.1320000000000014,Approved,1.67,0.34,0.1,4.05,98,0.4,0.8
932-029-R28676-N008-A5-Approved,26622,R28676,932-029,03-03-2021 08:04,Glu,8,5,609,2.467,29.28,27.55,5.845,Approved,1.35,0.15,0.0,1.86,104,0.8,1.47
932-029-R28676-N003-A11-Approved,26622,R28676,932-029,03-03-2021 07:48,Glu,3,11,623,2.36,29.26,27.23,5.924,Approved,1.37,0.17,0.1,3.19,37,1.1,0.66
932-029-R28676-N002-A14-Approved,26622,R28676,932-029,03-03-2021 07:46,Glu,2,14,611,2.402,29.39,27.21,5.782,Approved,1.43,0.19,0.0,2.32,22,1.0,0.3
932-029-R28676-N001-A16-Approved,26622,R28676,932-029,03-03-2021 07:42,Glu,1,16,615,2.142,29.31,27.07,5.819,Approved,1.35,0.15,0.3,2.07,174,1.7,0.24
932-029-R28689-N008-A16-Approved,26635,R28689,932-029,02-03-2021 18:44,Glu,8,16,1171,2.334,31.24,26.7,5.113,Approved,1.37,0.17,0.1,2.15,183,1.5,2.56
932-029-R28689-N003-A10-Approved,26635,R28689,932-029,02-03-2021 18:30,Glu,3,10,1178,2.958,31.36,26.52,5.601,Approved,1.38,0.24,1.4,3.38,15,1.8,1.72
932-029-R28689-N002-A5-Approved,26635,R28689,932-029,02-03-2021 18:26,Glu,2,5,1178,2.628,32.39,26.24,5.492000000000001,Approved,1.38,0.24,0.7,2.66,68,2.8,2.75
932-029-R28689-N001-A1-Approved,26635,R28689,932-029,02-03-2021 18:24,Glu,1,1,1175,2.777,32.78,26.01,6.414,Approved,1.45,0.21,0.3,1.54,171,1.6,2.0
932-029-R28697-N008-A4-Approved,26643,R28697,932-029,02-03-2021 16:30,Glu,8,4,1161,2.795,29.28,28.43,5.854,Approved,1.37,0.22,0.2,1.53,102,0.8,1.04
932-029-R28697-N003-A9-Approved,26643,R28697,932-029,02-03-2021 16:16,Glu,3,9,1167,2.819,29.23,28.11,5.4,Approved,1.37,0.22,1.1,3.68,104,0.2,0.71
932-029-R28697-N002-A6-Approved,26643,R28697,932-029,02-03-2021 16:12,Glu,2,6,1167,2.753,29.71,27.81,5.886,Approved,1.4,0.15,0.5,0.15,137,3.6,3.76
932-029-R28697-N001-A3-Approved,26643,R28697,932-029,02-03-2021 16:10,Glu,1,3,1169,2.752,30.4,27.51,6.38,Approved,1.38,0.19,1.0,1.84,256,4.1,0.59
932-029-R28692-N008-A1-Approved,26638,R28692,932-029,02-03-2021 15:44,Glu,8,1,4061,2.672,29.87,28.04,6.0070000000000014,Approved,1.78,0.22,0.4,3.7,332,0.0,0.86
932-029-R28692-N003-A10-Approved,26638,R28692,932-029,02-03-2021 15:28,Glu,3,10,4046,2.6,29.78,27.81,5.166,Approved,1.78,0.19,0.4,3.85,159,0.5,0.51
932-029-R28692-N001-A3-Approved,26638,R28692,932-029,02-03-2021 15:22,Glu,1,3,5411,2.863,30.1,27.62,5.699,Approved,1.77,0.21,0.4,0.96,220,0.9,1.48
932-029-R28675-N008-A5-Approved,26621,R28675,932-029,02-03-2021 15:10,Glu,8,5,5265,1.777,31.04,26.66,6.233,Approved,1.53,0.2,2.3,4.23,283,0.5,0.37
932-029-R28675-N003-A4-Approved,26621,R28675,932-029,02-03-2021 14:56,Glu,3,4,5270,1.86,29.85,27.78,6.66,Approved,1.63,0.21,1.7,4.48,82,0.1,0.31
932-029-R28675-N002-A3-Approved,26621,R28675,932-029,02-03-2021 14:52,Glu,2,3,5271,1.796,30.1,27.56,6.604,Approved,1.53,0.24,2.1,4.25,141,0.2,0.5
932-029-R28675-N001-A12-Approved,26621,R28675,932-029,02-03-2021 14:50,Glu,1,12,5273,1.777,29.85,27.81,6.1720000000000015,Approved,1.6,0.22,2.0,3.74,181,1.3,0.16
932-029-R28674-N008-A15-Approved,26620,R28674,932-029,02-03-2021 14:18,Glu,8,15,2663,2.262,30.69,27.35,5.473,Approved,1.38,0.17,1.9,3.71,280,3.1,1.02
932-029-R28674-N003-A13-Approved,26620,R28674,932-029,02-03-2021 14:04,Glu,3,13,2683,2.187,30.03,27.51,5.474,Approved,1.48,0.2,1.1,4.95,133,0.2,0.5
932-029-R28674-N002-A9-Approved,26620,R28674,932-029,02-03-2021 14:00,Glu,2,9,2687,2.255,30.29,27.34,5.502000000000002,Approved,1.38,0.09,0.6,1.77,129,1.1,1.74
932-029-R28674-N001-A5-Approved,26620,R28674,932-029,02-03-2021 13:58,Glu,1,5,2694,2.254,30.74,27.14,6.325,Approved,1.43,0.07,2.3,2.41,386,3.8,1.5
932-029-R28673-N008-A14-Approved,26619,R28673,932-029,02-03-2021 13:50,Glu,8,14,1920,2.293,31.97,26.06,5.815,Approved,2.43,0.22,0.3,4.22,135,0.1,0.29
932-029-R28673-N003-A7-Approved,26619,R28673,932-029,02-03-2021 13:34,Glu,3,7,1929,2.134,29.95,27.04,5.796,Approved,2.68,0.18,0.3,1.34,99,1.8,2.56
932-029-R28673-N002-A15-Approved,26619,R28673,932-029,02-03-2021 13:32,Glu,2,15,1931,2.255,29.95,27.44,4.935,Approved,2.38,0.16,1.0,2.44,415,2.6,2.76
932-029-R28673-N001-A3-Approved,26619,R28673,932-029,02-03-2021 13:28,Glu,1,3,1933,2.059,28.77,28.92,5.001,Approved,2.65,0.12,0.8,1.58,233,0.1,2.31
932-029-R28590-N008-A14-Approved,26426,R28590,932-029,02-03-2021 13:24,Glu,8,14,1120,1.885,28.7,28.89,5.831,Approved,5.6,0.22,1.6,3.22,294,2.8,1.29
932-029-R28590-N003-A5-Approved,26426,R28590,932-029,02-03-2021 13:08,Glu,3,5,1129,1.629,28.84,28.84,6.223,Approved,5.6,0.1,0.5,0.71,77,5.3,3.22
932-029-R28590-N002-A14-Approved,26426,R28590,932-029,02-03-2021 13:06,Glu,2,14,1128,1.858,28.84,28.82,5.159,Approved,5.63,0.25,1.5,4.58,208,0.2,0.46
932-029-R28590-N001-A16-Approved,26426,R28590,932-029,02-03-2021 13:02,Glu,1,16,1130,1.742,28.91,28.84,5.545,Approved,5.58,0.26,1.4,3.99,218,1.1,0.11
932-029-R28706-N008-A12-Approved,26652,R28706,932-029,02-03-2021 10:22,Glu,8,12,2181,2.544,28.42,28.77,5.6960000000000015,Approved,2.7,0.18,0.1,1.98,115,1.2,1.64
932-029-R28706-N003-A15-Approved,26652,R28706,932-029,02-03-2021 10:08,Glu,3,15,2172,2.609,28.74,28.54,5.783,Approved,2.58,0.23,0.6,3.54,246,2.5,0.0
932-029-R28706-N002-A5-Approved,26652,R28706,932-029,02-03-2021 10:04,Glu,2,5,2174,2.647,28.64,28.48,5.792000000000002,Approved,2.58,0.28,0.5,4.27,68,1.0,0.22
932-029-R28706-N001-A7-Approved,26652,R28706,932-029,02-03-2021 10:02,Glu,1,7,2176,2.753,28.54,28.47,6.0539999999999985,Approved,2.65,0.31,0.3,3.22,247,1.5,0.18
932-029-R28702-N008-A16-Approved,26648,R28702,932-029,02-03-2021 08:52,Glu,8,16,1020,2.382,29.19,27.41,5.617000000000001,Approved,1.6,0.36,0.8,3.81,151,0.1,0.72
932-029-R28702-N003-A2-Approved,26648,R28702,932-029,02-03-2021 08:38,Glu,3,2,1084,2.4090000000000003,30.2,27.09,6.416,Approved,1.7,0.47,0.4,2.03,253,4.8,1.72
932-029-R28702-N002-A12-Approved,26648,R28702,932-029,02-03-2021 08:36,Glu,2,12,1085,2.377,30.08,27.07,5.659,Approved,1.57,0.39,0.5,3.09,241,1.2,0.19
932-029-R28702-N001-A15-Approved,26648,R28702,932-029,02-03-2021 08:32,Glu,1,15,1092,2.497,30.12,26.98,5.682,Approved,1.55,0.21,1.3,4.09,353,0.8,0.19
932-029-R28701-N008-A1-Approved,26647,R28701,932-029,02-03-2021 08:24,Glu,8,1,585,2.687,30.4,26.72,6.227,Approved,1.48,0.26,1.9,4.85,304,1.6,0.11
932-029-R28701-N003-A11-Approved,26647,R28701,932-029,02-03-2021 08:08,Glu,3,11,586,2.631,31.5,26.05,6.246,Approved,1.48,0.21,0.8,1.51,263,3.7,0.65
932-029-R28701-N002-A7-Approved,26647,R28701,932-029,02-03-2021 08:06,Glu,2,7,586,2.612,31.08,26.22,5.82,Approved,1.48,0.26,0.8,4.57,170,1.1,0.16
932-029-R28701-N001-A9-Approved,26647,R28701,932-029,02-03-2021 08:02,Glu,1,9,586,2.603,30.24,26.84,6.0760000000000005,Approved,1.45,0.23,1.0,4.68,200,0.4,0.04
932-029-R28700-N008-A8-Approved,26646,R28700,932-029,02-03-2021 07:58,Glu,8,8,1357,2.357,30.4,26.81,5.4529999999999985,Approved,1.48,0.23,0.2,2.42,59,3.3,2.44
932-029-R28700-N003-A3-Approved,26646,R28700,932-029,02-03-2021 07:42,Glu,3,3,1360,2.673,30.07,26.43,5.785,Approved,1.48,0.23,0.3,3.74,114,0.3,0.24
932-029-R28700-N002-A1-Approved,26646,R28700,932-029,02-03-2021 07:40,Glu,2,1,1360,2.705,30.34,26.42,6.619,Approved,1.45,0.23,1.1,3.38,347,5.0,0.45
932-029-R28700-N001-A10-Approved,26646,R28700,932-029,02-03-2021 07:36,Glu,1,10,1359,2.7060000000000004,30.4,26.28,6.041,Approved,1.47,0.28,0.8,3.14,231,1.1,0.96
932-029-R28667-N008-A15-Approved,26613,R28667,932-029,01-03-2021 18:02,Glu,8,15,4013,2.651,32.78,24.95,6.522,Approved,5.55,0.25,2.0,3.86,309,1.9,0.59
932-029-R28667-N003-A4-Approved,26613,R28667,932-029,01-03-2021 17:46,Glu,3,4,4030,2.6460000000000004,32.37,25.62,5.401,Approved,5.48,0.21,1.2,4.17,170,0.2,0.59
932-029-R28667-N002-A7-Approved,26613,R28667,932-029,01-03-2021 17:44,Glu,2,7,4030,2.5860000000000003,31.72,25.94,6.035,Approved,5.7,0.25,1.4,3.91,250,1.1,0.21
932-029-R28667-N001-A3-Approved,26613,R28667,932-029,01-03-2021 17:38,Glu,1,3,4032,2.342,31.18,26.35,5.57,Approved,5.53,0.3,0.9,3.38,211,0.5,0.35
932-029-R28656-N008-A3-Approved,26537,R28656,932-029,01-03-2021 17:32,Glu,8,3,831,2.5340000000000003,31.11,26.36,5.756,Approved,2.05,0.12,2.2,0.75,221,0.0,0.54
932-029-R28656-N003-A11-Approved,26537,R28656,932-029,01-03-2021 17:16,Glu,3,11,843,2.729,32.54,25.73,5.676,Approved,1.93,0.24,1.8,3.3,83,0.6,0.09
932-029-R28656-N002-A9-Approved,26537,R28656,932-029,01-03-2021 17:12,Glu,2,9,843,2.785,31.35,26.28,5.67,Approved,1.93,0.23,1.1,4.34,76,0.2,0.75
932-029-R28656-N001-A2-Approved,26537,R28656,932-029,01-03-2021 17:04,Glu,1,2,845,2.812,30.87,26.29,6.7,Approved,2.0,0.25,1.2,2.7,343,2.5,0.09
932-029-R28603-N008-A14-Approved,26439,R28603,932-029,25-02-2021 13:44,Glu,8,14,2655,2.227,31.92,26.31,5.726,Approved,1.23,0.24,0.2,3.72,14,0.5,0.77
932-029-R28603-N003-A12-Approved,26439,R28603,932-029,25-02-2021 13:30,Glu,3,12,2687,2.177,30.82,26.58,5.649,Approved,1.23,0.16,0.4,3.45,112,1.6,1.6
932-029-R28603-N002-A11-Approved,26439,R28603,932-029,25-02-2021 13:26,Glu,2,11,2708,2.213,30.82,26.59,5.522,Approved,1.23,0.25,0.6,5.21,81,0.4,0.77
932-029-R28603-N001-A10-Approved,26439,R28603,932-029,25-02-2021 13:24,Glu,1,10,2708,2.099,30.84,26.61,5.474,Approved,1.22,0.22,0.4,3.29,142,2.0,1.17
932-029-R28662-N007-A15-Approved,26543,R28662,932-029,25-02-2021 12:12,Glu,7,15,1192,2.336,30.71,26.79,5.747000000000001,Approved,5.5,0.24,1.3,4.89,215,0.1,0.02
932-029-R28662-N003-A2-Approved,26543,R28662,932-029,25-02-2021 12:00,Glu,3,2,1199,2.245,30.64,26.65,6.222,Approved,5.55,0.2,1.8,2.88,271,2.5,1.61
932-029-R28662-N002-A6-Approved,26543,R28662,932-029,25-02-2021 11:56,Glu,2,6,1203,2.411,30.57,26.65,6.035,Approved,5.6,0.19,0.6,3.12,148,0.2,1.16
932-029-R28662-N001-A12-Approved,26543,R28662,932-029,25-02-2021 11:52,Glu,1,12,1203,2.535,30.67,26.63,5.849,Approved,5.68,0.21,0.9,4.09,183,0.0,0.65
932-029-R28588-N008-A2-Approved,26424,R28588,932-029,25-02-2021 10:38,Glu,8,2,5910,1.951,31.41,26.29,5.856,Approved,1.28,0.31,3.5,4.61,346,0.6,0.75
932-029-R28588-N003-A1-Approved,26424,R28588,932-029,25-02-2021 10:22,Glu,3,1,5916,2.02,29.5,27.34,5.942,Approved,1.35,0.12,0.5,0.84,64,4.3,5.26
932-029-R28588-N002-A14-Approved,26424,R28588,932-029,25-02-2021 10:20,Glu,2,14,5908,2.085,29.39,27.3,5.66,Approved,1.4,0.26,0.7,2.91,72,3.4,1.39
932-029-R28588-N001-A12-Approved,26424,R28588,932-029,25-02-2021 10:16,Glu,1,12,5908,1.796,29.46,27.35,5.735,Approved,1.48,0.29,1.2,4.45,140,0.6,0.96
932-029-R28598-N003-A9-Approved,26434,R28598,932-029,25-02-2021 08:16,Glu,3,9,5193,2.637,28.92,27.28,5.864,Approved,1.47,0.15,0.3,1.09,105,3.8,1.89
932-029-R28598-N002-A13-Approved,26434,R28598,932-029,25-02-2021 08:12,Glu,2,13,5185,2.589,28.97,27.19,5.681,Approved,1.45,0.21,0.5,3.89,147,1.6,0.34
932-029-R28598-N001-A14-Approved,26434,R28598,932-029,25-02-2021 08:10,Glu,1,14,5170,2.652,29.04,27.12,5.7170000000000005,Approved,1.38,0.26,0.6,4.0,207,0.8,0.29
932-029-R28606-N008-A3-Approved,26442,R28606,932-029,25-02-2021 08:06,Glu,8,3,5107,2.42,29.78,27.07,6.023,Approved,1.23,0.37,2.4,8.44,605,3.1,7.95
932-029-R28606-N003-A8-Approved,26442,R28606,932-029,25-02-2021 07:52,Glu,3,8,5060,2.574,29.9,26.82,5.693,Approved,1.22,0.22,0.4,2.71,32,1.1,1.07
932-029-R28606-N002-A13-Approved,26442,R28606,932-029,25-02-2021 07:48,Glu,2,13,5061,2.557,30.03,26.72,5.58,Approved,1.42,0.34,0.5,4.09,201,1.3,0.32
932-029-R28606-N001-A11-Approved,26442,R28606,932-029,25-02-2021 07:44,Glu,1,11,5062,2.599,29.68,26.65,5.7620000000000005,Approved,1.53,0.32,0.6,4.49,209,0.7,0.84
932-029-R28576-N008-A12-Approved,26385,R28576,932-029,24-02-2021 20:04,Glu,8,12,2640,2.451,31.16,26.58,6.105,Approved,1.28,0.26,0.6,4.14,214,2.5,0.3
932-029-R28576-N003-A9-Approved,26385,R28576,932-029,24-02-2021 19:50,Glu,3,9,3398,2.291,31.16,26.47,5.853,Approved,1.35,0.17,0.4,2.1,104,3.5,1.09
932-029-R28576-N002-A5-Approved,26385,R28576,932-029,24-02-2021 19:46,Glu,2,5,3401,2.482,31.43,26.43,6.15,Approved,1.23,0.35,0.7,4.14,243,0.1,0.13
932-029-R28576-N001-A3-Approved,26385,R28576,932-029,24-02-2021 19:44,Glu,1,3,3397,2.242,31.6,26.36,5.8420000000000005,Approved,1.27,0.27,0.5,2.33,153,2.8,0.62
932-029-R28553-N008-A8-Approved,26362,R28553,932-029,24-02-2021 16:02,Glu,8,8,4034,2.571,31.46,26.84,5.807,Approved,1.42,0.21,0.8,4.37,185,0.5,0.93
932-029-R28553-N003-A9-Approved,26362,R28553,932-029,24-02-2021 15:48,Glu,3,9,4060,2.528,31.72,26.73,5.827000000000001,Approved,1.38,0.23,0.7,4.15,188,1.7,0.35
932-029-R28553-N002-A8-Approved,26362,R28553,932-029,24-02-2021 15:44,Glu,2,8,4062,2.591,31.72,26.68,5.948,Approved,1.45,0.16,0.3,2.26,11,2.4,2.23
932-029-R28553-N001-A5-Approved,26362,R28553,932-029,24-02-2021 15:42,Glu,1,5,4063,2.309,31.72,26.68,6.023,Approved,1.38,0.16,0.1,2.67,164,1.6,0.82
932-029-R28567-N008-A8-Approved,26376,R28567,932-029,24-02-2021 12:58,Glu,8,8,4303,2.427,32.46,25.89,5.856,Approved,1.42,0.16,1.0,0.52,188,2.1,2.3
932-029-R28567-N003-A6-Approved,26376,R28567,932-029,24-02-2021 12:42,Glu,3,6,4326,2.419,31.56,26.47,6.028,Approved,1.42,0.32,0.4,4.32,169,0.6,0.19
932-029-R28567-N002-A4-Approved,26376,R28567,932-029,24-02-2021 12:38,Glu,2,4,4324,2.2,31.5,26.51,6.267,Approved,1.42,0.35,1.2,4.49,255,1.4,0.22
932-029-R28567-N001-A2-Approved,26376,R28567,932-029,24-02-2021 12:28,Glu,1,2,4330,2.404,31.4,26.45,5.746,Approved,1.45,0.21,0.3,2.99,5,0.4,0.71
932-029-R28493-N008-A7-Approved,26287,R28493,932-029,24-02-2021 12:16,Glu,8,7,2717,2.408,31.48,26.35,5.8820000000000014,Approved,1.62,0.21,1.3,4.7,191,0.7,0.66
932-029-R28493-N003-A12-Approved,26287,R28493,932-029,24-02-2021 12:00,Glu,3,12,2719,2.38,31.55,26.31,5.822,Approved,1.57,0.21,0.2,2.59,13,0.6,1.31
932-029-R28493-N002-A8-Approved,26287,R28493,932-029,24-02-2021 11:58,Glu,2,8,2714,2.366,31.58,26.29,5.846,Approved,1.52,0.23,0.4,3.67,120,0.7,0.02
932-029-R28493-N001-A4-Approved,26287,R28493,932-029,24-02-2021 11:54,Glu,1,4,2715,2.2880000000000003,31.75,26.22,5.814,Approved,1.43,0.19,0.1,2.42,36,1.4,1.21
932-029-R28516-N008-A11-Approved,26310,R28516,932-029,24-02-2021 11:52,Glu,8,11,2919,2.528,31.97,26.13,5.609,Approved,1.67,0.15,0.0,1.71,25,1.6,1.85
932-029-R28516-N003-A2-Approved,26310,R28516,932-029,24-02-2021 11:36,Glu,3,2,2948,2.573,32.74,25.6,6.0139999999999985,Approved,1.68,0.24,0.8,4.39,156,2.0,0.06
932-029-R28516-N002-A12-Approved,26310,R28516,932-029,24-02-2021 11:30,Glu,2,12,2952,2.579,32.59,25.55,5.704,Approved,1.5,0.23,0.3,3.85,27,0.9,0.47
932-029-R28516-N001-A4-Approved,26310,R28516,932-029,24-02-2021 11:28,Glu,1,4,2953,2.55,32.52,25.55,6.229,Approved,1.38,0.05,0.1,1.14,159,6.4,3.89
932-029-R28480-N008-A6-Approved,26244,R28480,932-029,24-02-2021 00:02,Glu,8,6,3669,2.456,31.58,26.73,5.974,Approved,1.62,0.25,0.2,3.38,68,0.5,1.86
932-029-R28480-N003-A11-Approved,26244,R28480,932-029,23-02-2021 23:46,Glu,3,11,3657,2.56,31.56,26.42,5.769,Approved,1.38,0.16,0.2,1.53,56,4.2,2.58
932-029-R28480-N002-A10-Approved,26244,R28480,932-029,23-02-2021 23:44,Glu,2,10,3659,2.411,31.18,26.59,5.662000000000001,Approved,1.67,0.35,1.3,4.46,119,0.6,0.01
932-029-R28480-N001-A9-Approved,26244,R28480,932-029,23-02-2021 23:40,Glu,1,9,3664,2.602,31.68,26.56,5.938,Approved,1.42,0.12,0.1,2.76,41,1.6,1.02
932-029-R28575-N008-A3-Approved,26384,R28575,932-029,23-02-2021 15:02,Glu,8,3,770,2.186,31.67,26.05,6.041,Approved,1.53,0.12,1.2,4.33,222,1.8,0.78
