bcr_dir,RunNumberPartNumberID,RunNumber,PartNumber,ca_time,ym_time,Sensor,BoardNumber,ArrayNumber,time_betw_scan_min,CA,CA Humidity,CA Temperature,YM,YM Humidity,YM Temperature,CA_cav_dia,CA_void_cav,CA_cav_depth,Ca_void_mem,CA_overlap_min,CA_overlap_max,YM_void_mem,Class,Tid efter start [timer],2/1 mM Glu/Lac [mM],1 mM H2O2 [mM],40/25 mM glu/lac h�j O2,Sensitivity [pA/�M],t on 10/5 mM glu/lac [s],Lav O2 - H�j O2
,27260,R29061,932-029,24-03-2021 19:32,29-03-2021 22:58,Glu,8,8,1213,2.508,32.86,26.65,5.6629999999999985,33.53,26.22,1169.7,22.281,60.249,25.824,36.747,178.486,28.459,Approved,4.3,0.18,0.6,4.53,281,0.2,0.98
,27260,R29061,932-029,24-03-2021 19:16,29-03-2021 22:32,Glu,3,15,1214,2.642,30.49,26.58,5.5870000000000015,32.41,26.52,1169.92,25.69,63.157,29.812,120.741,173.236,31.226,Approved,4.3,0.21,0.1,4.06,38,1.2,1.14
,27260,R29061,932-029,24-03-2021 19:14,29-03-2021 22:28,Glu,2,1,1213,2.568,30.52,26.58,5.6370000000000005,32.07,26.38,1178.04,24.4,61.81,28.421,99.742,209.984,30.25,Approved,4.32,0.21,0.3,4.3,115,0.8,1.19
,27260,R29061,932-029,24-03-2021 19:10,29-03-2021 22:24,Glu,1,9,1214,2.544,30.45,26.58,6.27,31.93,26.51,1171.48,23.979,60.74800000000001,28.309,120.741,173.236,30.094,Approved,4.35,0.34,1.1,4.41,364,1.3,0.54
,27312,R29095,932-029,24-03-2021 23:20,29-03-2021 13:52,Glu,8,4,4790,2.4330000000000003,31.48,26.35,6.058,29.04,26.21,1155.86,20.143,62.494,29.881,99.853,210.218,28.931,Approved,4.3,0.24,0.4,4.98,96,0.5,0.41
,27312,R29095,932-029,24-03-2021 23:04,29-03-2021 13:28,Glu,3,13,4805,2.545,30.5,26.66,5.9689999999999985,28.92,26.05,1158.59,20.99,62.402,30.96,141.89700000000005,210.218,29.38,Approved,4.3,0.26,0.7,4.44,256,0.3,0.49
,27312,R29095,932-029,24-03-2021 23:02,29-03-2021 13:24,Glu,2,4,4810,2.406,30.84,26.63,6.124,29.56,26.08,1165.71,20.337,60.26600000000001,30.102,120.875,199.707,28.618,Approved,4.3,0.26,1.1,4.53,232,0.9,0.81
,27312,R29095,932-029,24-03-2021 22:58,29-03-2021 13:20,Glu,1,5,4811,2.471,30.91,26.61,5.6389999999999985,29.93,26.12,1152.32,20.571,61.201,31.012,131.386,210.218,28.759,Approved,4.42,0.27,0.1,4.26,105,0.5,0.59
,27217,R29036,932-029,24-03-2021 15:36,26-03-2021 14:02,Glu,8,4,1460,2.323,31.3,26.47,5.98,30.02,26.88,1144.28,20.121,61.368,29.632,136.642,210.218,28.247,Approved,1.73,0.26,1.0,3.92,350,0.1,0.62
,27217,R29036,932-029,24-03-2021 15:12,26-03-2021 13:36,Glu,3,1,1471,2.775,31.31,26.59,5.725,27.75,26.72,1158.8,18.841,58.368,28.49,120.875,194.452,27.867,Approved,1.73,0.21,0.5,4.85,145,0.3,0.55
,27217,R29036,932-029,24-03-2021 15:08,26-03-2021 13:32,Glu,2,10,1472,2.912,31.23,26.58,6.045,27.71,26.93,1157.78,18.999,62.403,29.042,110.364,199.707,27.44,Approved,1.73,0.17,0.5,3.64,283,1.8,0.21
,27217,R29036,932-029,24-03-2021 15:06,26-03-2021 13:26,Glu,1,12,1458,2.43,31.16,26.58,5.626,27.85,26.82,1155.21,18.87,60.93,28.387,120.875,204.962,26.859,Approved,1.67,0.21,0.6,3.39,212,0.7,0.27
,27266,R29067,932-029,24-03-2021 11:46,26-03-2021 08:08,Glu,8,15,2276,2.4730000000000003,32.94,25.66,6.166,28.23,27.04,1166.36,22.16,62.148,32.145,126.131,199.707,30.567,Approved,1.65,0.19,1.3,4.29,213,2.8,0.41
,27266,R29067,932-029,24-03-2021 11:32,26-03-2021 07:40,Glu,3,7,2286,2.361,32.04,26.49,5.766,29.18,26.91,1155.73,22.102,61.324,32.202,120.875,189.196,30.44,Approved,1.65,0.22,1.0,4.59,208,1.2,0.53
,27266,R29067,932-029,24-03-2021 11:28,26-03-2021 07:36,Glu,2,4,2288,2.38,31.83,26.45,5.5379999999999985,28.32,26.75,1161.51,22.076,62.255,32.466,136.642,199.707,30.454,Approved,1.65,0.22,1.2,4.93,304,0.3,0.35
,27266,R29067,932-029,24-03-2021 11:26,26-03-2021 07:32,Glu,1,1,2289,2.39,31.7,26.42,5.761,28.23,27.0,1173.0,21.139,59.721,31.319000000000006,126.131,189.196,30.016,Approved,1.77,0.22,1.2,4.85,252,0.0,0.07
,27215,R29034,932-029,24-03-2021 10:56,26-03-2021 02:06,Glu,8,6,1092,2.526,31.67,25.99,5.589,27.36,27.37,1156.22,22.495,62.18600000000001,26.882,120.741,209.984,28.661,Approved,1.65,0.17,0.4,2.09,59,3.2,1.12
,27215,R29034,932-029,24-03-2021 10:22,26-03-2021 01:38,Glu,3,1,1089,2.658,32.0,25.76,5.836,27.76,26.81,1160.68,21.736,61.182,26.344,89.243,204.734,28.618,Approved,1.65,0.17,0.2,1.83,360,3.3,0.85
,27215,R29034,932-029,24-03-2021 09:40,26-03-2021 01:30,Glu,1,1,1087,2.7910000000000004,33.65,24.53,6.261,28.57,27.18,1156.86,21.624,60.949,26.955,125.99,209.984,28.999,Approved,1.67,0.21,0.7,4.63,262,0.6,0.51
,27208,R29027,932-029,24-03-2021 05:38,26-03-2021 00:02,Glu,8,8,1135,2.494,35.06,24.33,5.408,28.76,27.37,1173.73,21.702,61.551,27.438,131.92600000000002,184.696,29.759,Approved,0.58,0.21,0.3,3.13,202,1.4,0.64
,27208,R29027,932-029,24-03-2021 05:22,25-03-2021 23:34,Glu,3,7,1128,2.694,34.31,24.79,5.46,29.34,27.21,1168.04,22.121,60.065,27.9,142.48,200.527,29.333,Approved,0.57,0.31,0.6,4.53,212,0.3,0.14
,27208,R29027,932-029,24-03-2021 05:10,25-03-2021 23:24,Glu,1,16,1123,2.724,32.78,25.75,5.52,27.59,27.16,1177.99,21.43,57.69600000000001,27.562,126.649,211.081,29.72,Approved,0.57,0.24,1.2,4.68,397,0.1,0.45
,27207,R29026,932-029,24-03-2021 12:16,25-03-2021 22:36,Glu,3,5,1385,2.584,31.75,26.28,5.834,27.95,26.61,1168.46,22.028,60.105,26.195,115.491,199.484,28.323,Approved,2.65,0.22,0.6,4.38,142,0.3,0.63
,27207,R29026,932-029,24-03-2021 12:12,25-03-2021 22:32,Glu,2,10,1384,2.607,31.63,26.42,5.992000000000001,28.12,26.49,1176.0,21.567,59.674,25.733,104.992,194.235,28.163,Approved,2.65,0.15,0.5,4.02,108,1.8,0.19
,27207,R29026,932-029,24-03-2021 12:10,25-03-2021 22:26,Glu,1,9,1384,2.649,31.63,26.45,5.442,28.12,26.21,1166.63,21.557,60.464,25.857,110.241,199.484,28.069000000000006,Approved,2.65,0.15,0.2,3.13,340,1.1,1.4
,27243,R29044,932-029,24-03-2021 08:56,25-03-2021 21:18,Glu,8,11,1443,2.499,35.26,24.39,5.977,28.84,26.91,1160.29,18.618,57.567,27.348000000000006,110.364,183.941,27.404,Approved,0.58,0.2,2.0,4.89,395,1.0,0.64
,27243,R29044,932-029,24-03-2021 08:40,25-03-2021 20:56,Glu,3,10,1453,2.556,34.47,24.54,5.643,28.49,26.73,1161.63,18.955,59.968,27.507,99.853,178.685,26.688,Approved,0.57,0.23,0.6,4.21,22,1.1,0.48
,27243,R29044,932-029,24-03-2021 08:38,25-03-2021 20:46,Glu,2,11,1454,2.522,33.92,24.65,5.369,28.54,26.72,1163.35,18.641,57.271,27.086,99.853,199.707,26.737,Approved,0.58,0.22,0.4,4.46,75,0.9,0.33
,27216,R29035,932-029,24-03-2021 21:10,25-03-2021 17:40,Glu,8,15,1453,2.262,31.85,26.17,5.985,33.13,26.52,1170.42,20.579,59.181,27.91,116.053,211.005,26.565,Approved,0.63,0.37,1.6,3.59,317,1.1,0.03
,27216,R29035,932-029,24-03-2021 20:56,25-03-2021 17:14,Glu,3,12,1525,2.38,32.94,25.32,5.641,32.39,26.63,1183.93,20.556,58.941,28.105,110.778,211.005,26.676,Approved,0.63,0.36,1.3,4.15,352,0.1,0.57
,27216,R29035,932-029,24-03-2021 20:52,25-03-2021 17:10,Glu,2,8,1545,2.266,32.17,25.38,5.699,32.2,26.56,1183.18,20.594,60.194,27.588,36.926,211.005,26.484,Approved,0.65,0.26,0.5,2.9,67,3.1,1.26
,27216,R29035,932-029,24-03-2021 20:52,25-03-2021 17:10,Glu,2,8,1545,2.266,32.17,25.38,5.699,32.2,26.56,1183.18,20.594,60.194,27.588,36.926,211.005,26.484,Approved,0.65,0.26,0.5,2.9,67,3.1,1.26
,27216,R29035,932-029,24-03-2021 20:50,25-03-2021 17:06,Glu,1,4,1548,2.196,31.97,25.62,5.915,32.14,26.58,1157.84,20.819000000000006,61.62600000000001,28.846,126.603,211.005,28.236,Approved,0.57,0.31,1.4,4.61,232,0.6,0.39
,27216,R29035,932-029,24-03-2021 20:50,25-03-2021 17:06,Glu,1,4,1548,2.196,31.97,25.62,5.915,32.14,26.58,1157.84,20.819000000000006,61.62600000000001,28.846,126.603,211.005,28.236,Approved,0.57,0.31,1.4,4.61,232,0.6,0.39
,27222,R29041,932-029,24-03-2021 23:44,25-03-2021 15:30,Glu,8,10,1544,2.486,30.66,27.02,5.952000000000001,29.09,26.59,1162.83,19.268,60.346,28.064,120.875,173.43,27.774,Approved,1.28,0.37,0.7,3.76,206,1.4,0.42
,27222,R29041,932-029,24-03-2021 23:44,25-03-2021 15:30,Glu,8,10,1544,2.486,30.66,27.02,5.952000000000001,29.09,26.59,1162.83,19.268,60.346,28.064,120.875,173.43,27.774,Approved,1.28,0.37,0.7,3.76,206,1.4,0.42
,27222,R29041,932-029,24-03-2021 23:30,25-03-2021 15:06,Glu,3,12,1555,2.46,30.5,26.82,5.64,28.47,26.82,1160.98,19.279,58.99100000000001,28.467,131.386,204.962,27.076,Approved,1.37,0.33,0.2,2.75,140,2.2,1.33
,27222,R29041,932-029,24-03-2021 23:30,25-03-2021 15:06,Glu,3,12,1555,2.46,30.5,26.82,5.64,28.47,26.82,1160.98,19.279,58.99100000000001,28.467,131.386,204.962,27.076,Approved,1.37,0.33,0.2,2.75,140,2.2,1.33
,27222,R29041,932-029,24-03-2021 23:26,25-03-2021 15:02,Glu,2,10,1560,2.477,31.04,26.73,5.809,29.07,26.88,1171.63,18.646,56.64100000000001,27.023000000000003,120.875,199.707,27.036,Approved,1.25,0.36,1.1,3.67,183,1.0,0.58
,27222,R29041,932-029,24-03-2021 23:26,25-03-2021 15:02,Glu,2,10,1560,2.477,31.04,26.73,5.809,29.07,26.88,1171.63,18.646,56.64100000000001,27.023000000000003,120.875,199.707,27.036,Approved,1.25,0.36,1.1,3.67,183,1.0,0.58
,27222,R29041,932-029,24-03-2021 23:24,25-03-2021 14:58,Glu,1,11,1563,2.438,31.24,26.65,5.7410000000000005,28.94,26.79,1161.6,19.12,59.53100000000001,28.011,131.386,210.218,27.913,Approved,1.22,0.39,0.7,4.1,153,0.2,0.28
,27222,R29041,932-029,24-03-2021 23:24,25-03-2021 14:58,Glu,1,11,1563,2.438,31.24,26.65,5.7410000000000005,28.94,26.79,1161.6,19.12,59.53100000000001,28.011,131.386,210.218,27.913,Approved,1.22,0.39,0.7,4.1,153,0.2,0.28
,27252,R29053,932-029,24-03-2021 17:50,25-03-2021 10:14,Glu,8,15,1481,2.576,30.91,26.75,5.738,32.62,26.73,1199.47,19.884,54.74,28.999,110.364,168.174,27.44,Approved,1.92,0.29,3.2,4.58,299,1.2,0.33
,27252,R29053,932-029,24-03-2021 17:50,25-03-2021 10:14,Glu,8,15,1481,2.576,30.91,26.75,5.738,32.62,26.73,1199.47,19.884,54.74,28.999,110.364,168.174,27.44,Approved,1.92,0.29,3.2,4.58,299,1.2,0.33
,27252,R29053,932-029,24-03-2021 17:32,25-03-2021 09:46,Glu,2,11,1492,2.4730000000000003,30.5,26.73,5.914,31.65,26.51,1171.93,20.187,60.53100000000001,29.597,110.364,210.218,28.078000000000007,Approved,2.0,0.31,2.6,4.41,190,1.0,0.04
,27252,R29053,932-029,24-03-2021 17:32,25-03-2021 09:46,Glu,2,11,1492,2.4730000000000003,30.5,26.73,5.914,31.65,26.51,1171.93,20.187,60.53100000000001,29.597,110.364,210.218,28.078000000000007,Approved,2.0,0.31,2.6,4.41,190,1.0,0.04
,27253,R29054,932-029,24-03-2021 18:14,25-03-2021 09:30,Glu,8,9,1667,2.229,31.6,26.1,5.359,32.02,26.17,1172.14,21.47,63.639,28.686,116.053,211.005,27.884,Approved,1.15,0.21,0.8,2.28,231,2.4,0.77
,27253,R29054,932-029,24-03-2021 18:14,25-03-2021 09:30,Glu,8,9,1667,2.229,31.6,26.1,5.359,32.02,26.17,1172.14,21.47,63.639,28.686,116.053,211.005,27.884,Approved,1.15,0.21,0.8,2.28,231,2.4,0.77
,27253,R29054,932-029,24-03-2021 18:00,25-03-2021 08:54,Glu,3,1,1645,2.2430000000000003,31.01,26.75,5.421,32.54,26.42,1193.0,21.111,56.687,27.984,105.503,211.005,27.051,Approved,1.15,0.23,0.8,3.86,57,0.0,0.41
,27253,R29054,932-029,24-03-2021 18:00,25-03-2021 08:54,Glu,3,1,1645,2.2430000000000003,31.01,26.75,5.421,32.54,26.42,1193.0,21.111,56.687,27.984,105.503,211.005,27.051,Approved,1.15,0.23,0.8,3.86,57,0.0,0.41
,27253,R29054,932-029,24-03-2021 17:54,25-03-2021 08:44,Glu,1,8,1653,2.25,30.98,26.75,5.983,32.42,26.17,1173.01,20.637,56.341,28.662,126.603,211.005,26.883000000000006,Approved,1.13,0.35,0.3,4.14,339,0.5,1.03
,27253,R29054,932-029,24-03-2021 17:54,25-03-2021 08:44,Glu,1,8,1653,2.25,30.98,26.75,5.983,32.42,26.17,1173.01,20.637,56.341,28.662,126.603,211.005,26.883000000000006,Approved,1.13,0.35,0.3,4.14,339,0.5,1.03
,27209,R29028,932-029,24-03-2021 04:10,25-03-2021 06:40,Glu,7,8,1716,2.424,34.07,24.9,5.766,27.51,25.94,1161.42,19.842,62.477,28.375,131.386,189.196,27.937,Approved,1.65,0.16,0.9,3.35,394,2.0,0.78
,27209,R29028,932-029,24-03-2021 04:10,25-03-2021 06:40,Glu,7,8,1716,2.424,34.07,24.9,5.766,27.51,25.94,1161.42,19.842,62.477,28.375,131.386,189.196,27.937,Approved,1.65,0.16,0.9,3.35,394,2.0,0.78
,27209,R29028,932-029,24-03-2021 03:58,25-03-2021 06:16,Glu,3,16,1708,2.306,33.5,25.22,5.551,27.88,25.25,1166.89,19.152,59.96100000000001,27.577,105.109,157.66299999999995,26.94,Approved,1.67,0.24,0.3,3.67,183,1.1,0.14
,27209,R29028,932-029,24-03-2021 03:58,25-03-2021 06:16,Glu,3,16,1708,2.306,33.5,25.22,5.551,27.88,25.25,1166.89,19.152,59.96100000000001,27.577,105.109,157.66299999999995,26.94,Approved,1.67,0.24,0.3,3.67,183,1.1,0.14
,27209,R29028,932-029,24-03-2021 03:56,25-03-2021 06:12,Glu,2,2,1710,2.498,33.28,25.3,6.051,28.05,25.18,1134.33,19.432,63.849,28.692,131.386,210.218,28.384,Approved,1.65,0.23,0.7,4.48,261,1.4,0.01
,27209,R29028,932-029,24-03-2021 03:56,25-03-2021 06:12,Glu,2,2,1710,2.498,33.28,25.3,6.051,28.05,25.18,1134.33,19.432,63.849,28.692,131.386,210.218,28.384,Approved,1.65,0.23,0.7,4.48,261,1.4,0.01
,27209,R29028,932-029,24-03-2021 03:52,25-03-2021 06:08,Glu,1,2,1714,2.539,33.09,25.45,6.181,28.1,25.18,1136.53,19.754,63.245,29.14,120.875,210.218,28.147,Approved,1.65,0.25,0.3,4.1,246,1.7,0.63
,27209,R29028,932-029,24-03-2021 03:52,25-03-2021 06:08,Glu,1,2,1714,2.539,33.09,25.45,6.181,28.1,25.18,1136.53,19.754,63.245,29.14,120.875,210.218,28.147,Approved,1.65,0.25,0.3,4.1,246,1.7,0.63
,27205,R29024,932-029,24-03-2021 16:10,25-03-2021 06:00,Glu,8,16,1526,2.25,31.13,26.82,6.334,31.46,25.41,1191.66,20.552,55.451,26.885,73.852,211.005,25.385,Approved,2.22,0.19,1.2,4.2,287,1.7,0.0
,27205,R29024,932-029,24-03-2021 16:10,25-03-2021 06:00,Glu,8,16,1526,2.25,31.13,26.82,6.334,31.46,25.41,1191.66,20.552,55.451,26.885,73.852,211.005,25.385,Approved,2.22,0.19,1.2,4.2,287,1.7,0.0
,27205,R29024,932-029,24-03-2021 15:56,25-03-2021 05:40,Glu,4,2,1529,2.286,30.77,26.73,5.678,30.98,26.36,1148.0,21.004,63.381,28.256,105.503,211.005,26.748,Approved,2.03,0.14,2.0,3.41,144,1.5,0.95
,27205,R29024,932-029,24-03-2021 15:56,25-03-2021 05:40,Glu,4,2,1529,2.286,30.77,26.73,5.678,30.98,26.36,1148.0,21.004,63.381,28.256,105.503,211.005,26.748,Approved,2.03,0.14,2.0,3.41,144,1.5,0.95
,27205,R29024,932-029,24-03-2021 15:54,25-03-2021 05:36,Glu,3,4,1532,2.316,30.77,26.77,5.777,30.27,26.24,1167.78,20.18,58.752,27.033,116.053,211.005,26.16,Approved,2.12,0.24,1.9,4.36,237,0.5,0.34
,27205,R29024,932-029,24-03-2021 15:54,25-03-2021 05:36,Glu,3,4,1532,2.316,30.77,26.77,5.777,30.27,26.24,1167.78,20.18,58.752,27.033,116.053,211.005,26.16,Approved,2.12,0.24,1.9,4.36,237,0.5,0.34
,27205,R29024,932-029,24-03-2021 15:50,25-03-2021 05:30,Glu,2,1,1537,2.525,31.11,26.72,5.353,29.68,26.36,1208.38,20.169,54.582,27.713,121.328,211.005,25.33,Approved,2.08,0.24,1.9,4.36,34,0.3,0.01
,27205,R29024,932-029,24-03-2021 15:50,25-03-2021 05:30,Glu,2,1,1537,2.525,31.11,26.72,5.353,29.68,26.36,1208.38,20.169,54.582,27.713,121.328,211.005,25.33,Approved,2.08,0.24,1.9,4.36,34,0.3,0.01
,27177,R29014,932-029,24-03-2021 13:08,25-03-2021 04:30,Glu,8,6,1322,2.612,31.56,26.51,6.025,29.23,26.45,1193.15,21.387,54.791,25.637,115.491,183.736,26.674,Approved,2.03,0.4,1.1,4.83,378,1.5,0.34
,27177,R29014,932-029,24-03-2021 13:08,25-03-2021 04:30,Glu,8,6,1322,2.612,31.56,26.51,6.025,29.23,26.45,1193.15,21.387,54.791,25.637,115.491,183.736,26.674,Approved,2.03,0.4,1.1,4.83,378,1.5,0.34
,27177,R29014,932-029,24-03-2021 12:52,25-03-2021 04:02,Glu,3,8,1325,2.584,31.82,26.33,5.685,27.83,26.22,1182.91,21.632,58.848,25.641,115.491,178.486,27.065,Approved,2.03,0.2,2.4,2.53,3,1.2,1.74
,27177,R29014,932-029,24-03-2021 12:52,25-03-2021 04:02,Glu,3,8,1325,2.584,31.82,26.33,5.685,27.83,26.22,1182.91,21.632,58.848,25.641,115.491,178.486,27.065,Approved,2.03,0.2,2.4,2.53,3,1.2,1.74
,27177,R29014,932-029,24-03-2021 12:50,25-03-2021 03:58,Glu,2,3,1325,2.508,31.95,26.29,5.693,28.07,26.42,1161.72,22.226,57.723,26.932,120.741,199.484,28.01,Approved,2.02,0.27,1.6,4.76,175,0.4,0.21
,27177,R29014,932-029,24-03-2021 12:50,25-03-2021 03:58,Glu,2,3,1325,2.508,31.95,26.29,5.693,28.07,26.42,1161.72,22.226,57.723,26.932,120.741,199.484,28.01,Approved,2.02,0.27,1.6,4.76,175,0.4,0.21
,27177,R29014,932-029,24-03-2021 12:44,25-03-2021 03:54,Glu,1,2,1326,2.49,32.46,25.9,6.152,28.42,26.43,1149.4,22.629,62.87300000000001,27.47,94.493,209.984,28.891,Approved,2.13,0.24,1.3,4.51,268,0.2,0.37
,27177,R29014,932-029,24-03-2021 12:44,25-03-2021 03:54,Glu,1,2,1326,2.49,32.46,25.9,6.152,28.42,26.43,1149.4,22.629,62.87300000000001,27.47,94.493,209.984,28.891,Approved,2.13,0.24,1.3,4.51,268,0.2,0.37
,27203,R29022,932-029,24-03-2021 03:48,25-03-2021 02:10,Glu,8,3,1601,2.372,32.71,25.69,5.2410000000000005,27.71,26.17,1159.25,22.652,61.288,28.907,131.92600000000002,211.081,29.461,Approved,2.03,0.19,1.7,4.3,215,0.6,0.2
,27203,R29022,932-029,24-03-2021 03:48,25-03-2021 02:10,Glu,8,3,1601,2.372,32.71,25.69,5.2410000000000005,27.71,26.17,1159.25,22.652,61.288,28.907,131.92600000000002,211.081,29.461,Approved,2.03,0.19,1.7,4.3,215,0.6,0.2
,27203,R29022,932-029,24-03-2021 03:26,25-03-2021 01:42,Glu,2,4,1636,2.474,30.79,26.93,5.646,27.65,26.38,1167.26,22.199,60.315,28.35,131.92600000000002,205.804,29.33,Approved,2.12,0.19,2.1,2.98,8,1.7,1.51
,27203,R29022,932-029,24-03-2021 03:26,25-03-2021 01:42,Glu,2,4,1636,2.474,30.79,26.93,5.646,27.65,26.38,1167.26,22.199,60.315,28.35,131.92600000000002,205.804,29.33,Approved,2.12,0.19,2.1,2.98,8,1.7,1.51
,27203,R29022,932-029,24-03-2021 03:22,25-03-2021 01:38,Glu,1,3,1640,2.487,30.79,26.88,5.488,27.51,26.36,1155.5,22.537,59.82100000000001,29.188,89.71,211.081,29.76,Approved,2.15,0.24,1.8,4.84,2,0.4,0.36
,27203,R29022,932-029,24-03-2021 03:22,25-03-2021 01:38,Glu,1,3,1640,2.487,30.79,26.88,5.488,27.51,26.36,1155.5,22.537,59.82100000000001,29.188,89.71,211.081,29.76,Approved,2.15,0.24,1.8,4.84,2,0.4,0.36
,27178,R29015,932-029,23-03-2021 23:48,25-03-2021 01:28,Glu,8,3,1965,2.352,31.83,25.69,5.353,27.53,26.03,1165.75,20.807,59.718,28.417,116.053,211.005,26.537,Approved,0.58,0.2,0.8,4.08,173,0.1,0.09
,27178,R29015,932-029,23-03-2021 23:48,25-03-2021 01:28,Glu,8,3,1965,2.352,31.83,25.69,5.353,27.53,26.03,1165.75,20.807,59.718,28.417,116.053,211.005,26.537,Approved,0.58,0.2,0.8,4.08,173,0.1,0.09
,27178,R29015,932-029,23-03-2021 23:32,25-03-2021 01:04,Glu,3,3,2053,2.297,30.49,25.76,5.347,27.46,26.43,1159.12,21.19,60.118,28.563,79.127,211.005,26.534,Approved,0.62,0.24,1.2,4.49,195,0.8,0.39
,27178,R29015,932-029,23-03-2021 23:32,25-03-2021 01:04,Glu,3,3,2053,2.297,30.49,25.76,5.347,27.46,26.43,1159.12,21.19,60.118,28.563,79.127,211.005,26.534,Approved,0.62,0.24,1.2,4.49,195,0.8,0.39
,27178,R29015,932-029,23-03-2021 23:30,25-03-2021 01:00,Glu,2,3,2068,2.29,30.45,25.82,5.28,27.49,26.38,1160.03,20.368,54.887,27.906,105.503,211.005,27.098000000000006,Approved,0.62,0.24,1.1,4.75,245,1.2,0.43
,27178,R29015,932-029,23-03-2021 23:30,25-03-2021 01:00,Glu,2,3,2068,2.29,30.45,25.82,5.28,27.49,26.38,1160.03,20.368,54.887,27.906,105.503,211.005,27.098000000000006,Approved,0.62,0.24,1.1,4.75,245,1.2,0.43
,27178,R29015,932-029,23-03-2021 23:26,25-03-2021 00:56,Glu,1,2,2073,2.305,30.64,25.99,5.7860000000000005,27.76,26.35,1148.18,20.509,62.69300000000001,28.6,105.503,211.005,27.108,Approved,0.62,0.17,1.0,3.17,275,0.3,0.54
,27178,R29015,932-029,23-03-2021 23:26,25-03-2021 00:56,Glu,1,2,2073,2.305,30.64,25.99,5.7860000000000005,27.76,26.35,1148.18,20.509,62.69300000000001,28.6,105.503,211.005,27.108,Approved,0.62,0.17,1.0,3.17,275,0.3,0.54
,27211,R29030,932-029,24-03-2021 06:02,25-03-2021 00:50,Glu,8,3,1820,2.366,35.5,24.12,5.504,28.77,26.43,1136.95,19.651,61.256,28.912,131.386,210.218,27.851,Approved,0.57,0.23,0.4,3.57,81,1.3,1.11
,27211,R29030,932-029,24-03-2021 06:02,25-03-2021 00:50,Glu,8,3,1820,2.366,35.5,24.12,5.504,28.77,26.43,1136.95,19.651,61.256,28.912,131.386,210.218,27.851,Approved,0.57,0.23,0.4,3.57,81,1.3,1.11
,27211,R29030,932-029,24-03-2021 05:46,25-03-2021 00:24,Glu,3,3,1848,2.3,35.82,24.28,5.653,29.44,26.38,1136.46,19.604,61.824,28.822,136.642,210.218,28.95,Approved,0.57,0.29,0.9,4.48,260,0.5,0.69
,27211,R29030,932-029,24-03-2021 05:46,25-03-2021 00:24,Glu,3,3,1848,2.3,35.82,24.28,5.653,29.44,26.38,1136.46,19.604,61.824,28.822,136.642,210.218,28.95,Approved,0.57,0.29,0.9,4.48,260,0.5,0.69
,27211,R29030,932-029,24-03-2021 05:44,25-03-2021 00:18,Glu,2,3,1849,2.303,35.52,24.3,5.394,29.04,26.28,1140.47,19.142,60.855,28.618,68.321,210.218,28.039,Approved,0.55,0.3,0.8,3.77,260,0.0,0.14
,27211,R29030,932-029,24-03-2021 05:44,25-03-2021 00:18,Glu,2,3,1849,2.303,35.52,24.3,5.394,29.04,26.28,1140.47,19.142,60.855,28.618,68.321,210.218,28.039,Approved,0.55,0.3,0.8,3.77,260,0.0,0.14
,27211,R29030,932-029,24-03-2021 05:40,25-03-2021 00:14,Glu,1,3,1850,2.389,35.42,24.26,5.492000000000001,28.84,26.19,1142.54,19.419,61.738,28.741,141.89700000000005,210.218,28.518,Approved,0.67,0.35,1.0,4.09,283,0.6,0.23
,27211,R29030,932-029,24-03-2021 05:40,25-03-2021 00:14,Glu,1,3,1850,2.389,35.42,24.26,5.492000000000001,28.84,26.19,1142.54,19.419,61.738,28.741,141.89700000000005,210.218,28.518,Approved,0.67,0.35,1.0,4.09,283,0.6,0.23
,27246,R29047,932-029,24-03-2021 08:02,25-03-2021 00:08,Glu,8,4,1538,2.517,33.03,25.43,5.204,28.08,26.21,1166.19,23.301,58.852,27.482,83.993,209.984,29.294,Approved,2.0,0.26,2.0,4.52,20,0.4,0.49
,27246,R29047,932-029,24-03-2021 08:02,25-03-2021 00:08,Glu,8,4,1538,2.517,33.03,25.43,5.204,28.08,26.21,1166.19,23.301,58.852,27.482,83.993,209.984,29.294,Approved,2.0,0.26,2.0,4.52,20,0.4,0.49
,27246,R29047,932-029,24-03-2021 07:46,24-03-2021 23:42,Glu,3,4,1565,2.527,33.04,25.39,5.542999999999998,29.29,26.05,1170.0,23.348000000000006,60.69300000000001,27.272,68.245,173.236,29.038,Approved,2.02,0.27,1.9,4.01,8,0.5,0.14
,27246,R29047,932-029,24-03-2021 07:46,24-03-2021 23:42,Glu,3,4,1565,2.527,33.04,25.39,5.542999999999998,29.29,26.05,1170.0,23.348000000000006,60.69300000000001,27.272,68.245,173.236,29.038,Approved,2.02,0.27,1.9,4.01,8,0.5,0.14
,27246,R29047,932-029,24-03-2021 07:44,24-03-2021 23:38,Glu,2,5,1566,2.507,33.01,25.38,5.617000000000001,29.23,25.9,1167.87,23.469,57.705,27.413,78.744,209.984,29.243,Approved,2.0,0.3,1.9,3.99,111,0.6,0.04
,27246,R29047,932-029,24-03-2021 07:44,24-03-2021 23:38,Glu,2,5,1566,2.507,33.01,25.38,5.617000000000001,29.23,25.9,1167.87,23.469,57.705,27.413,78.744,209.984,29.243,Approved,2.0,0.3,1.9,3.99,111,0.6,0.04
,27246,R29047,932-029,24-03-2021 07:38,24-03-2021 23:32,Glu,1,1,1568,2.854,33.06,25.16,6.175,27.63,25.99,1196.74,23.063,57.057,26.44,78.744,173.236,28.76,Approved,2.08,0.24,1.0,4.52,76,0.2,0.25
,27246,R29047,932-029,24-03-2021 07:38,24-03-2021 23:32,Glu,1,1,1568,2.854,33.06,25.16,6.175,27.63,25.99,1196.74,23.063,57.057,26.44,78.744,173.236,28.76,Approved,2.08,0.24,1.0,4.52,76,0.2,0.25
,27199,R29018,932-029,23-03-2021 08:28,24-03-2021 23:14,Glu,8,10,2266,2.399,28.7,28.06,5.499,28.59,25.69,1161.6,22.333,58.953,27.801,105.541,211.081,28.732,Approved,1.32,0.38,0.5,3.0,102,0.3,0.77
,27199,R29018,932-029,23-03-2021 08:28,24-03-2021 23:14,Glu,8,10,2266,2.399,28.7,28.06,5.499,28.59,25.69,1161.6,22.333,58.953,27.801,105.541,211.081,28.732,Approved,1.32,0.38,0.5,3.0,102,0.3,0.77
,27199,R29018,932-029,23-03-2021 08:16,24-03-2021 22:48,Glu,4,15,2271,2.562,27.49,28.43,5.268,27.85,25.36,1168.87,22.963,57.658,28.397,110.818,158.311,29.453000000000007,Approved,1.32,0.23,0.8,4.04,119,0.2,0.28
,27199,R29018,932-029,23-03-2021 08:16,24-03-2021 22:48,Glu,4,15,2271,2.562,27.49,28.43,5.268,27.85,25.36,1168.87,22.963,57.658,28.397,110.818,158.311,29.453000000000007,Approved,1.32,0.23,0.8,4.04,119,0.2,0.28
,27168,R29005,932-029,24-03-2021 01:54,24-03-2021 16:16,Glu,8,15,2145,2.486,32.29,25.48,5.566,27.44,24.39,1175.41,22.321,60.56,32.638000000000005,147.15200000000004,210.218,31.176,Approved,2.03,0.17,2.0,2.68,324,1.5,1.1
,27168,R29005,932-029,24-03-2021 01:54,24-03-2021 16:16,Glu,8,15,2145,2.486,32.29,25.48,5.566,27.44,24.39,1175.41,22.321,60.56,32.638000000000005,147.15200000000004,210.218,31.176,Approved,2.03,0.17,2.0,2.68,324,1.5,1.1
,27168,R29005,932-029,24-03-2021 01:36,24-03-2021 15:46,Glu,2,8,2167,2.419,30.98,25.94,6.141,26.91,25.09,1166.59,22.193,59.429,31.904,99.853,210.218,31.02,Approved,2.1,0.24,1.1,4.34,201,1.6,0.43
,27168,R29005,932-029,24-03-2021 01:36,24-03-2021 15:46,Glu,2,8,2167,2.419,30.98,25.94,6.141,26.91,25.09,1166.59,22.193,59.429,31.904,99.853,210.218,31.02,Approved,2.1,0.24,1.1,4.34,201,1.6,0.43
,27168,R29005,932-029,24-03-2021 01:34,24-03-2021 15:40,Glu,1,9,2169,2.449,30.79,26.05,5.815,27.31,25.23,1167.56,22.141,63.363,31.632,120.875,210.218,30.329,Approved,2.03,0.19,1.4,4.52,106,0.3,0.25
,27168,R29005,932-029,24-03-2021 01:34,24-03-2021 15:40,Glu,1,9,2169,2.449,30.79,26.05,5.815,27.31,25.23,1167.56,22.141,63.363,31.632,120.875,210.218,30.329,Approved,2.03,0.19,1.4,4.52,106,0.3,0.25
,27166,R29003,932-029,23-03-2021 23:24,24-03-2021 14:50,Glu,8,11,2096,2.354,30.35,26.12,5.942,27.59,26.59,1161.81,26.077,63.534,32.285,137.203,211.081,34.153,Approved,1.3,0.21,1.7,3.22,227,1.1,1.1
,27166,R29003,932-029,23-03-2021 23:24,24-03-2021 14:50,Glu,8,11,2096,2.354,30.35,26.12,5.942,27.59,26.59,1161.81,26.077,63.534,32.285,137.203,211.081,34.153,Approved,1.3,0.21,1.7,3.22,227,1.1,1.1
,27166,R29003,932-029,23-03-2021 23:08,24-03-2021 14:26,Glu,3,14,2118,2.369,29.19,26.81,6.06,27.07,26.72,1169.16,25.484,62.557,32.154,131.92600000000002,200.527,33.729,Approved,1.32,0.26,1.4,4.19,289,0.3,0.53
,27166,R29003,932-029,23-03-2021 23:08,24-03-2021 14:26,Glu,3,14,2118,2.369,29.19,26.81,6.06,27.07,26.72,1169.16,25.484,62.557,32.154,131.92600000000002,200.527,33.729,Approved,1.32,0.26,1.4,4.19,289,0.3,0.53
,27166,R29003,932-029,23-03-2021 23:06,24-03-2021 14:20,Glu,2,12,2118,2.456,29.33,26.81,5.988,27.17,26.47,1161.8,25.436,63.357,32.263000000000005,137.203,211.081,33.871,Approved,1.28,0.25,0.8,2.78,223,1.4,0.06
,27166,R29003,932-029,23-03-2021 23:06,24-03-2021 14:20,Glu,2,12,2118,2.456,29.33,26.81,5.988,27.17,26.47,1161.8,25.436,63.357,32.263000000000005,137.203,211.081,33.871,Approved,1.28,0.25,0.8,2.78,223,1.4,0.06
,27166,R29003,932-029,23-03-2021 23:02,24-03-2021 14:16,Glu,1,1,2119,2.528,29.61,26.68,5.6160000000000005,27.78,26.61,1175.64,24.748,59.302,30.836,131.92600000000002,184.696,32.751999999999995,Approved,1.4,0.25,1.1,3.92,175,0.4,0.21
,27166,R29003,932-029,23-03-2021 23:02,24-03-2021 14:16,Glu,1,1,2119,2.528,29.61,26.68,5.6160000000000005,27.78,26.61,1175.64,24.748,59.302,30.836,131.92600000000002,184.696,32.751999999999995,Approved,1.4,0.25,1.1,3.92,175,0.4,0.21
,27151,R28988,932-029,23-03-2021 11:04,24-03-2021 04:48,Glu,8,8,1391,2.51,29.39,27.28,5.5779999999999985,27.86,26.52,1166.75,23.107,66.45100000000001,29.172,105.541,211.081,30.546,Approved,1.37,0.27,0.6,2.78,343,3.5,0.66
,27151,R28988,932-029,23-03-2021 11:04,24-03-2021 04:48,Glu,8,8,1391,2.51,29.39,27.28,5.5779999999999985,27.86,26.52,1166.75,23.107,66.45100000000001,29.172,105.541,211.081,30.546,Approved,1.37,0.27,0.6,2.78,343,3.5,0.66
,27151,R28988,932-029,23-03-2021 10:46,24-03-2021 04:24,Glu,3,13,1410,2.579,28.97,27.23,5.718,27.16,26.65,1151.33,23.024,69.089,29.391,126.649,211.081,30.208,Approved,1.37,0.26,0.1,3.82,72,2.1,1.33
,27151,R28988,932-029,23-03-2021 10:46,24-03-2021 04:24,Glu,3,13,1410,2.579,28.97,27.23,5.718,27.16,26.65,1151.33,23.024,69.089,29.391,126.649,211.081,30.208,Approved,1.37,0.26,0.1,3.82,72,2.1,1.33
,27151,R28988,932-029,23-03-2021 10:44,24-03-2021 04:18,Glu,2,2,1410,2.46,29.06,27.25,5.384,27.12,26.61,1155.16,24.095,66.34100000000001,29.934,73.878,211.081,30.346,Approved,1.38,0.2,0.2,3.58,206,1.0,1.57
,27151,R28988,932-029,23-03-2021 10:44,24-03-2021 04:18,Glu,2,2,1410,2.46,29.06,27.25,5.384,27.12,26.61,1155.16,24.095,66.34100000000001,29.934,73.878,211.081,30.346,Approved,1.38,0.2,0.2,3.58,206,1.0,1.57
,27151,R28988,932-029,23-03-2021 10:40,24-03-2021 04:14,Glu,1,4,1413,2.498,29.39,27.26,5.7810000000000015,28.12,26.73,1147.6,24.531,66.968,30.753,121.372,211.081,32.102,Approved,1.27,0.32,0.8,5.01,399,0.3,0.47
,27151,R28988,932-029,23-03-2021 10:40,24-03-2021 04:14,Glu,1,4,1413,2.498,29.39,27.26,5.7810000000000015,28.12,26.73,1147.6,24.531,66.968,30.753,121.372,211.081,32.102,Approved,1.27,0.32,0.8,5.01,399,0.3,0.47
,27223,R29042,932-029,23-03-2021 09:50,24-03-2021 01:10,Glu,8,11,498,2.36,29.07,27.64,6.178,28.96,26.81,1168.42,25.484,60.218,29.638,115.491,173.236,31.768,Approved,1.68,0.28,0.6,4.06,248,2.7,0.56
,27223,R29042,932-029,23-03-2021 09:50,24-03-2021 01:10,Glu,8,11,498,2.36,29.07,27.64,6.178,28.96,26.81,1168.42,25.484,60.218,29.638,115.491,173.236,31.768,Approved,1.68,0.28,0.6,4.06,248,2.7,0.56
,27223,R29042,932-029,23-03-2021 09:34,24-03-2021 00:42,Glu,3,13,507,2.485,28.42,27.79,6.019,29.36,26.96,1170.92,25.834,62.485,30.395,94.493,188.985,32.601,Approved,1.7,0.25,0.6,3.71,228,3.6,0.15
,27223,R29042,932-029,23-03-2021 09:34,24-03-2021 00:42,Glu,3,13,507,2.485,28.42,27.79,6.019,29.36,26.96,1170.92,25.834,62.485,30.395,94.493,188.985,32.601,Approved,1.7,0.25,0.6,3.71,228,3.6,0.15
,27223,R29042,932-029,23-03-2021 09:28,24-03-2021 00:32,Glu,1,9,511,2.394,28.76,27.72,5.157,29.58,27.09,1165.86,25.125,58.71,29.424,120.741,194.235,32.421,Approved,1.77,0.21,0.1,4.16,153,0.7,0.22
,27223,R29042,932-029,23-03-2021 09:28,24-03-2021 00:32,Glu,1,9,511,2.394,28.76,27.72,5.157,29.58,27.09,1165.86,25.125,58.71,29.424,120.741,194.235,32.421,Approved,1.77,0.21,0.1,4.16,153,0.7,0.22
,27165,R29002,932-029,22-03-2021 08:18,24-03-2021 00:02,Glu,3,3,2057,2.458,27.24,27.78,5.7410000000000005,29.83,26.88,1161.0,20.34,61.802,29.473000000000006,57.81,194.452,28.009,Approved,1.9,0.16,2.5,2.96,232,1.8,1.13
,27165,R29002,932-029,22-03-2021 08:18,24-03-2021 00:02,Glu,3,3,2057,2.458,27.24,27.78,5.7410000000000005,29.83,26.88,1161.0,20.34,61.802,29.473000000000006,57.81,194.452,28.009,Approved,1.9,0.16,2.5,2.96,232,1.8,1.13
,27165,R29002,932-029,22-03-2021 08:16,23-03-2021 23:58,Glu,2,3,2058,2.512,27.31,27.74,5.533,29.97,26.65,1158.48,20.141,59.938,29.812,68.321,204.962,27.512,Approved,1.87,0.23,2.6,3.7,195,0.9,0.07
,27165,R29002,932-029,22-03-2021 08:16,23-03-2021 23:58,Glu,2,3,2058,2.512,27.31,27.74,5.533,29.97,26.65,1158.48,20.141,59.938,29.812,68.321,204.962,27.512,Approved,1.87,0.23,2.6,3.7,195,0.9,0.07
,27014,R28938,932-029,22-03-2021 16:04,23-03-2021 23:36,Glu,8,16,1122,2.318,28.18,28.41,5.657,28.82,26.73,1188.0,20.186,57.629,27.77,42.201,211.005,25.909,Approved,1.67,0.2,0.6,4.85,119,0.3,0.48
,27014,R28938,932-029,22-03-2021 16:04,23-03-2021 23:36,Glu,8,16,1122,2.318,28.18,28.41,5.657,28.82,26.73,1188.0,20.186,57.629,27.77,42.201,211.005,25.909,Approved,1.67,0.2,0.6,4.85,119,0.3,0.48
,27014,R28938,932-029,22-03-2021 15:48,23-03-2021 23:08,Glu,3,16,1138,2.375,28.47,27.72,6.181,28.94,26.77,1195.81,20.736,57.595,28.595,89.677,211.005,26.451,Approved,1.67,0.17,0.4,3.0,319,1.8,0.84
,27014,R28938,932-029,22-03-2021 15:48,23-03-2021 23:08,Glu,3,16,1138,2.375,28.47,27.72,6.181,28.94,26.77,1195.81,20.736,57.595,28.595,89.677,211.005,26.451,Approved,1.67,0.17,0.4,3.0,319,1.8,0.84
,27014,R28938,932-029,22-03-2021 15:46,23-03-2021 23:04,Glu,2,9,1138,2.332,29.26,27.41,5.6560000000000015,28.91,26.75,1182.13,20.4,60.784,27.846,105.503,211.005,27.467,Approved,1.72,0.2,0.7,4.96,178,0.3,0.19
,27014,R28938,932-029,22-03-2021 15:46,23-03-2021 23:04,Glu,2,9,1138,2.332,29.26,27.41,5.6560000000000015,28.91,26.75,1182.13,20.4,60.784,27.846,105.503,211.005,27.467,Approved,1.72,0.2,0.7,4.96,178,0.3,0.19
,27014,R28938,932-029,22-03-2021 15:42,23-03-2021 23:00,Glu,1,12,1140,2.524,30.89,26.47,5.608,29.43,26.68,1186.98,20.234,56.262,27.687,126.603,211.005,26.897,Approved,1.65,0.25,0.4,3.92,204,0.1,0.19
,27014,R28938,932-029,22-03-2021 15:42,23-03-2021 23:00,Glu,1,12,1140,2.524,30.89,26.47,5.608,29.43,26.68,1186.98,20.234,56.262,27.687,126.603,211.005,26.897,Approved,1.65,0.25,0.4,3.92,204,0.1,0.19
,27174,R29011,932-029,22-03-2021 08:04,23-03-2021 22:52,Glu,8,12,1151,2.527,27.22,27.49,5.533,30.17,26.08,1148.78,26.29,65.656,33.704,126.649,200.527,35.31800000000001,Approved,1.85,0.19,0.2,4.16,269,1.7,1.29
,27174,R29011,932-029,22-03-2021 08:04,23-03-2021 22:52,Glu,8,12,1151,2.527,27.22,27.49,5.533,30.17,26.08,1148.78,26.29,65.656,33.704,126.649,200.527,35.31800000000001,Approved,1.85,0.19,0.2,4.16,269,1.7,1.29
,27174,R29011,932-029,22-03-2021 07:48,23-03-2021 22:28,Glu,3,5,1152,2.311,28.07,26.88,6.2570000000000014,29.85,27.14,1158.8,26.426,63.963,33.751,126.649,211.081,34.88,Approved,1.85,0.23,0.6,3.33,266,2.3,1.52
,27174,R29011,932-029,22-03-2021 07:48,23-03-2021 22:28,Glu,3,5,1152,2.311,28.07,26.88,6.2570000000000014,29.85,27.14,1158.8,26.426,63.963,33.751,126.649,211.081,34.88,Approved,1.85,0.23,0.6,3.33,266,2.3,1.52
,27174,R29011,932-029,22-03-2021 07:46,23-03-2021 22:24,Glu,2,13,1150,2.507,28.42,26.68,5.9510000000000005,29.83,27.16,1153.13,26.775,64.98,33.951,121.372,211.081,35.187,Approved,1.85,0.19,1.6,4.95,361,0.4,0.41
,27174,R29011,932-029,22-03-2021 07:46,23-03-2021 22:24,Glu,2,13,1150,2.507,28.42,26.68,5.9510000000000005,29.83,27.16,1153.13,26.775,64.98,33.951,121.372,211.081,35.187,Approved,1.85,0.19,1.6,4.95,361,0.4,0.41
,27174,R29011,932-029,22-03-2021 07:42,23-03-2021 22:18,Glu,1,15,1150,2.515,29.18,26.31,5.676,29.87,26.98,1155.69,25.918000000000006,62.859,33.012,126.649,211.081,35.584,Approved,1.9,0.18,0.0,2.62,299,2.8,2.52
,27174,R29011,932-029,22-03-2021 07:42,23-03-2021 22:18,Glu,1,15,1150,2.515,29.18,26.31,5.676,29.87,26.98,1155.69,25.918000000000006,62.859,33.012,126.649,211.081,35.584,Approved,1.9,0.18,0.0,2.62,299,2.8,2.52
,27087,R28987,932-029,22-03-2021 15:10,23-03-2021 21:24,Glu,8,15,1509,2.478,27.22,28.89,5.7010000000000005,28.7,26.58,1159.76,24.306,67.079,30.507,126.649,211.081,31.104,Approved,1.4,0.21,0.4,2.83,124,0.7,1.58
,27087,R28987,932-029,22-03-2021 15:10,23-03-2021 21:24,Glu,8,15,1509,2.478,27.22,28.89,5.7010000000000005,28.7,26.58,1159.76,24.306,67.079,30.507,126.649,211.081,31.104,Approved,1.4,0.21,0.4,2.83,124,0.7,1.58
,27087,R28987,932-029,22-03-2021 14:56,23-03-2021 20:56,Glu,3,16,1513,2.525,27.38,28.7,6.073,30.69,26.84,1158.24,23.34,63.88,29.536,116.095,205.804,30.629,Approved,1.38,0.29,1.0,4.25,202,2.6,0.5
,27087,R28987,932-029,22-03-2021 14:56,23-03-2021 20:56,Glu,3,16,1513,2.525,27.38,28.7,6.073,30.69,26.84,1158.24,23.34,63.88,29.536,116.095,205.804,30.629,Approved,1.38,0.29,1.0,4.25,202,2.6,0.5
,27087,R28987,932-029,22-03-2021 14:52,23-03-2021 20:52,Glu,2,16,1514,2.436,27.17,28.64,5.606,30.12,26.75,1167.94,23.635,64.615,29.392,100.264,205.804,30.655,Approved,1.4,0.2,0.5,4.56,61,0.1,0.12
,27087,R28987,932-029,22-03-2021 14:52,23-03-2021 20:52,Glu,2,16,1514,2.436,27.17,28.64,5.606,30.12,26.75,1167.94,23.635,64.615,29.392,100.264,205.804,30.655,Approved,1.4,0.2,0.5,4.56,61,0.1,0.12
,27087,R28987,932-029,22-03-2021 14:50,23-03-2021 20:48,Glu,1,16,1513,2.515,27.11,28.64,5.877000000000002,29.78,26.72,1167.36,23.688,66.67699999999999,30.334,110.818,205.804,31.334,Approved,1.32,0.22,1.2,4.44,109,1.3,0.19
,27087,R28987,932-029,22-03-2021 14:50,23-03-2021 20:48,Glu,1,16,1513,2.515,27.11,28.64,5.877000000000002,29.78,26.72,1167.36,23.688,66.67699999999999,30.334,110.818,205.804,31.334,Approved,1.32,0.22,1.2,4.44,109,1.3,0.19
,27176,R29013,932-029,22-03-2021 21:06,23-03-2021 20:40,Glu,8,9,815,2.292,30.4,26.24,5.738,28.92,26.81,1157.58,21.534,60.543,29.355,116.053,211.005,27.719,Approved,1.7,0.24,1.0,4.53,344,0.4,0.34
,27176,R29013,932-029,22-03-2021 21:06,23-03-2021 20:40,Glu,8,9,815,2.292,30.4,26.24,5.738,28.92,26.81,1157.58,21.534,60.543,29.355,116.053,211.005,27.719,Approved,1.7,0.24,1.0,4.53,344,0.4,0.34
,27176,R29013,932-029,22-03-2021 20:50,23-03-2021 20:14,Glu,3,16,844,2.171,30.02,26.56,5.723,28.05,26.58,1190.03,19.863,54.229,27.049,100.227,211.005,25.261,Approved,1.7,0.25,0.8,4.58,292,0.6,0.54
,27176,R29013,932-029,22-03-2021 20:50,23-03-2021 20:14,Glu,3,16,844,2.171,30.02,26.56,5.723,28.05,26.58,1190.03,19.863,54.229,27.049,100.227,211.005,25.261,Approved,1.7,0.25,0.8,4.58,292,0.6,0.54
,27176,R29013,932-029,22-03-2021 20:44,23-03-2021 20:06,Glu,1,2,875,2.186,30.29,26.63,6.3439999999999985,28.89,26.42,1165.99,21.613000000000003,59.591,29.132,84.402,211.005,27.734,Approved,1.72,0.23,1.4,4.78,380,0.9,0.19
,27176,R29013,932-029,22-03-2021 20:44,23-03-2021 20:06,Glu,1,2,875,2.186,30.29,26.63,6.3439999999999985,28.89,26.42,1165.99,21.613000000000003,59.591,29.132,84.402,211.005,27.734,Approved,1.72,0.23,1.4,4.78,380,0.9,0.19
,27086,R28986,932-029,21-03-2021 07:38,23-03-2021 20:00,Glu,8,4,2466,2.689,27.53,27.05,6.216,32.94,26.68,1164.44,20.803,63.422,30.848000000000006,120.875,210.218,27.778,Approved,1.85,0.07,0.1,0.0,263,2.9,3.91
,27086,R28986,932-029,21-03-2021 07:38,23-03-2021 20:00,Glu,8,4,2466,2.689,27.53,27.05,6.216,32.94,26.68,1164.44,20.803,63.422,30.848000000000006,120.875,210.218,27.778,Approved,1.85,0.07,0.1,0.0,263,2.9,3.91
,27086,R28986,932-029,21-03-2021 07:22,23-03-2021 19:30,Glu,3,4,2468,2.652,27.61,26.77,6.292000000000002,33.01,26.54,1157.21,21.32,65.176,31.261,126.131,210.218,29.383000000000006,Approved,1.85,0.19,1.0,3.83,220,2.8,0.43
,27086,R28986,932-029,21-03-2021 07:22,23-03-2021 19:30,Glu,3,4,2468,2.652,27.61,26.77,6.292000000000002,33.01,26.54,1157.21,21.32,65.176,31.261,126.131,210.218,29.383000000000006,Approved,1.85,0.19,1.0,3.83,220,2.8,0.43
,27086,R28986,932-029,21-03-2021 07:20,23-03-2021 19:24,Glu,2,10,2470,2.647,27.54,26.72,6.303,32.78,26.28,1163.64,20.723000000000006,68.26100000000001,30.397,110.364,210.218,28.328000000000007,Approved,1.93,0.22,1.4,3.93,220,3.9,0.51
,27086,R28986,932-029,21-03-2021 07:20,23-03-2021 19:24,Glu,2,10,2470,2.647,27.54,26.72,6.303,32.78,26.28,1163.64,20.723000000000006,68.26100000000001,30.397,110.364,210.218,28.328000000000007,Approved,1.93,0.22,1.4,3.93,220,3.9,0.51
,27086,R28986,932-029,21-03-2021 07:14,23-03-2021 19:20,Glu,1,6,2471,2.822,28.18,26.59,6.247000000000001,31.43,26.54,1160.28,20.759,62.875,31.335,105.109,210.218,28.26,Approved,1.85,0.25,1.0,4.25,184,1.1,1.23
,27086,R28986,932-029,21-03-2021 07:14,23-03-2021 19:20,Glu,1,6,2471,2.822,28.18,26.59,6.247000000000001,31.43,26.54,1160.28,20.759,62.875,31.335,105.109,210.218,28.26,Approved,1.85,0.25,1.0,4.25,184,1.1,1.23
,27067,R28967,932-029,22-03-2021 18:14,23-03-2021 17:30,Glu,8,16,1018,2.18,28.62,27.74,5.506,27.9,25.94,1178.4,22.118,62.349,31.38,116.053,211.005,29.155,Approved,1.72,0.14,0.2,2.57,103,1.6,0.76
,27067,R28967,932-029,22-03-2021 18:14,23-03-2021 17:30,Glu,8,16,1018,2.18,28.62,27.74,5.506,27.9,25.94,1178.4,22.118,62.349,31.38,116.053,211.005,29.155,Approved,1.72,0.14,0.2,2.57,103,1.6,0.76
,27067,R28967,932-029,22-03-2021 18:00,23-03-2021 17:12,Glu,3,1,1038,2.334,27.93,28.57,5.903,28.37,26.31,1171.34,22.066,56.745,30.632,110.778,211.005,29.25,Approved,1.77,0.2,0.3,3.4,60,1.1,1.09
,27067,R28967,932-029,22-03-2021 18:00,23-03-2021 17:12,Glu,3,1,1038,2.334,27.93,28.57,5.903,28.37,26.31,1171.34,22.066,56.745,30.632,110.778,211.005,29.25,Approved,1.77,0.2,0.3,3.4,60,1.1,1.09
,27067,R28967,932-029,22-03-2021 17:56,23-03-2021 17:08,Glu,2,4,1044,2.085,26.74,29.3,5.317,28.44,26.45,1166.38,22.451,61.03100000000001,31.105,31.651,211.005,29.889,Approved,1.65,0.2,0.2,2.97,386,0.8,1.17
,27067,R28967,932-029,22-03-2021 17:56,23-03-2021 17:08,Glu,2,4,1044,2.085,26.74,29.3,5.317,28.44,26.45,1166.38,22.451,61.03100000000001,31.105,31.651,211.005,29.889,Approved,1.65,0.2,0.2,2.97,386,0.8,1.17
,27067,R28967,932-029,22-03-2021 17:54,23-03-2021 17:04,Glu,1,10,1046,2.227,26.6,29.33,5.652,28.35,26.42,1171.25,22.373,63.409,31.047,116.053,211.005,29.682,Approved,1.62,0.19,0.1,2.41,70,1.6,1.65
,27067,R28967,932-029,22-03-2021 17:54,23-03-2021 17:04,Glu,1,10,1046,2.227,26.6,29.33,5.652,28.35,26.42,1171.25,22.373,63.409,31.047,116.053,211.005,29.682,Approved,1.62,0.19,0.1,2.41,70,1.6,1.65
,27022,R28946,932-029,22-03-2021 14:46,23-03-2021 14:52,Glu,8,3,1121,2.083,27.02,28.59,5.399,28.99,26.38,1157.42,22.231,59.172,26.284,131.24,204.734,29.063,Approved,1.9,0.26,3.2,3.68,190,1.8,1.73
,27022,R28946,932-029,22-03-2021 14:46,23-03-2021 14:52,Glu,8,3,1121,2.083,27.02,28.59,5.399,28.99,26.38,1157.42,22.231,59.172,26.284,131.24,204.734,29.063,Approved,1.9,0.26,3.2,3.68,190,1.8,1.73
,27022,R28946,932-029,22-03-2021 14:32,23-03-2021 14:28,Glu,3,9,1126,2.383,27.56,28.34,5.448,29.07,26.28,1169.7,22.121,63.31800000000001,26.208,125.99,204.734,29.37,Approved,1.9,0.2,2.0,3.37,201,2.0,1.04
,27022,R28946,932-029,22-03-2021 14:32,23-03-2021 14:28,Glu,3,9,1126,2.383,27.56,28.34,5.448,29.07,26.28,1169.7,22.121,63.31800000000001,26.208,125.99,204.734,29.37,Approved,1.9,0.2,2.0,3.37,201,2.0,1.04
,27022,R28946,932-029,22-03-2021 14:26,23-03-2021 14:18,Glu,1,15,1128,2.312,27.68,28.09,4.901,29.58,26.15,1168.74,22.482,60.53100000000001,26.563,120.741,183.736,28.406,Approved,2.02,0.21,3.7,4.27,221,0.3,1.38
,27022,R28946,932-029,22-03-2021 14:26,23-03-2021 14:18,Glu,1,15,1128,2.312,27.68,28.09,4.901,29.58,26.15,1168.74,22.482,60.53100000000001,26.563,120.741,183.736,28.406,Approved,2.02,0.21,3.7,4.27,221,0.3,1.38
,27219,R29038,932-029,22-03-2021 20:18,23-03-2021 12:26,Glu,8,10,785,2.323,28.82,27.74,5.645,28.62,26.73,1174.6,21.676,56.46100000000001,25.407,115.491,204.734,27.86,Approved,1.83,0.17,0.6,2.7,278,0.8,1.37
,27219,R29038,932-029,22-03-2021 20:18,23-03-2021 12:26,Glu,8,10,785,2.323,28.82,27.74,5.645,28.62,26.73,1174.6,21.676,56.46100000000001,25.407,115.491,204.734,27.86,Approved,1.83,0.17,0.6,2.7,278,0.8,1.37
,27219,R29038,932-029,22-03-2021 20:04,23-03-2021 12:00,Glu,3,11,789,2.327,28.15,27.95,5.4929999999999986,28.37,26.26,1178.24,21.255,55.245,24.836,110.241,178.486,26.915,Approved,1.83,0.22,1.9,4.72,285,1.5,0.15
,27219,R29038,932-029,22-03-2021 20:04,23-03-2021 12:00,Glu,3,11,789,2.327,28.15,27.95,5.4929999999999986,28.37,26.26,1178.24,21.255,55.245,24.836,110.241,178.486,26.915,Approved,1.83,0.22,1.9,4.72,285,1.5,0.15
,27219,R29038,932-029,22-03-2021 20:00,23-03-2021 11:56,Glu,2,4,788,2.343,28.45,27.97,5.489,29.19,26.06,1176.81,21.936,55.917,26.262,89.243,194.235,28.187,Approved,1.87,0.3,1.0,3.87,224,0.3,0.24
,27219,R29038,932-029,22-03-2021 20:00,23-03-2021 11:56,Glu,2,4,788,2.343,28.45,27.97,5.489,29.19,26.06,1176.81,21.936,55.917,26.262,89.243,194.235,28.187,Approved,1.87,0.3,1.0,3.87,224,0.3,0.24
,27219,R29038,932-029,22-03-2021 19:58,23-03-2021 11:50,Glu,1,4,790,2.417,28.35,27.95,5.86,29.26,25.43,1181.1,21.505,55.534,25.708,125.99,199.484,27.905,Approved,1.8,0.24,2.0,4.62,329,0.8,0.33
,27219,R29038,932-029,22-03-2021 19:58,23-03-2021 11:50,Glu,1,4,790,2.417,28.35,27.95,5.86,29.26,25.43,1181.1,21.505,55.534,25.708,125.99,199.484,27.905,Approved,1.8,0.24,2.0,4.62,329,0.8,0.33
,27155,R28992,932-029,22-03-2021 09:28,23-03-2021 09:58,Glu,8,11,1118,2.638,29.24,26.68,6.392,29.24,26.47,1154.19,24.219,71.035,28.271,110.241,209.984,29.675,Approved,1.72,0.27,0.9,4.89,217,1.4,0.17
,27155,R28992,932-029,22-03-2021 09:28,23-03-2021 09:58,Glu,8,11,1118,2.638,29.24,26.68,6.392,29.24,26.47,1154.19,24.219,71.035,28.271,110.241,209.984,29.675,Approved,1.72,0.27,0.9,4.89,217,1.4,0.17
,27155,R28992,932-029,22-03-2021 09:14,23-03-2021 09:30,Glu,3,4,1120,2.592,27.09,27.9,6.134,28.72,25.32,1154.25,23.612,66.348,27.852,104.992,209.984,29.057,Approved,1.72,0.25,1.3,4.9,248,2.2,0.3
,27155,R28992,932-029,22-03-2021 09:14,23-03-2021 09:30,Glu,3,4,1120,2.592,27.09,27.9,6.134,28.72,25.32,1154.25,23.612,66.348,27.852,104.992,209.984,29.057,Approved,1.72,0.25,1.3,4.9,248,2.2,0.3
,27155,R28992,932-029,22-03-2021 09:10,23-03-2021 09:26,Glu,2,10,1122,2.633,27.86,27.74,6.403,29.53,25.39,1159.29,23.66,69.11399999999999,27.157,94.493,183.736,28.759,Approved,1.7,0.3,1.5,4.8,286,4.2,0.49
,27155,R28992,932-029,22-03-2021 09:10,23-03-2021 09:26,Glu,2,10,1122,2.633,27.86,27.74,6.403,29.53,25.39,1159.29,23.66,69.11399999999999,27.157,94.493,183.736,28.759,Approved,1.7,0.3,1.5,4.8,286,4.2,0.49
,27155,R28992,932-029,22-03-2021 09:08,23-03-2021 09:22,Glu,1,15,1122,2.454,28.12,27.64,6.013,29.78,25.43,1165.21,23.407,68.023,27.242,115.491,199.484,29.263,Approved,1.82,0.25,0.6,4.07,21,0.3,0.13
,27155,R28992,932-029,22-03-2021 09:08,23-03-2021 09:22,Glu,1,15,1122,2.454,28.12,27.64,6.013,29.78,25.43,1165.21,23.407,68.023,27.242,115.491,199.484,29.263,Approved,1.82,0.25,0.6,4.07,21,0.3,0.13
,27160,R28997,932-029,22-03-2021 08:48,23-03-2021 08:46,Glu,3,13,1231,2.587,29.75,26.52,5.952000000000001,30.0,26.88,1171.88,22.526,60.68,32.208,116.053,211.005,30.577,Approved,1.67,0.23,0.9,4.99,173,0.7,0.16
,27160,R28997,932-029,22-03-2021 08:48,23-03-2021 08:46,Glu,3,13,1231,2.587,29.75,26.52,5.952000000000001,30.0,26.88,1171.88,22.526,60.68,32.208,116.053,211.005,30.577,Approved,1.67,0.23,0.9,4.99,173,0.7,0.16
,27160,R28997,932-029,22-03-2021 08:44,23-03-2021 08:42,Glu,2,4,1235,2.29,29.7,26.75,6.175,29.98,26.88,1177.62,22.251,58.535,31.451,110.778,211.005,30.43,Approved,1.68,0.25,0.7,4.55,44,0.4,0.44
,27160,R28997,932-029,22-03-2021 08:44,23-03-2021 08:42,Glu,2,4,1235,2.29,29.7,26.75,6.175,29.98,26.88,1177.62,22.251,58.535,31.451,110.778,211.005,30.43,Approved,1.68,0.25,0.7,4.55,44,0.4,0.44
,27160,R28997,932-029,22-03-2021 08:42,23-03-2021 08:36,Glu,1,3,1228,2.495,28.69,26.93,5.499,30.25,26.75,1170.42,22.093000000000004,59.669,30.793000000000006,105.503,211.005,29.768,Approved,1.7,0.25,0.7,4.54,31,0.7,0.21
,27160,R28997,932-029,22-03-2021 08:42,23-03-2021 08:36,Glu,1,3,1228,2.495,28.69,26.93,5.499,30.25,26.75,1170.42,22.093000000000004,59.669,30.793000000000006,105.503,211.005,29.768,Approved,1.7,0.25,0.7,4.54,31,0.7,0.21
,27061,R28961,932-029,22-03-2021 17:26,23-03-2021 07:44,Glu,8,7,536,2.3280000000000003,26.25,29.24,5.646,28.08,26.63,1157.84,22.391,60.42,28.082,89.71,211.081,31.188,Approved,1.87,0.23,0.1,3.38,28,0.3,0.42
,27061,R28961,932-029,22-03-2021 17:26,23-03-2021 07:44,Glu,8,7,536,2.3280000000000003,26.25,29.24,5.646,28.08,26.63,1157.84,22.391,60.42,28.082,89.71,211.081,31.188,Approved,1.87,0.23,0.1,3.38,28,0.3,0.42
,27061,R28961,932-029,22-03-2021 17:12,23-03-2021 07:16,Glu,3,16,535,2.517,26.99,29.0,5.532,28.62,26.58,1165.91,22.8,60.489,27.999,84.432,168.865,30.811,Approved,1.87,0.19,0.3,2.49,22,0.2,1.19
,27061,R28961,932-029,22-03-2021 17:12,23-03-2021 07:16,Glu,3,16,535,2.517,26.99,29.0,5.532,28.62,26.58,1165.91,22.8,60.489,27.999,84.432,168.865,30.811,Approved,1.87,0.19,0.3,2.49,22,0.2,1.19
,27061,R28961,932-029,22-03-2021 17:06,23-03-2021 07:02,Glu,1,10,532,2.441,26.85,28.94,6.4129999999999985,28.6,26.45,1161.06,22.21,61.692,27.645,110.818,195.25,31.557,Approved,1.87,0.24,1.2,4.37,338,0.3,0.3
,27061,R28961,932-029,22-03-2021 17:06,23-03-2021 07:02,Glu,1,10,532,2.441,26.85,28.94,6.4129999999999985,28.6,26.45,1161.06,22.21,61.692,27.645,110.818,195.25,31.557,Approved,1.87,0.24,1.2,4.37,338,0.3,0.3
,27163,R29000,932-029,22-03-2021 13:02,23-03-2021 04:02,Glu,8,5,529,2.298,27.33,28.78,6.557,30.12,26.35,1163.03,24.112,63.38,29.884,116.095,211.081,33.096,Approved,1.8,0.22,2.0,4.15,367,2.9,0.29
,27163,R29000,932-029,22-03-2021 13:02,23-03-2021 04:02,Glu,8,5,529,2.298,27.33,28.78,6.557,30.12,26.35,1163.03,24.112,63.38,29.884,116.095,211.081,33.096,Approved,1.8,0.22,2.0,4.15,367,2.9,0.29
,27163,R29000,932-029,22-03-2021 12:48,23-03-2021 03:36,Glu,3,2,532,2.256,27.58,28.59,6.074,29.71,26.84,1163.77,24.303,64.862,29.883000000000006,89.71,174.142,33.281,Approved,1.92,0.25,0.5,4.33,179,0.1,0.05
,27163,R29000,932-029,22-03-2021 12:48,23-03-2021 03:36,Glu,3,2,532,2.256,27.58,28.59,6.074,29.71,26.84,1163.77,24.303,64.862,29.883000000000006,89.71,174.142,33.281,Approved,1.92,0.25,0.5,4.33,179,0.1,0.05
,27163,R29000,932-029,22-03-2021 12:44,23-03-2021 03:32,Glu,2,15,532,2.358,27.41,28.54,6.295,29.28,26.82,1154.23,24.41,64.374,30.52,126.649,174.142,34.129,Approved,1.95,0.23,0.7,4.28,270,1.0,0.3
,27163,R29000,932-029,22-03-2021 12:44,23-03-2021 03:32,Glu,2,15,532,2.358,27.41,28.54,6.295,29.28,26.82,1154.23,24.41,64.374,30.52,126.649,174.142,34.129,Approved,1.95,0.23,0.7,4.28,270,1.0,0.3
,27163,R29000,932-029,22-03-2021 12:42,23-03-2021 03:28,Glu,1,4,528,2.419,27.26,28.52,6.216,29.61,26.73,1163.25,24.291,63.97,30.965,121.372,174.142,33.523,Approved,1.85,0.25,0.9,4.29,231,0.9,0.25
,27163,R29000,932-029,22-03-2021 12:42,23-03-2021 03:28,Glu,1,4,528,2.419,27.26,28.52,6.216,29.61,26.73,1163.25,24.291,63.97,30.965,121.372,174.142,33.523,Approved,1.85,0.25,0.9,4.29,231,0.9,0.25
,27162,R28999,932-029,22-03-2021 12:02,23-03-2021 03:20,Glu,8,4,497,2.331,27.41,28.11,6.53,28.4,26.75,1177.75,24.223000000000006,59.807,28.519,120.741,209.984,31.139,Approved,1.82,0.26,0.8,4.36,382,1.0,0.31
,27162,R28999,932-029,22-03-2021 12:02,23-03-2021 03:20,Glu,8,4,497,2.331,27.41,28.11,6.53,28.4,26.75,1177.75,24.223000000000006,59.807,28.519,120.741,209.984,31.139,Approved,1.82,0.26,0.8,4.36,382,1.0,0.31
,27162,R28999,932-029,22-03-2021 11:46,23-03-2021 02:52,Glu,3,11,510,2.3680000000000003,29.51,27.16,6.524,28.65,26.68,1177.61,24.047,58.668,27.858,104.992,178.486,30.646,Approved,1.82,0.21,0.9,3.97,290,2.0,0.43
,27162,R28999,932-029,22-03-2021 11:46,23-03-2021 02:52,Glu,3,11,510,2.3680000000000003,29.51,27.16,6.524,28.65,26.68,1177.61,24.047,58.668,27.858,104.992,178.486,30.646,Approved,1.82,0.21,0.9,3.97,290,2.0,0.43
,27162,R28999,932-029,22-03-2021 11:44,23-03-2021 02:48,Glu,2,11,508,2.4090000000000003,30.17,26.68,6.4289999999999985,29.23,26.61,1182.74,23.499,57.293,27.698,115.491,173.236,30.212,Approved,1.83,0.26,1.0,4.16,243,1.2,0.23
,27162,R28999,932-029,22-03-2021 11:44,23-03-2021 02:48,Glu,2,11,508,2.4090000000000003,30.17,26.68,6.4289999999999985,29.23,26.61,1182.74,23.499,57.293,27.698,115.491,173.236,30.212,Approved,1.83,0.26,1.0,4.16,243,1.2,0.23
,27162,R28999,932-029,22-03-2021 11:40,23-03-2021 02:44,Glu,1,12,507,2.565,29.95,26.68,5.515,29.14,26.7,1177.39,23.654,58.175,28.277,131.24,204.734,30.475,Approved,1.85,0.24,0.3,4.6,45,0.1,0.09
,27162,R28999,932-029,22-03-2021 11:40,23-03-2021 02:44,Glu,1,12,507,2.565,29.95,26.68,5.515,29.14,26.7,1177.39,23.654,58.175,28.277,131.24,204.734,30.475,Approved,1.85,0.24,0.3,4.6,45,0.1,0.09
,27157,R28994,932-029,21-03-2021 15:20,23-03-2021 00:08,Glu,8,11,1429,2.426,27.61,27.69,6.622000000000001,33.85,26.7,1168.96,24.88,61.94300000000001,28.973000000000006,110.241,209.984,31.95,Approved,1.37,0.2,1.2,4.54,271,2.7,0.7
,27157,R28994,932-029,21-03-2021 15:20,23-03-2021 00:08,Glu,8,11,1429,2.426,27.61,27.69,6.622000000000001,33.85,26.7,1168.96,24.88,61.94300000000001,28.973000000000006,110.241,209.984,31.95,Approved,1.37,0.2,1.2,4.54,271,2.7,0.7
,27157,R28994,932-029,21-03-2021 15:04,22-03-2021 23:24,Glu,3,15,1438,2.594,28.99,26.52,7.018,33.21,26.38,1161.3,25.457,59.94600000000001,29.704,73.494,209.984,32.423,Approved,1.37,0.22,1.0,4.66,319,2.8,0.44
,27157,R28994,932-029,21-03-2021 15:04,22-03-2021 23:24,Glu,3,15,1438,2.594,28.99,26.52,7.018,33.21,26.38,1161.3,25.457,59.94600000000001,29.704,73.494,209.984,32.423,Approved,1.37,0.22,1.0,4.66,319,2.8,0.44
,27157,R28994,932-029,21-03-2021 15:02,22-03-2021 23:18,Glu,2,16,1437,2.526,29.14,26.73,6.285,32.88,26.1,1168.04,24.15,59.16,28.383000000000006,68.245,188.985,31.457,Approved,1.37,0.2,0.2,4.76,63,0.5,0.17
,27157,R28994,932-029,21-03-2021 15:02,22-03-2021 23:18,Glu,2,16,1437,2.526,29.14,26.73,6.285,32.88,26.1,1168.04,24.15,59.16,28.383000000000006,68.245,188.985,31.457,Approved,1.37,0.2,0.2,4.76,63,0.5,0.17
,27157,R28994,932-029,21-03-2021 14:58,22-03-2021 23:14,Glu,1,4,1437,2.449,27.98,27.62,7.335,33.87,26.56,1162.47,25.189,58.964,29.114,110.241,183.736,32.483000000000004,Approved,1.38,0.17,1.5,4.86,290,4.0,0.27
,27157,R28994,932-029,21-03-2021 14:58,22-03-2021 23:14,Glu,1,4,1437,2.449,27.98,27.62,7.335,33.87,26.56,1162.47,25.189,58.964,29.114,110.241,183.736,32.483000000000004,Approved,1.38,0.17,1.5,4.86,290,4.0,0.27
,27063,R28963,932-029,21-03-2021 08:02,22-03-2021 23:00,Glu,8,2,1690,2.44,28.6,26.42,6.309,32.98,26.75,1170.72,20.267,60.956,27.863000000000003,121.328,211.005,28.991,Approved,1.6,0.22,0.2,4.78,190,2.8,2.09
,27063,R28963,932-029,21-03-2021 08:02,22-03-2021 23:00,Glu,8,2,1690,2.44,28.6,26.42,6.309,32.98,26.75,1170.72,20.267,60.956,27.863000000000003,121.328,211.005,28.991,Approved,1.6,0.22,0.2,4.78,190,2.8,2.09
,27063,R28963,932-029,21-03-2021 07:48,22-03-2021 22:38,Glu,3,11,1704,2.334,27.68,27.21,5.867000000000001,33.25,26.43,1172.44,20.946,58.57899999999999,28.225,89.677,211.005,29.178,Approved,1.7,0.26,0.2,4.17,51,0.9,0.82
,27063,R28963,932-029,21-03-2021 07:48,22-03-2021 22:38,Glu,3,11,1704,2.334,27.68,27.21,5.867000000000001,33.25,26.43,1172.44,20.946,58.57899999999999,28.225,89.677,211.005,29.178,Approved,1.7,0.26,0.2,4.17,51,0.9,0.82
,27063,R28963,932-029,21-03-2021 07:44,22-03-2021 22:34,Glu,2,16,1708,2.364,27.68,27.16,6.107,33.41,26.45,1189.84,20.865,58.81,28.348000000000006,105.503,211.005,28.527,Approved,1.67,0.23,0.5,3.26,14,2.0,1.77
,27063,R28963,932-029,21-03-2021 07:44,22-03-2021 22:34,Glu,2,16,1708,2.364,27.68,27.16,6.107,33.41,26.45,1189.84,20.865,58.81,28.348000000000006,105.503,211.005,28.527,Approved,1.67,0.23,0.5,3.26,14,2.0,1.77
,27063,R28963,932-029,21-03-2021 07:42,22-03-2021 22:30,Glu,1,9,1712,2.44,27.61,27.12,6.693,33.28,26.84,1170.59,20.708,62.637,28.193,110.778,211.005,29.258000000000006,Approved,1.7,0.23,0.5,4.36,202,1.7,0.39
,27063,R28963,932-029,21-03-2021 07:42,22-03-2021 22:30,Glu,1,9,1712,2.44,27.61,27.12,6.693,33.28,26.84,1170.59,20.708,62.637,28.193,110.778,211.005,29.258000000000006,Approved,1.7,0.23,0.5,4.36,202,1.7,0.39
,27066,R28966,932-029,21-03-2021 14:54,22-03-2021 22:18,Glu,8,4,975,2.402,26.45,28.75,6.256,33.9,26.58,1159.87,19.858,59.202,28.598000000000006,110.364,199.707,28.875,Approved,1.37,0.18,0.1,2.95,211,3.9,0.72
,27066,R28966,932-029,21-03-2021 14:54,22-03-2021 22:18,Glu,8,4,975,2.402,26.45,28.75,6.256,33.9,26.58,1159.87,19.858,59.202,28.598000000000006,110.364,199.707,28.875,Approved,1.37,0.18,0.1,2.95,211,3.9,0.72
,27066,R28966,932-029,21-03-2021 14:40,22-03-2021 21:52,Glu,3,2,972,2.496,26.32,28.73,6.6179999999999986,32.98,26.73,1155.73,20.103,63.697,28.886,105.109,204.962,30.518,Approved,1.37,0.21,0.1,4.27,88,0.5,0.52
,27066,R28966,932-029,21-03-2021 14:40,22-03-2021 21:52,Glu,3,2,972,2.496,26.32,28.73,6.6179999999999986,32.98,26.73,1155.73,20.103,63.697,28.886,105.109,204.962,30.518,Approved,1.37,0.21,0.1,4.27,88,0.5,0.52
,27066,R28966,932-029,21-03-2021 14:34,22-03-2021 21:42,Glu,1,10,974,2.692,26.08,28.71,6.351,33.62,26.58,1166.89,18.969,59.243,27.16,84.087,189.196,28.045,Approved,1.37,0.2,1.0,4.5,181,1.6,0.11
,27066,R28966,932-029,21-03-2021 14:34,22-03-2021 21:42,Glu,1,10,974,2.692,26.08,28.71,6.351,33.62,26.58,1166.89,18.969,59.243,27.16,84.087,189.196,28.045,Approved,1.37,0.2,1.0,4.5,181,1.6,0.11
,27060,R28960,932-029,21-03-2021 11:34,22-03-2021 20:46,Glu,8,13,1262,2.547,25.81,28.77,5.681,33.09,26.19,1160.69,22.35,61.489,26.288,120.741,199.484,29.545,Approved,1.57,0.26,0.4,4.11,16,0.3,0.25
,27060,R28960,932-029,21-03-2021 11:34,22-03-2021 20:46,Glu,8,13,1262,2.547,25.81,28.77,5.681,33.09,26.19,1160.69,22.35,61.489,26.288,120.741,199.484,29.545,Approved,1.57,0.26,0.4,4.11,16,0.3,0.25
,27060,R28960,932-029,21-03-2021 11:20,22-03-2021 20:18,Glu,3,7,1293,2.46,26.18,28.7,5.41,33.5,26.21,1170.05,22.275,59.755,25.697,104.992,152.238,29.296,Approved,1.57,0.23,0.4,4.55,191,0.3,0.04
,27060,R28960,932-029,21-03-2021 11:20,22-03-2021 20:18,Glu,3,7,1293,2.46,26.18,28.7,5.41,33.5,26.21,1170.05,22.275,59.755,25.697,104.992,152.238,29.296,Approved,1.57,0.23,0.4,4.55,191,0.3,0.04
,27060,R28960,932-029,21-03-2021 11:16,22-03-2021 20:14,Glu,2,15,1296,2.582,25.95,28.71,5.928,33.33,26.28,1162.3,22.043000000000006,60.42,25.814,94.493,173.236,29.097,Approved,1.55,0.23,0.4,3.63,60,0.1,0.22
,27060,R28960,932-029,21-03-2021 11:16,22-03-2021 20:14,Glu,2,15,1296,2.582,25.95,28.71,5.928,33.33,26.28,1162.3,22.043000000000006,60.42,25.814,94.493,173.236,29.097,Approved,1.55,0.23,0.4,3.63,60,0.1,0.22
,27012,R28936,932-029,21-03-2021 09:30,22-03-2021 17:22,Glu,3,12,1218,2.483,26.13,28.47,6.214,33.25,26.06,1178.43,25.235,59.98,29.784,115.491,204.734,32.193000000000005,Approved,1.68,0.26,0.0,4.5,230,0.3,0.28
,27012,R28936,932-029,21-03-2021 09:30,22-03-2021 17:22,Glu,3,12,1218,2.483,26.13,28.47,6.214,33.25,26.06,1178.43,25.235,59.98,29.784,115.491,204.734,32.193000000000005,Approved,1.68,0.26,0.0,4.5,230,0.3,0.28
,27012,R28936,932-029,21-03-2021 09:28,22-03-2021 17:16,Glu,2,1,1232,2.526,25.98,28.45,7.215,32.98,26.15,1178.96,24.421,56.172,28.603,99.742,183.736,31.388,Approved,1.62,0.24,0.1,2.34,340,4.6,0.98
,27012,R28936,932-029,21-03-2021 09:28,22-03-2021 17:16,Glu,2,1,1232,2.526,25.98,28.45,7.215,32.98,26.15,1178.96,24.421,56.172,28.603,99.742,183.736,31.388,Approved,1.62,0.24,0.1,2.34,340,4.6,0.98
,27012,R28936,932-029,21-03-2021 09:24,22-03-2021 17:12,Glu,1,8,1230,2.481,25.98,28.41,6.597,32.51,26.08,1190.62,24.22,56.93899999999999,28.201,94.493,178.486,31.159,Approved,1.68,0.23,0.0,3.25,247,0.4,1.0
,27012,R28936,932-029,21-03-2021 09:24,22-03-2021 17:12,Glu,1,8,1230,2.481,25.98,28.41,6.597,32.51,26.08,1190.62,24.22,56.93899999999999,28.201,94.493,178.486,31.159,Approved,1.68,0.23,0.0,3.25,247,0.4,1.0
,27075,R28975,932-029,21-03-2021 14:30,22-03-2021 17:04,Glu,8,14,1017,2.283,26.0,28.68,6.028,33.15,25.8,1174.94,22.479,78.736,30.498,110.778,211.005,28.991,Approved,1.58,0.23,0.4,4.7,81,1.2,0.26
,27075,R28975,932-029,21-03-2021 14:30,22-03-2021 17:04,Glu,8,14,1017,2.283,26.0,28.68,6.028,33.15,25.8,1174.94,22.479,78.736,30.498,110.778,211.005,28.991,Approved,1.58,0.23,0.4,4.7,81,1.2,0.26
,27075,R28975,932-029,21-03-2021 14:08,22-03-2021 16:38,Glu,3,4,1033,2.209,26.52,28.52,6.358,33.89,26.28,1167.55,22.244,74.058,30.206,100.227,211.005,29.081,Approved,1.72,0.27,0.6,4.66,312,1.2,0.43
,27075,R28975,932-029,21-03-2021 14:08,22-03-2021 16:38,Glu,3,4,1033,2.209,26.52,28.52,6.358,33.89,26.28,1167.55,22.244,74.058,30.206,100.227,211.005,29.081,Approved,1.72,0.27,0.6,4.66,312,1.2,0.43
,27075,R28975,932-029,21-03-2021 14:06,22-03-2021 16:34,Glu,2,1,1036,2.323,26.47,28.52,6.444,33.78,26.24,1177.02,22.439,72.028,30.347,100.227,211.005,29.349,Approved,1.58,0.23,0.3,3.99,115,2.1,0.79
,27075,R28975,932-029,21-03-2021 14:06,22-03-2021 16:34,Glu,2,1,1036,2.323,26.47,28.52,6.444,33.78,26.24,1177.02,22.439,72.028,30.347,100.227,211.005,29.349,Approved,1.58,0.23,0.3,3.99,115,2.1,0.79
,27075,R28975,932-029,21-03-2021 14:02,22-03-2021 16:30,Glu,1,2,1035,2.178,26.85,28.52,6.319,33.75,26.22,1174.39,22.062,72.982,30.087,105.503,211.005,28.808000000000003,Approved,1.65,0.18,0.2,4.72,30,0.8,0.87
,27075,R28975,932-029,21-03-2021 14:02,22-03-2021 16:30,Glu,1,2,1035,2.178,26.85,28.52,6.319,33.75,26.22,1174.39,22.062,72.982,30.087,105.503,211.005,28.808000000000003,Approved,1.65,0.18,0.2,4.72,30,0.8,0.87
,27077,R28977,932-029,21-03-2021 08:28,22-03-2021 13:32,Glu,8,1,997,2.767,26.85,27.69,5.948,33.04,25.6,1191.43,23.029,68.918,27.568,89.243,167.987,28.875,Approved,1.78,0.23,0.4,3.22,104,1.2,0.53
,27077,R28977,932-029,21-03-2021 08:28,22-03-2021 13:32,Glu,8,1,997,2.767,26.85,27.69,5.948,33.04,25.6,1191.43,23.029,68.918,27.568,89.243,167.987,28.875,Approved,1.78,0.23,0.4,3.22,104,1.2,0.53
,27077,R28977,932-029,21-03-2021 08:24,22-03-2021 13:26,Glu,7,1,997,2.677,26.82,27.64,5.791,32.37,25.06,1173.61,22.439,70.848,26.706,115.491,178.486,28.802,Approved,1.78,0.24,0.5,4.89,106,0.0,0.64
,27077,R28977,932-029,21-03-2021 08:24,22-03-2021 13:26,Glu,7,1,997,2.677,26.82,27.64,5.791,32.37,25.06,1173.61,22.439,70.848,26.706,115.491,178.486,28.802,Approved,1.78,0.24,0.5,4.89,106,0.0,0.64
,27077,R28977,932-029,21-03-2021 08:22,22-03-2021 13:22,Glu,6,9,996,2.7,27.09,27.56,5.812,32.3,25.13,1166.58,23.711,74.55199999999998,28.761,120.741,188.985,30.018,Approved,1.78,0.27,0.1,4.8,4,0.2,0.63
,27077,R28977,932-029,21-03-2021 08:22,22-03-2021 13:22,Glu,6,9,996,2.7,27.09,27.56,5.812,32.3,25.13,1166.58,23.711,74.55199999999998,28.761,120.741,188.985,30.018,Approved,1.78,0.27,0.1,4.8,4,0.2,0.63
,27077,R28977,932-029,21-03-2021 08:06,22-03-2021 13:18,Glu,1,2,1041,2.452,27.93,26.98,6.66,32.37,25.15,1167.76,24.372,71.985,28.6,115.491,209.984,30.798,Approved,1.72,0.33,1.6,4.92,332,2.6,0.42
,27077,R28977,932-029,21-03-2021 08:06,22-03-2021 13:18,Glu,1,2,1041,2.452,27.93,26.98,6.66,32.37,25.15,1167.76,24.372,71.985,28.6,115.491,209.984,30.798,Approved,1.72,0.33,1.6,4.92,332,2.6,0.42
,27154,R28991,932-029,20-03-2021 16:12,22-03-2021 12:56,Glu,8,4,1582,2.395,27.61,27.12,6.662000000000001,33.5,25.73,1159.31,21.331,67.181,29.196,42.201,211.005,28.12,Approved,1.72,0.26,0.7,5.02,217,1.1,0.35
,27154,R28991,932-029,20-03-2021 16:12,22-03-2021 12:56,Glu,8,4,1582,2.395,27.61,27.12,6.662000000000001,33.5,25.73,1159.31,21.331,67.181,29.196,42.201,211.005,28.12,Approved,1.72,0.26,0.7,5.02,217,1.1,0.35
,27154,R28991,932-029,20-03-2021 15:58,22-03-2021 12:24,Glu,3,13,1607,2.659,27.96,26.96,7.223,33.52,26.06,1166.41,22.081,68.632,30.231,94.952,211.005,29.229,Approved,1.7,0.29,0.8,4.5,372,2.8,0.45
,27154,R28991,932-029,20-03-2021 15:58,22-03-2021 12:24,Glu,3,13,1607,2.659,27.96,26.96,7.223,33.52,26.06,1166.41,22.081,68.632,30.231,94.952,211.005,29.229,Approved,1.7,0.29,0.8,4.5,372,2.8,0.45
,27154,R28991,932-029,20-03-2021 15:54,22-03-2021 12:20,Glu,2,4,1609,2.483,28.12,26.75,6.2429999999999986,33.18,25.78,1181.1,21.955,67.22800000000001,29.229,116.053,211.005,28.322,Approved,1.78,0.26,1.0,5.12,257,0.1,0.52
,27154,R28991,932-029,20-03-2021 15:54,22-03-2021 12:20,Glu,2,4,1609,2.483,28.12,26.75,6.2429999999999986,33.18,25.78,1181.1,21.955,67.22800000000001,29.229,116.053,211.005,28.322,Approved,1.78,0.26,1.0,5.12,257,0.1,0.52
,27154,R28991,932-029,20-03-2021 15:52,22-03-2021 12:16,Glu,1,1,1612,2.577,28.45,26.52,6.8020000000000005,33.11,25.32,1166.07,20.747,66.609,28.17,110.778,211.005,27.819000000000006,Approved,1.7,0.31,1.0,5.06,288,0.6,0.35
,27154,R28991,932-029,20-03-2021 15:52,22-03-2021 12:16,Glu,1,1,1612,2.577,28.45,26.52,6.8020000000000005,33.11,25.32,1166.07,20.747,66.609,28.17,110.778,211.005,27.819000000000006,Approved,1.7,0.31,1.0,5.06,288,0.6,0.35
