bcr_dir,RunNumberPartNumberID,RunNumber,PartNumber,ca_time,ym_time,Sensor,BoardNumber,ArrayNumber,time_betw_scan_min,CA,CA Humidity,CA Temperature,YM,YM Humidity,YM Temperature,CA_cav_dia,CA_void_cav,CA_cav_depth,Ca_void_mem,CA_overlap_min,CA_overlap_max,YM_void_mem,Class,Tid efter start [timer],2/1 mM Glu/Lac [mM],1 mM H2O2 [mM],40/25 mM glu/lac hoj O2,Sensitivity [pA/M],t on 10/5 mM glu/lac [s],Lav O2 - Hoj O2
932-029-R29709-N008-A2-Failed,28398,R29709,932-029,03-05-2021 12:36,05-05-2021 10:38,Glu,8,2,2006,1.915,34.78,24.88,5.96,27.78,26.66,1181.6,22.343000000000004,60.178999999999995,30.241,121.32799999999999,211.005,30.726,Failed,4.82,0.26,0.8,3.7,495,0.6,0.28
932-029-R29709-N002-A12-Failed,28398,R29709,932-029,03-05-2021 12:18,05-05-2021 10:12,Glu,2,12,2019,2.125,35.18,24.97,6.438,29.46,25.69,1192.66,22.820999999999998,63.625,30.726,137.153,211.005,30.215,Failed,4.88,0.24,2.6,3.85,484,0.1,0.43
932-029-R29728-N001-A10-Failed,28435,R29728,932-029,04-05-2021 04:48,05-05-2021 06:20,Glu,1,10,1223,2.488,34.05,27.09,5.648,28.5,26.29,1171.25,21.43,60.746,31.105,115.62,162.91899999999995,30.189,Failed,4.9,0.24,0.3,4.31,447,0.9,0.53
932-029-R29668-N008-A14-Failed,28323,R29668,932-029,29-04-2021 04:32,04-05-2021 23:36,Glu,8,14,5982,2.262,34.07,25.85,6.358,27.11,26.81,1181.4,22.305,59.126999999999995,30.533,73.852,211.005,29.093000000000004,Failed,2.12,0.3,3.0,3.07,429,2.4,0.7
932-029-R29668-N003-A6-Failed,28323,R29668,932-029,29-04-2021 04:16,04-05-2021 23:14,Glu,3,6,5962,2.023,33.36,26.28,5.88,27.85,26.72,1157.68,22.002,59.63399999999999,30.241,116.053,211.005,29.28,Failed,2.32,0.37,3.2,2.79,484,0.1,0.92
932-029-R29668-N002-A14-Failed,28323,R29668,932-029,29-04-2021 04:14,04-05-2021 23:10,Glu,2,14,5949,2.205,33.3,26.31,6.209,27.85,26.66,1185.5,22.581999999999997,58.315,30.798000000000002,110.77799999999999,211.005,29.611,Failed,2.35,0.3,1.8,3.21,469,0.3,0.49
932-029-R29683-N001-A2-Failed,28338,R29683,932-029,01-05-2021 13:06,04-05-2021 19:50,Glu,1,2,3949,2.45,32.32,25.43,5.879,27.43,26.59,1164.58,21.558000000000003,58.343999999999994,31.303,99.853,199.707,31.885,Failed,2.72,0.27,1.0,4.59,605,1.2,0.35
932-029-R29696-N008-A7-Failed,28385,R29696,932-029,04-05-2021 03:46,04-05-2021 19:44,Glu,8,7,883,2.521,32.99,27.42,5.984,27.41,26.42,1165.88,24.206999999999997,53.658,30.645,121.37200000000001,205.804,34.202,Failed,0.92,0.26,0.9,3.98,405,0.3,0.15
932-029-R29696-N003-A9-Failed,28385,R29696,932-029,04-05-2021 03:30,04-05-2021 19:24,Glu,3,9,886,2.488,33.15,27.49,5.695,28.45,26.63,1168.24,25.021,55.718999999999994,31.07800000000001,105.541,168.865,35.902,Failed,0.82,0.24,0.4,3.68,515,0.4,1.07
932-029-R29655-N003-A11-Failed,28292,R29655,932-029,02-05-2021 13:16,04-05-2021 17:16,Glu,3,11,2988,2.272,29.92,26.96,5.256,28.89,26.15,1162.56,22.831999999999997,66.194,32.986,99.853,168.174,33.196,Failed,2.23,0.24,0.0,2.71,661,0.5,0.41
932-029-R29706-N008-A12-Failed,28395,R29706,932-029,03-05-2021 10:10,04-05-2021 16:24,Glu,8,12,1525,2.376,30.91,27.44,5.414,27.78,26.28,1172.38,24.195999999999998,61.898999999999994,29.575,120.741,209.984,31.643,Failed,0.83,0.29,0.7,4.02,571,0.9,0.48
932-029-R29706-N001-A11-Failed,28395,R29706,932-029,03-05-2021 09:50,04-05-2021 15:54,Glu,1,11,1519,2.36,30.54,27.21,5.532,29.5,25.25,1172.62,23.671,61.976000000000006,27.16,104.992,209.984,33.319,Failed,0.87,0.29,0.5,3.83,565,0.9,0.27
932-029-R29662-N008-A3-Failed,28299,R29662,932-029,29-04-2021 01:44,04-05-2021 12:12,Glu,8,3,7194,2.447,32.35,27.04,5.438,27.8,26.93,1166.85,21.11,60.486999999999995,30.787,115.62,210.218,29.386999999999997,Failed,1.22,0.26,0.7,3.87,550,0.3,0.08
932-029-R29704-N008-A5-Failed,28393,R29704,932-029,02-05-2021 13:06,04-05-2021 10:54,Glu,8,5,2284,2.484,29.95,26.95,6.724,26.97,26.91,1176.49,24.427,62.405,28.195,41.997,194.235,32.327,Failed,0.95,0.31,0.1,3.36,489,1.2,0.17
932-029-R29682-N004-A9-Failed,28337,R29682,932-029,01-05-2021 09:16,04-05-2021 08:20,Glu,4,9,3213,2.815,28.22,27.07,6.023,28.35,26.1,1201.0,21.284000000000002,56.133,31.276999999999997,110.36399999999999,194.452,31.511999999999997,Failed,4.77,0.27,0.8,4.05,1121,0.7,0.32
932-029-R29677-N002-A6-Failed,28332,R29677,932-029,02-05-2021 12:22,04-05-2021 06:06,Glu,2,6,2989,2.331,30.17,26.82,5.774,28.76,26.12,1169.43,22.86,57.542,31.005,116.053,211.005,30.590999999999998,Failed,2.33,0.29,1.3,3.49,823,0.9,0.04
932-029-R29677-N001-A10-Failed,28332,R29677,932-029,02-05-2021 12:20,04-05-2021 06:02,Glu,1,10,2991,2.623,29.8,26.82,5.996,28.42,26.24,1205.21,21.612,56.652,29.956,105.50299999999999,211.005,29.445,Failed,2.28,0.27,1.2,3.23,829,0.6,0.28
932-029-R29714-N003-A11-Failed,28403,R29714,932-029,03-05-2021 10:26,04-05-2021 03:32,Glu,3,11,1204,2.193,31.11,27.42,5.694,27.65,26.77,1191.37,22.096999999999998,59.745,28.945999999999998,110.77799999999999,211.005,28.761999999999997,Failed,2.2,0.3,1.4,3.4,455,0.1,0.44
932-029-R29714-N002-A2-Failed,28403,R29714,932-029,03-05-2021 10:22,04-05-2021 03:28,Glu,2,2,1207,2.1069999999999998,30.89,27.39,5.4179999999999975,27.88,26.77,1176.78,22.309,62.651,30.074,116.053,211.005,28.995,Failed,2.2,0.29,1.2,3.29,587,0.9,0.33
932-029-R29714-N001-A15-Failed,28403,R29714,932-029,03-05-2021 10:20,04-05-2021 03:24,Glu,1,15,1209,2.1069999999999998,30.79,27.41,6.154,27.91,26.73,1191.35,22.195,61.01600000000001,29.9,126.603,211.005,29.16,Failed,2.23,0.29,1.8,3.76,568,1.2,0.3
932-029-R29705-N003-A10-Failed,28394,R29705,932-029,03-05-2021 07:54,04-05-2021 02:34,Glu,3,10,769,2.44,29.33,27.28,6.305,28.57,26.24,1163.09,21.083000000000002,65.317,31.035,105.109,189.196,30.811999999999998,Failed,0.95,0.27,0.3,3.73,964,0.6,0.32
932-029-R29705-N001-A9-Failed,28394,R29705,932-029,03-05-2021 07:48,04-05-2021 02:26,Glu,1,9,772,2.521,29.33,27.21,6.7829999999999995,27.71,26.68,1175.67,20.574,63.54600000000001,30.658,126.131,189.196,29.912,Failed,0.93,0.35,3.0,3.32,401,0.9,0.65
932-029-R29698-N003-A2-Failed,28387,R29698,932-029,03-05-2021 09:06,04-05-2021 01:32,Glu,3,2,651,2.31,30.77,26.81,5.64,27.43,26.63,1182.08,24.276,57.912,30.459,100.264,184.696,33.221,Failed,3.78,0.24,0.6,4.46,998,1.1,0.25
932-029-R29698-N002-A2-Failed,28387,R29698,932-029,03-05-2021 09:04,04-05-2021 01:28,Glu,2,2,651,2.383,31.09,26.52,6.182,27.9,26.54,1171.56,24.105,61.082,30.285,110.818,211.081,33.161,Failed,3.8,0.41,2.9,4.36,427,0.4,0.63
932-029-R29630-N003-A12-Failed,28231,R29630,932-029,27-04-2021 08:56,03-05-2021 18:30,Glu,3,12,5139,2.364,32.2,26.77,6.522,27.86,26.56,1164.94,24.006,59.451,35.166,84.087,173.43,33.296,Failed,2.23,0.32,2.9,3.95,473,1.7,0.66
932-029-R29640-N003-A7-Failed,28277,R29640,932-029,28-04-2021 10:16,03-05-2021 13:06,Glu,3,7,6437,2.191,30.87,27.11,5.81,27.68,26.31,1170.4,22.63300000000001,56.434,33.085,105.109,173.43,30.8,Failed,1.72,0.27,0.6,4.13,522,0.4,0.39
932-029-R29640-N002-A9-Failed,28277,R29640,932-029,28-04-2021 10:14,03-05-2021 13:02,Glu,2,9,6439,2.016,30.81,27.12,5.088,27.41,26.35,1170.62,22.235,62.605,32.454,110.36399999999999,168.174,29.853,Failed,1.73,0.24,0.4,4.47,904,0.7,0.37
932-029-R29640-N001-A2-Failed,28277,R29640,932-029,28-04-2021 10:10,03-05-2021 12:58,Glu,1,2,6438,2.112,30.77,27.04,5.129,27.38,26.26,1173.18,22.081999999999997,57.011,32.051,110.36399999999999,168.174,29.893,Failed,1.82,0.25,0.9,4.14,488,1.4,0.68
932-029-R29670-N003-A1-Failed,28325,R29670,932-029,29-04-2021 03:28,03-05-2021 12:30,Glu,3,1,3214,2.7110000000000003,32.2,27.55,5.891,27.58,26.66,1181.48,23.913,58.43,30.105999999999998,116.095,211.081,31.475,Failed,0.85,0.34,2.0,4.07,427,1.2,0.07
932-029-R29634-N003-A16-Failed,28235,R29634,932-029,27-04-2021 17:52,03-05-2021 11:22,Glu,3,16,4133,2.551,32.32,26.93,5.382999999999999,27.9,26.42,1156.71,22.052,62.75,32.662,136.642,194.452,32.51,Failed,2.38,0.25,0.8,3.42,606,1.3,0.52
932-029-R29634-N002-A15-Failed,28235,R29634,932-029,27-04-2021 17:50,03-05-2021 11:18,Glu,2,15,4135,2.441,32.15,26.93,5.5070000000000014,27.76,26.45,1162.34,22.962,60.617,33.766999999999996,147.15200000000004,199.707,32.86,Failed,2.35,0.28,0.9,3.65,660,0.8,0.48
932-029-R29660-N003-A15-Failed,28297,R29660,932-029,29-04-2021 03:04,03-05-2021 09:20,Glu,3,15,3198,2.385,32.09,27.44,5.912999999999999,29.14,25.89,1165.46,23.612,59.06,27.95,115.491,183.736,31.807,Failed,1.72,0.25,1.6,4.42,1066,0.8,1.12
932-029-R29660-N002-A9-Failed,28297,R29660,932-029,29-04-2021 03:00,03-05-2021 09:16,Glu,2,9,3205,2.44,31.95,27.42,5.985,29.07,25.8,1189.57,24.174,59.356,28.104,120.741,167.987,30.671999999999997,Failed,1.72,0.23,1.0,4.07,1147,0.1,0.54
932-029-R29660-N001-A1-Failed,28297,R29660,932-029,29-04-2021 02:58,03-05-2021 09:12,Glu,1,1,3207,2.725,31.95,27.42,6.483,29.13,25.68,1197.92,23.36,56.99800000000001,27.91,136.489,178.486,30.734,Failed,1.7,0.28,1.0,4.5,863,0.1,0.25
932-029-R29646-N002-A1-Failed,28283,R29646,932-029,28-04-2021 09:26,29-04-2021 13:28,Glu,2,1,1954,2.343,32.47,25.71,5.632999999999999,28.07,26.91,1177.99,23.51,57.07,27.525,115.491,209.984,31.066999999999997,Failed,1.72,0.34,0.1,2.74,524,2.4,0.97
932-029-R29604-N001-A15-Failed,28204,R29604,932-029,27-04-2021 09:14,29-04-2021 11:56,Glu,1,15,1249,2.295,31.92,26.96,5.86,27.53,26.61,1198.58,21.405,56.294,30.136999999999997,126.603,211.005,29.009,Failed,1.88,0.25,0.2,4.0,438,0.5,0.51
932-029-R29629-N008-A12-Failed,28230,R29629,932-029,28-04-2021 12:08,29-04-2021 10:24,Glu,8,12,1935,2.114,33.85,26.05,5.7810000000000015,27.58,26.66,1163.99,27.605999999999998,60.556000000000004,34.332,105.541,168.865,38.44300000000001,Failed,1.87,0.25,0.3,4.14,446,0.9,0.06
932-029-R29629-N003-A3-Failed,28230,R29629,932-029,28-04-2021 11:54,29-04-2021 10:02,Glu,3,3,1909,2.307,33.94,25.98,5.603,28.07,26.36,1166.29,27.149,57.74800000000001,33.618,89.71,163.588,37.457,Failed,1.97,0.27,0.2,3.98,530,1.0,0.17
932-029-R29629-N002-A1-Failed,28230,R29629,932-029,28-04-2021 11:50,29-04-2021 09:58,Glu,2,1,1907,2.246,34.02,26.01,5.825,28.22,26.22,1180.19,26.559,58.388999999999996,33.376,89.71,158.311,37.056999999999995,Failed,1.9,0.18,0.6,3.18,737,0.3,1.43
932-029-R29629-N001-A1-Failed,28230,R29629,932-029,28-04-2021 11:48,29-04-2021 09:54,Glu,1,1,1903,2.287,34.09,26.06,5.22,29.34,25.92,1174.79,26.35,58.659,33.164,116.095,174.142,36.434,Failed,1.97,0.23,0.3,4.0,787,0.8,1.14
932-029-R29648-N003-A12-Failed,28285,R29648,932-029,28-04-2021 12:46,29-04-2021 08:40,Glu,3,12,1083,2.509,32.72,25.57,6.577000000000001,27.16,26.68,1165.82,21.471,58.76,31.099,105.109,168.174,31.311999999999998,Failed,1.48,0.43,0.4,3.51,460,0.6,0.83
932-029-R29616-N002-A10-Failed,28217,R29616,932-029,27-04-2021 14:08,29-04-2021 07:22,Glu,2,10,1702,2.315,34.07,25.62,5.891,27.71,26.75,1169.78,27.03,67.748,30.653000000000002,120.741,162.737,34.385,Failed,1.27,0.21,0.2,3.55,872,0.9,3.31
932-029-R29616-N001-A16-Failed,28217,R29616,932-029,27-04-2021 14:06,29-04-2021 07:18,Glu,1,16,1700,2.387,34.04,25.57,5.843,28.52,26.54,1161.01,26.264,61.942,30.798000000000002,136.489,173.236,33.402,Failed,1.4,0.24,0.1,3.35,507,1.6,0.83
932-029-R29639-N003-A2-Failed,28276,R29639,932-029,27-04-2021 19:14,29-04-2021 05:50,Glu,3,2,1584,2.4130000000000003,34.89,25.46,6.0820000000000025,27.96,26.51,1176.55,22.01,58.05,32.181,115.62,189.196,32.46,Failed,1.55,0.27,0.8,3.57,893,0.7,1.17
932-029-R29639-N002-A13-Failed,28276,R29639,932-029,27-04-2021 19:12,29-04-2021 05:46,Glu,2,13,1588,2.296,34.44,25.48,5.865,28.12,26.24,1162.57,23.513,64.548,34.06,141.89700000000005,210.218,33.678000000000004,Failed,1.58,0.3,0.2,3.88,404,0.3,0.53
932-029-R29609-N008-A14-Failed,28210,R29609,932-029,27-04-2021 02:20,29-04-2021 05:22,Glu,8,14,2260,2.559,32.14,27.56,6.438,28.15,26.1,1168.51,26.125999999999998,60.547,32.951,147.757,205.804,35.918,Failed,1.3,0.19,1.0,5.26,438,1.5,0.32
932-029-R29644-N008-A16-Failed,28281,R29644,932-029,28-04-2021 08:30,29-04-2021 03:10,Glu,8,16,725,2.513,29.7,27.25,5.933,27.29,26.61,1157.83,20.958000000000002,56.188,31.256,120.875,194.452,31.351,Failed,5.13,0.25,0.3,4.54,432,1.4,0.02
932-029-R29615-N003-A15-Failed,28216,R29615,932-029,27-04-2021 08:04,28-04-2021 16:04,Glu,3,15,1464,2.627,33.06,25.92,6.702999999999999,28.23,26.35,1163.74,27.092,64.503,31.766,136.489,178.486,33.336,Failed,0.77,0.19,0.4,2.8,171,6.0,0.6
932-029-R29632-N001-A15-Failed,28233,R29632,932-029,27-04-2021 19:32,28-04-2021 13:32,Glu,1,15,2256,2.334,35.1,25.36,6.0089999999999995,28.7,26.22,1170.73,27.22300000000001,57.025,31.693,131.24,188.985,34.547,Failed,1.55,0.21,1.4,2.07,625,2.4,2.54
932-029-R29614-N008-A11-Failed,28215,R29614,932-029,27-04-2021 03:12,28-04-2021 12:40,Glu,8,11,1221,2.551,35.2,25.83,5.77,28.52,25.62,1169.09,22.506,60.772,33.641999999999996,147.15200000000004,199.707,33.105,Failed,0.77,0.26,0.1,4.27,593,2.6,3.86
932-029-R29611-N002-A11-Failed,28212,R29611,932-029,27-04-2021 00:40,28-04-2021 07:30,Glu,2,11,687,2.31,33.85,26.88,6.6960000000000015,27.51,26.84,1182.86,24.909000000000002,65.327,34.376,137.153,211.005,32.302,Failed,0.78,0.16,3.0,4.02,515,4.4,0.85
932-029-R29569-N008-A14-Failed,28133,R29569,932-029,26-04-2021 11:22,28-04-2021 03:20,Glu,8,14,1063,2.526,32.35,26.22,7.03,26.79,27.07,1150.6,26.362,63.075,31.281,110.241,199.484,33.035,Failed,0.8,0.15,0.3,1.92,302,7.2,2.58
932-029-R29585-N003-A15-Failed,28185,R29585,932-029,26-04-2021 07:54,27-04-2021 17:04,Glu,3,15,1708,2.443,29.41,27.0,5.7360000000000015,32.0,24.14,1171.33,22.612,61.27,32.727,115.62,189.196,31.929000000000002,Failed,1.27,0.26,0.1,3.99,612,0.8,0.32
932-029-R29585-N002-A5-Failed,28185,R29585,932-029,26-04-2021 07:50,27-04-2021 17:00,Glu,2,5,1709,2.478,29.36,26.95,5.695,31.73,24.14,1164.55,22.521,61.147,32.286,131.386,199.707,31.878,Failed,1.3,0.24,0.3,4.88,727,0.9,0.9
932-029-R29585-N001-A14-Failed,28185,R29585,932-029,26-04-2021 07:48,27-04-2021 16:56,Glu,1,14,1711,2.3569999999999998,29.23,26.91,5.4910000000000005,31.06,24.16,1170.03,22.761999999999997,58.396,32.879,36.788000000000004,183.94099999999997,31.866999999999997,Failed,1.18,0.24,0.4,4.95,1104,0.3,1.31
932-029-R29587-N001-A1-Failed,28187,R29587,932-029,26-04-2021 06:58,27-04-2021 16:18,Glu,1,1,1752,2.5269999999999997,30.42,25.83,5.941,30.59,24.42,1174.76,23.601,49.96100000000001,28.145,115.491,194.235,32.406,Failed,1.9,0.29,0.5,4.67,449,1.4,1.89
932-029-R29595-N001-A3-Failed,28195,R29595,932-029,26-04-2021 20:14,27-04-2021 14:26,Glu,1,3,1206,2.634,33.6,27.35,5.835,28.23,26.42,1181.79,23.125,57.426,28.066,146.988,209.984,30.999000000000002,Failed,0.77,0.27,1.6,4.63,527,0.5,0.89
932-029-R29558-N002-A12-Failed,28122,R29558,932-029,23-04-2021 14:40,27-04-2021 12:04,Glu,2,12,5418,2.615,29.51,26.21,5.251,30.03,25.9,1169.22,24.019000000000002,61.485,29.969,116.095,168.865,32.851,Failed,0.77,0.24,0.2,4.1,672,0.1,0.72
932-029-R29558-N001-A7-Failed,28122,R29558,932-029,23-04-2021 14:38,27-04-2021 12:00,Glu,1,7,5427,2.461,29.98,25.8,5.5360000000000005,30.22,25.69,1166.81,23.971,60.121,29.784000000000002,36.939,158.311,32.91,Failed,0.9,0.24,0.2,2.93,521,0.4,0.32
932-029-R29579-N008-A13-Failed,28179,R29579,932-029,24-04-2021 17:24,27-04-2021 11:16,Glu,8,13,3606,2.415,30.42,25.76,5.9239999999999995,29.33,25.94,1180.71,25.308000000000003,59.106,29.173000000000002,104.992,183.736,30.54300000000001,Failed,1.18,0.32,1.6,3.44,484,2.0,0.53
932-029-R29568-N003-A5-Failed,28132,R29568,932-029,25-04-2021 14:28,27-04-2021 06:58,Glu,3,5,2549,2.407,30.2,26.42,6.672999999999999,29.26,26.45,1158.07,23.853,63.358999999999995,34.387,110.36399999999999,173.43,32.588,Failed,1.15,0.23,0.1,0.71,467,8.8,0.48
932-029-R29581-N002-A4-Failed,28181,R29581,932-029,24-04-2021 14:26,27-04-2021 00:56,Glu,2,4,4124,2.265,28.27,26.89,6.404,28.49,26.15,1178.24,22.739,59.599,31.065,142.428,211.005,29.837,Failed,0.78,0.16,0.8,2.84,465,0.2,0.09
932-029-R29589-N003-A12-Failed,28189,R29589,932-029,26-04-2021 09:58,27-04-2021 00:14,Glu,3,12,592,2.574,29.66,27.21,5.984,28.45,26.19,1165.26,23.721,62.975,34.398,126.131,183.94099999999997,31.225,Failed,1.18,0.24,1.1,4.66,409,0.1,0.12
932-029-R29553-N008-A12-Failed,28117,R29553,932-029,24-04-2021 14:18,26-04-2021 23:20,Glu,8,12,1337,2.46,29.31,26.21,6.142,27.49,26.65,1179.07,24.54,62.886,28.135,125.99,204.734,30.927,Failed,1.23,0.21,0.0,2.98,411,3.0,0.82
932-029-R29564-N008-A8-Failed,28128,R29564,932-029,23-04-2021 15:26,26-04-2021 11:32,Glu,8,8,2563,2.658,29.11,27.07,6.193,27.81,26.24,1187.24,20.793000000000006,57.846000000000004,29.831,89.34299999999998,157.66299999999995,28.385,Failed,1.23,0.34,0.3,0.23,369,6.6,1.95
932-029-R29550-N003-A10-Failed,28114,R29550,932-029,23-04-2021 16:40,26-04-2021 09:44,Glu,3,10,1208,2.503,30.77,25.9,5.341,27.93,26.13,1181.84,24.644000000000002,63.736000000000004,28.378,99.742,173.236,30.686999999999998,Failed,1.6,0.19,0.8,2.62,516,0.4,0.45
932-029-R29544-N008-A3-Failed,28108,R29544,932-029,22-04-2021 14:22,23-04-2021 13:00,Glu,8,3,843,2.5180000000000002,34.32,26.36,5.644,28.02,26.7,1171.47,22.837,65.03,32.905,126.131,194.452,32.332,Failed,1.87,0.22,1.1,3.44,424,0.2,0.76
932-029-R29530-N002-A10-Failed,28094,R29530,932-029,22-04-2021 04:46,23-04-2021 06:58,Glu,2,10,951,2.22,33.48,26.01,6.271,28.18,26.56,1177.69,23.1,58.045,31.785999999999998,126.603,211.005,32.236999999999995,Failed,1.73,0.28,0.4,3.36,536,0.4,0.52
932-029-R29551-N008-A7-Failed,28115,R29551,932-029,22-04-2021 03:08,22-04-2021 22:58,Glu,8,7,883,2.596,30.64,27.14,5.999,30.22,24.9,1186.12,20.222,53.858999999999995,30.494,126.131,178.685,30.138,Failed,5.12,0.25,0.6,4.13,639,0.4,0.98
932-029-R29485-N008-A10-Failed,28029,R29485,932-029,22-04-2021 01:04,22-04-2021 18:20,Glu,8,10,965,2.5980000000000003,30.61,27.05,5.432,28.13,25.94,1170.65,21.636999999999997,53.765,31.273000000000003,94.598,157.66299999999995,30.028000000000002,Failed,2.13,0.33,0.5,4.71,415,0.1,1.19
932-029-R29485-N003-A9-Failed,28029,R29485,932-029,22-04-2021 00:48,22-04-2021 17:58,Glu,3,9,977,2.781,31.24,25.94,5.5889999999999995,29.65,26.22,1176.14,22.351,57.93899999999999,32.375,99.853,162.91899999999995,30.711,Failed,2.12,0.31,0.5,3.61,446,0.2,0.6
932-029-R29485-N001-A7-Failed,28029,R29485,932-029,22-04-2021 00:42,22-04-2021 17:50,Glu,1,7,982,2.832,30.66,26.98,5.8329999999999975,28.57,26.29,1154.74,21.938000000000002,57.388999999999996,32.229,47.299,173.43,31.24,Failed,2.12,0.29,0.6,4.82,626,1.1,0.92
932-029-R29450-N003-A12-Failed,27975,R29450,932-029,21-04-2021 09:10,22-04-2021 14:48,Glu,3,12,525,2.29,31.31,27.55,6.41,27.7,26.45,1175.57,25.061,59.835,31.189,26.385,200.52700000000002,33.689,Failed,4.75,0.28,2.0,4.56,434,0.0,0.35
932-029-R29450-N002-A16-Failed,27975,R29450,932-029,21-04-2021 09:08,22-04-2021 14:44,Glu,2,16,528,2.276,31.28,27.53,6.513,27.36,26.52,1170.07,24.075,59.663999999999994,30.427,110.818,189.97299999999998,33.157,Failed,4.72,0.29,1.5,3.56,441,0.2,0.84
,28088,R29524,932-029,21-04-2021 11:56,22-04-2021 14:10,Glu,2,7,1154,2.3280000000000003,33.16,27.32,5.9079999999999995,27.49,26.51,1161.42,24.886999999999997,58.938,29.29300000000001,125.99,194.235,32.066,Failed,4.85,0.26,0.5,3.78,401,0.4,0.04
932-029-R29449-N003-A2-Failed,27974,R29449,932-029,21-04-2021 02:26,21-04-2021 23:46,Glu,3,2,1671,2.647,32.62,26.31,6.459,31.01,24.77,1193.29,24.191999999999997,52.956,28.373,115.491,199.484,31.385,Failed,1.12,0.31,0.6,4.24,421,0.5,0.1
932-029-R29409-N008-A14-Failed,27897,R29409,932-029,20-04-2021 13:20,21-04-2021 23:30,Glu,8,14,1452,2.176,31.51,26.72,6.126,30.81,24.81,1179.39,21.634,57.583999999999996,29.4,105.50299999999999,211.005,28.783,Failed,2.18,0.24,0.7,4.19,448,3.9,0.59
932-029-R29487-N001-A10-Failed,28031,R29487,932-029,21-04-2021 03:08,21-04-2021 22:08,Glu,1,10,1491,2.6069999999999998,33.83,25.62,5.7379999999999995,27.75,26.36,1164.44,19.768,53.706,29.193,131.386,173.43,28.924,Failed,2.13,0.29,0.4,4.51,635,0.2,0.4
932-029-R29435-N003-A16-Failed,27942,R29435,932-029,20-04-2021 19:52,21-04-2021 13:50,Glu,3,16,2043,2.557,34.07,26.59,5.29,27.98,26.31,1161.94,23.479,58.592,29.439,94.98700000000001,179.419,32.45,Failed,1.83,0.41,1.9,3.71,449,0.2,0.36
932-029-R29436-N008-A16-Failed,27943,R29436,932-029,19-04-2021 21:52,21-04-2021 11:58,Glu,8,16,2165,2.595,32.57,26.1,6.231,28.64,26.33,1158.6,20.658,61.111000000000004,30.865,99.853,183.94099999999997,31.061999999999998,Failed,2.1,0.32,0.4,4.11,569,0.7,1.01
932-029-R29430-N003-A1-Failed,27937,R29430,932-029,20-04-2021 15:02,21-04-2021 09:36,Glu,3,1,1012,2.556,32.25,26.66,6.166,27.65,26.66,1172.05,20.733,60.76,30.375999999999998,120.875,204.96200000000002,30.024,Failed,2.17,0.31,0.5,4.14,429,0.1,0.19
932-029-R29443-N008-A6-Failed,27968,R29443,932-029,20-04-2021 08:24,21-04-2021 07:20,Glu,8,6,927,2.4290000000000003,30.29,27.39,5.942,27.85,26.72,1163.4,20.227,58.096000000000004,29.26,99.853,173.43,30.122,Failed,1.23,0.26,0.3,3.88,442,0.3,1.18
932-029-R29443-N003-A14-Failed,27968,R29443,932-029,20-04-2021 08:08,21-04-2021 06:54,Glu,3,14,935,2.362,29.83,27.26,6.108,27.83,26.51,1163.03,19.977999999999998,59.753,28.708000000000002,120.875,173.43,29.675,Failed,1.05,0.28,0.1,4.78,563,1.4,0.59
932-029-R29443-N002-A1-Failed,27968,R29443,932-029,20-04-2021 08:06,21-04-2021 06:48,Glu,2,1,942,2.612,29.66,27.25,6.023,27.75,26.36,1174.07,19.577,58.31399999999999,28.69400000000001,115.62,162.91899999999995,30.44400000000001,Failed,1.02,0.24,0.3,5.32,448,1.0,0.38
932-029-R29443-N001-A16-Failed,27968,R29443,932-029,20-04-2021 08:02,21-04-2021 06:44,Glu,1,16,942,2.375,29.8,27.26,5.751,27.34,26.43,1168.17,20.472,59.278999999999996,29.524,115.62,173.43,30.244,Failed,1.13,0.28,0.2,4.79,412,0.4,0.58
932-029-R29431-N003-A13-Failed,27938,R29431,932-029,20-04-2021 09:20,20-04-2021 23:52,Glu,3,13,698,2.449,31.35,26.61,5.6,30.71,24.32,1166.58,24.308000000000003,63.46100000000001,28.728,115.491,194.235,32.481,Failed,1.17,0.26,0.4,4.05,601,0.5,0.12
932-029-R29431-N001-A11-Failed,27938,R29431,932-029,20-04-2021 09:14,20-04-2021 23:44,Glu,1,11,699,2.5789999999999997,29.98,27.09,6.0729999999999995,31.65,24.37,1159.82,23.72,62.097,28.17,110.241,194.235,31.456,Failed,1.13,0.32,1.3,3.85,523,0.2,0.42
932-029-R29446-N008-A3-Failed,27971,R29446,932-029,20-04-2021 08:54,20-04-2021 23:04,Glu,8,3,1036,2.135,30.15,26.91,5.769,31.01,24.79,1177.55,22.146,59.797,29.601999999999997,121.32799999999999,211.005,29.534000000000002,Failed,2.1,0.28,0.8,3.47,409,0.0,0.98
932-029-R29433-N001-A9-Failed,27940,R29433,932-029,20-04-2021 07:38,20-04-2021 20:38,Glu,1,9,2247,2.488,30.32,27.05,5.602,27.88,26.35,1161.33,23.936,63.527,30.119,121.37200000000001,205.804,34.003,Failed,4.85,0.26,0.8,4.69,586,0.6,0.57
932-029-R29427-N003-A4-Failed,27934,R29427,932-029,19-04-2021 16:06,20-04-2021 16:08,Glu,3,4,1780,2.472,33.41,25.73,6.3229999999999995,28.5,25.96,1157.68,22.961,60.453,26.763,131.24,199.484,30.79,Failed,5.18,0.45,2.2,3.16,501,0.9,0.86
932-029-R29405-N002-A4-Failed,27893,R29405,932-029,18-04-2021 10:28,20-04-2021 14:10,Glu,2,4,2559,2.5180000000000002,29.07,26.81,5.877999999999999,28.25,26.21,1155.68,22.155,61.846000000000004,31.48,99.853,162.91899999999995,31.901999999999997,Failed,2.17,0.4,1.2,3.3,419,2.3,1.24
932-029-R29394-N003-A11-Failed,27882,R29394,932-029,19-04-2021 20:12,20-04-2021 12:44,Glu,3,11,1107,2.3080000000000003,34.04,26.31,6.035,28.5,25.98,1184.47,21.498,58.653999999999996,29.449,116.053,211.005,30.27,Failed,4.8,0.29,1.7,4.31,442,0.4,0.24
932-029-R29394-N002-A15-Failed,27882,R29394,932-029,19-04-2021 20:08,20-04-2021 12:40,Glu,2,15,1109,2.278,34.15,26.17,6.414,29.07,25.87,1182.91,22.065,59.951,29.616999999999997,110.77799999999999,211.005,29.666999999999998,Failed,4.82,0.34,1.5,4.64,416,0.2,0.15
932-029-R29451-N001-A13-Failed,27976,R29451,932-029,19-04-2021 15:08,20-04-2021 05:14,Glu,1,13,1748,2.546,31.67,27.19,6.244,27.75,26.61,1185.67,21.863000000000003,55.971000000000004,30.555,116.053,211.005,29.801,Failed,2.27,0.25,1.2,4.32,458,0.6,0.52
932-029-R29399-N003-A6-Failed,27887,R29399,932-029,19-04-2021 13:42,20-04-2021 04:22,Glu,3,6,861,2.377,31.08,27.16,6.178999999999999,27.38,26.82,1166.6,24.714000000000002,58.611000000000004,29.303,89.243,183.736,32.065,Failed,1.0,0.24,0.5,3.58,458,0.2,0.37
,27890,R29402,932-029,19-04-2021 12:22,20-04-2021 03:38,Glu,2,3,951,2.528,32.84,26.1,5.6560000000000015,27.43,26.61,1158.47,21.726999999999997,60.851000000000006,31.433000000000003,99.853,173.43,31.381999999999998,Failed,1.12,0.29,0.3,5.15,548,0.4,0.47
,27919,R29412,932-029,18-04-2021 12:16,20-04-2021 01:06,Glu,3,6,1801,2.43,30.98,25.89,5.915,29.29,25.23,1163.35,21.87,54.82100000000001,31.67,105.109,168.174,31.272,Failed,1.62,0.23,1.3,3.95,544,0.8,0.56
932-029-R29392-N003-A4-Failed,27880,R29392,932-029,19-04-2021 09:46,19-04-2021 23:22,Glu,3,4,1065,2.522,30.1,26.77,6.511,27.36,26.61,1166.52,24.235,59.681999999999995,30.39,105.541,211.081,32.477,Failed,1.12,0.26,2.3,4.96,483,3.3,0.88
932-029-R29392-N002-A5-Failed,27880,R29392,932-029,19-04-2021 09:44,19-04-2021 23:18,Glu,2,5,1066,2.48,30.24,26.73,6.8320000000000025,28.18,26.61,1161.19,24.009,60.534,30.256,84.432,184.696,32.999,Failed,1.1,0.29,1.6,3.31,443,5.6,0.48
932-029-R29392-N001-A13-Failed,27880,R29392,932-029,19-04-2021 09:40,19-04-2021 23:14,Glu,1,13,1067,2.364,30.77,26.66,6.745,28.32,26.52,1167.93,24.487,58.951,30.8,110.818,179.419,33.738,Failed,1.02,0.25,1.5,4.65,409,1.2,0.49
,27924,R29417,932-029,18-04-2021 12:40,19-04-2021 17:38,Glu,3,2,2351,2.346,30.35,26.49,6.37,28.67,26.28,1189.07,21.238000000000003,58.135,29.316,89.677,211.005,28.66800000000001,Failed,1.17,0.31,1.0,3.91,498,5.7,0.67
,27918,R29411,932-029,18-04-2021 07:14,19-04-2021 12:02,Glu,8,16,1032,2.44,29.41,25.9,6.175,28.47,26.28,1163.51,21.486,62.409,30.76,120.875,189.196,30.316,Failed,1.6,0.23,1.0,3.9,490,0.5,0.62
,27931,R29424,932-029,18-04-2021 11:50,19-04-2021 11:02,Glu,3,10,932,2.445,31.68,25.41,5.732,27.81,26.24,1164.84,24.654,61.102,30.927,110.818,168.865,34.465,Failed,1.58,0.22,1.1,3.97,401,0.0,0.78
,27931,R29424,932-029,18-04-2021 11:44,19-04-2021 10:54,Glu,1,2,941,2.674,30.2,26.42,6.905,28.35,26.06,1175.23,25.162,58.698,31.441999999999997,116.095,179.419,36.548,Failed,1.65,0.23,1.2,4.26,662,0.7,0.96
,27779,R29344,932-029,17-04-2021 16:18,19-04-2021 10:18,Glu,3,14,2390,2.42,30.1,26.03,5.358,28.69,26.01,1195.49,25.838,60.519,29.898000000000003,120.741,178.486,32.406,Failed,1.72,0.23,1.3,5.44,913,0.9,0.53
,27779,R29344,932-029,17-04-2021 16:14,19-04-2021 10:14,Glu,2,12,2393,2.2880000000000003,29.97,25.98,5.57,29.19,25.98,1197.35,25.424,59.218999999999994,29.438000000000002,115.491,162.737,32.343,Failed,1.68,0.24,1.6,4.03,723,0.5,1.04
,27779,R29344,932-029,17-04-2021 16:12,19-04-2021 10:10,Glu,1,10,2397,2.283,30.17,25.87,5.222,29.21,25.9,1191.26,24.895,59.03100000000001,28.781,115.491,167.987,31.686999999999998,Failed,1.72,0.22,0.9,4.64,1437,0.1,0.62
,27819,R29366,932-029,15-04-2021 15:52,16-04-2021 04:24,Glu,8,16,613,2.235,31.61,27.42,6.278,29.65,25.34,1167.85,21.44,57.115,30.605,89.34299999999998,168.174,29.951999999999998,Failed,1.45,0.3,2.6,4.13,463,0.0,0.6
,27766,R29331,932-029,13-04-2021 17:32,15-04-2021 22:12,Glu,1,1,1656,2.38,35.84,25.43,5.985,27.91,26.73,1171.44,21.506999999999998,63.222,30.649,110.36399999999999,173.43,29.686999999999998,Failed,1.63,0.23,2.8,4.74,471,1.8,0.34
,27830,R29377,932-029,15-04-2021 02:54,15-04-2021 21:44,Glu,3,4,1187,2.3890000000000002,31.93,27.58,5.682,28.54,26.28,1161.61,24.329,58.762,30.795,94.98700000000001,195.25,33.47,Failed,1.48,0.47,1.5,4.17,489,0.2,0.81
,27758,R29323,932-029,14-04-2021 01:26,15-04-2021 20:34,Glu,3,9,1386,2.64,34.24,25.46,5.4060000000000015,28.12,26.7,1168.77,20.999000000000002,63.467,30.834,120.875,199.707,29.63,Failed,1.67,0.23,0.8,4.99,559,0.6,0.1
,27758,R29323,932-029,14-04-2021 01:20,15-04-2021 20:24,Glu,1,13,1389,2.488,34.15,25.32,5.563,27.24,26.81,1166.78,20.843000000000004,60.625,30.252,115.62,194.452,30.115,Failed,1.65,0.22,0.8,5.1,527,0.7,0.07
,27818,R29365,932-029,13-04-2021 23:18,15-04-2021 12:22,Glu,3,15,1518,2.608,34.07,26.96,6.314,28.07,26.84,1168.13,20.784000000000002,57.655,29.910999999999998,105.109,189.196,29.462,Failed,1.55,0.29,2.4,4.85,453,2.3,0.15
,27712,R29295,932-029,13-04-2021 05:14,15-04-2021 08:16,Glu,2,2,2518,2.4459999999999997,34.51,26.59,5.976,28.62,26.06,1173.13,22.948,53.556000000000004,28.613000000000003,100.264,168.865,33.341,Failed,1.42,0.21,0.4,4.69,521,0.6,0.79
,27712,R29295,932-029,13-04-2021 05:12,15-04-2021 08:12,Glu,1,2,2516,2.5580000000000003,34.52,26.52,5.8210000000000015,28.62,26.17,1169.16,23.243000000000002,55.419,29.392,110.818,195.25,33.917,Failed,1.55,0.13,0.5,3.83,679,0.1,2.27
,27785,R29350,932-029,13-04-2021 12:58,14-04-2021 20:50,Glu,2,15,1804,2.513,32.96,26.91,6.6,27.19,27.0,1185.11,24.974,59.658,28.82,120.741,188.985,32.544000000000004,Failed,2.1,0.39,2.4,4.21,511,1.8,0.31
,27817,R29364,932-029,13-04-2021 16:52,14-04-2021 17:34,Glu,4,2,1890,2.504,32.71,27.14,5.487,28.03,26.36,1171.57,23.366,57.878,26.993000000000002,110.241,188.985,29.855,Failed,4.68,0.27,0.8,4.76,415,0.9,0.49
,27756,R29321,932-029,13-04-2021 12:08,14-04-2021 15:10,Glu,3,4,1054,2.283,32.94,27.12,5.8420000000000005,28.37,26.35,1177.26,24.041999999999998,57.608000000000004,28.22,120.741,199.484,30.63300000000001,Failed,1.55,0.48,0.2,3.89,401,0.4,0.78
,27787,R29352,932-029,13-04-2021 13:22,14-04-2021 13:48,Glu,1,5,2211,2.358,32.37,27.14,6.756,27.17,26.86,1179.41,24.889,58.986000000000004,31.365,126.649,179.419,34.692,Failed,1.52,0.3,2.2,3.64,456,4.9,0.43
,27774,R29339,932-029,13-04-2021 14:52,14-04-2021 13:42,Glu,8,14,1133,2.595,33.67,26.63,6.78,27.8,26.82,1160.29,25.131999999999998,65.484,29.809,146.988,199.484,31.59800000000001,Failed,2.15,0.29,1.2,4.39,423,3.9,0.02
,27763,R29328,932-029,13-04-2021 00:34,14-04-2021 11:18,Glu,1,2,3263,2.372,32.98,27.18,6.649,27.83,26.96,1173.2,21.898000000000003,59.166000000000004,29.427,110.77799999999999,211.005,30.627,Failed,1.6,0.25,0.7,4.78,500,1.5,0.84
,27780,R29345,932-029,13-04-2021 14:56,14-04-2021 10:42,Glu,1,10,2306,2.323,33.18,26.86,5.731,27.26,26.96,1180.92,25.565,59.793,31.863000000000003,121.37200000000001,184.696,34.399,Failed,1.62,0.36,2.7,4.54,446,0.0,0.26
,27678,R29261,932-029,13-04-2021 20:00,14-04-2021 10:32,Glu,8,5,985,2.491,33.31,26.4,6.897,27.85,26.77,1172.76,22.467,59.742,32.457,131.386,183.94099999999997,31.69,Failed,2.17,0.64,1.8,3.78,449,1.2,0.54
,27678,R29261,932-029,13-04-2021 19:34,14-04-2021 10:02,Glu,2,3,998,2.5580000000000003,34.49,26.19,6.5489999999999995,27.91,26.65,1171.6,21.951,59.413999999999994,31.831999999999997,136.642,173.43,31.565,Failed,2.2,0.44,1.6,4.23,526,0.0,0.42
,27769,R29334,932-029,13-04-2021 02:06,13-04-2021 23:56,Glu,3,10,1638,2.381,33.46,27.42,5.635,32.59,23.66,1171.86,24.798000000000002,64.361,30.79300000000001,105.541,163.588,33.875,Failed,1.62,0.22,0.1,4.74,494,0.2,1.24
,27769,R29334,932-029,13-04-2021 02:04,13-04-2021 23:52,Glu,2,6,1637,2.449,33.63,27.41,6.2,32.34,23.71,1162.19,25.169,63.085,31.483,110.818,184.696,33.791,Failed,1.55,0.18,1.7,3.43,516,3.7,0.02
,27769,R29334,932-029,13-04-2021 02:00,13-04-2021 23:48,Glu,1,1,1638,2.408,33.73,27.39,6.11,32.2,23.75,1168.28,24.05,63.887,29.818,21.108,168.865,32.98,Failed,1.63,0.43,0.5,4.44,416,0.5,0.42
,27777,R29342,932-029,13-04-2021 07:36,13-04-2021 23:42,Glu,8,8,1564,2.41,33.68,26.89,6.252999999999999,32.17,23.79,1180.31,25.409000000000002,57.956,31.666,121.37200000000001,189.97299999999998,34.889,Failed,1.53,0.42,1.8,4.01,406,0.1,0.21
,27810,R29357,932-029,13-04-2021 08:02,13-04-2021 22:34,Glu,8,2,1098,2.373,33.31,27.11,6.065,28.62,25.22,1172.99,20.726,58.82,30.285999999999998,115.62,168.174,31.090999999999998,Failed,2.15,0.25,0.1,4.49,517,0.4,0.33
,27778,R29343,932-029,13-04-2021 01:40,13-04-2021 20:56,Glu,2,11,862,2.416,34.05,27.16,5.6610000000000005,26.96,26.72,1212.42,25.287,54.785,29.456,104.992,157.488,31.938000000000002,Failed,1.55,0.22,0.1,5.18,538,0.2,0.53
,27753,R29318,932-029,13-04-2021 00:16,13-04-2021 19:00,Glu,3,4,601,2.219,32.27,27.56,5.922999999999999,28.57,26.26,1171.07,23.829,59.034,29.814,110.818,179.419,35.746,Failed,2.12,0.25,0.1,4.47,972,2.0,2.79
,27771,R29336,932-029,13-04-2021 03:50,13-04-2021 18:18,Glu,2,11,2075,2.189,33.89,27.53,5.847,28.54,25.94,1173.55,25.544,66.385,29.575,115.491,173.236,34.145,Failed,2.23,0.24,0.3,4.36,525,0.3,1.35
,27746,R29311,932-029,12-04-2021 22:12,13-04-2021 16:46,Glu,8,9,1287,2.279,34.0,26.72,5.9220000000000015,27.85,26.63,1181.03,23.476,59.678999999999995,27.539,120.741,178.486,32.561,Failed,1.85,0.2,0.6,3.74,475,1.4,3.74
,27759,R29324,932-029,12-04-2021 23:10,13-04-2021 15:42,Glu,3,5,2426,2.1590000000000003,32.67,27.55,6.1270000000000024,28.0,26.51,1172.14,22.428,59.107,30.342,131.878,211.005,32.622,Failed,2.15,0.24,0.2,4.37,553,0.6,1.98
,27660,R29243,932-029,12-04-2021 21:08,13-04-2021 15:12,Glu,8,15,2285,2.449,31.09,27.62,6.61,28.1,26.45,1180.74,22.921,58.794,32.522,110.36399999999999,210.218,33.713,Failed,1.6,0.24,0.8,4.2,445,4.3,3.34
,27660,R29243,932-029,12-04-2021 20:52,13-04-2021 14:50,Glu,3,10,2294,2.49,31.24,27.51,5.263,28.77,26.26,1176.32,21.985,59.788999999999994,31.278000000000002,115.62,168.174,32.72,Failed,1.5,0.22,0.2,4.67,770,0.9,0.86
,27681,R29264,932-029,12-04-2021 20:02,13-04-2021 14:14,Glu,3,6,2556,2.509,32.09,27.04,6.431,28.82,26.06,1165.9,25.385,59.258,31.936,131.92600000000002,205.804,36.111,Failed,2.13,0.27,1.5,3.68,420,1.4,0.44
,27710,R29293,932-029,12-04-2021 15:20,13-04-2021 12:46,Glu,2,8,1930,1.9880000000000002,31.78,26.72,6.395,27.39,26.66,1168.32,22.014,60.84,30.857,120.875,194.452,29.75,Failed,1.47,0.28,1.6,1.83,524,4.6,0.85
,27710,R29293,932-029,12-04-2021 15:16,13-04-2021 12:40,Glu,1,4,1918,2.1719999999999997,31.78,26.72,6.277,29.18,26.29,1159.39,21.467,61.717,31.175,105.109,199.707,30.289,Failed,1.5,0.23,1.2,4.18,489,0.6,0.64
,27708,R29291,932-029,12-04-2021 17:16,13-04-2021 08:00,Glu,3,9,1854,2.512,31.87,26.75,5.803999999999999,28.35,26.26,1181.24,23.67,58.644,29.506999999999998,94.98700000000001,158.311,33.14,Failed,4.63,0.25,0.4,3.51,429,0.5,0.05
,27708,R29291,932-029,12-04-2021 17:10,13-04-2021 07:52,Glu,1,1,1854,2.583,31.92,26.63,5.5020000000000024,29.43,25.94,1180.73,23.919,59.666000000000004,29.872,89.71,174.142,33.222,Failed,4.63,0.25,0.4,4.76,615,0.0,0.4
,27700,R29283,932-029,12-04-2021 15:42,13-04-2021 06:04,Glu,1,13,2593,2.029,31.93,26.77,5.662999999999999,28.96,26.12,1188.19,22.296,64.244,30.699,110.77799999999999,211.005,29.956999999999997,Failed,4.75,0.27,1.0,4.53,425,0.4,0.48
,27738,R29303,932-029,12-04-2021 13:00,13-04-2021 04:30,Glu,1,5,2131,2.262,30.96,26.88,5.3770000000000024,27.93,26.49,1172.98,24.965,59.727,30.721,21.108,200.52700000000002,35.058,Failed,4.68,0.24,0.6,3.86,622,0.6,0.24
,27739,R29304,932-029,11-04-2021 14:30,13-04-2021 01:06,Glu,2,11,2274,2.407,31.35,25.43,5.638,28.07,26.47,1170.43,22.005,59.784,30.576999999999998,120.875,178.685,30.699,Failed,1.93,0.26,0.3,4.5,416,1.2,0.63
,27750,R29315,932-029,11-04-2021 10:24,13-04-2021 00:26,Glu,2,6,2670,2.441,28.81,26.79,5.662000000000001,28.37,26.06,1161.35,24.372,59.336999999999996,30.855999999999998,121.37200000000001,184.696,33.735,Failed,2.12,0.24,0.2,4.33,699,0.1,0.02
,27750,R29315,932-029,11-04-2021 10:22,13-04-2021 00:22,Glu,1,5,2671,2.378,28.74,26.77,5.903,28.76,26.08,1164.53,24.443,58.977,30.89,116.095,195.25,34.654,Failed,2.17,0.22,0.0,3.89,455,0.5,0.46
,27679,R29262,932-029,11-04-2021 13:34,12-04-2021 19:34,Glu,2,10,3023,2.432,31.14,25.55,5.941,28.79,26.05,1197.35,22.146,58.995,29.928,110.77799999999999,211.005,29.572,Failed,1.82,0.24,1.1,3.98,489,5.3,2.69
,27743,R29308,932-029,11-04-2021 08:00,12-04-2021 11:18,Glu,2,9,1639,2.608,28.59,26.66,5.8020000000000005,27.96,26.42,1173.85,24.838,61.551,31.368000000000002,105.541,179.419,34.398,Failed,4.58,0.48,0.7,4.1,404,0.9,0.24
,27677,R29260,932-029,08-04-2021 10:24,12-04-2021 11:08,Glu,8,7,1399,1.935,33.4,25.23,5.492000000000001,28.22,26.15,1180.02,25.252,57.805,29.288,110.241,188.985,32.499,Failed,4.6,0.25,1.0,4.34,620,0.6,3.05
,27677,R29260,932-029,08-04-2021 10:08,12-04-2021 10:36,Glu,3,16,1397,2.024,32.86,25.53,5.551,28.91,26.33,1181.23,25.029,58.625,29.414,115.491,178.486,32.985,Failed,4.6,0.22,1.5,4.68,608,1.1,0.07
,27667,R29250,932-029,08-04-2021 09:20,09-04-2021 07:40,Glu,8,14,929,2.465,30.67,27.16,6.558,29.38,25.73,1151.15,21.967,65.222,32.536,99.853,204.96200000000002,29.933000000000003,Failed,1.45,0.29,0.1,2.61,225,6.1,2.29
,27667,R29250,932-029,08-04-2021 08:56,09-04-2021 07:14,Glu,2,12,953,2.461,30.25,27.0,6.8020000000000005,29.5,25.27,1156.72,21.193,62.735,31.123,120.875,204.96200000000002,28.871,Failed,1.45,0.32,1.3,3.29,209,6.3,1.63
,27687,R29270,932-029,08-04-2021 02:22,09-04-2021 06:24,Glu,8,12,1144,2.545,31.04,27.44,7.0729999999999995,29.71,25.32,1171.05,25.320999999999998,62.308,29.906999999999996,141.739,199.484,31.245,Failed,2.02,0.24,4.4,3.99,458,5.8,0.28
,27670,R29253,932-029,08-04-2021 01:58,08-04-2021 22:50,Glu,8,3,1415,2.3,30.87,27.11,5.675,26.64,27.51,1165.78,21.241999999999997,62.93600000000001,29.921999999999997,142.428,211.005,29.554000000000002,Failed,1.72,0.36,1.5,4.09,463,0.5,0.47
,27686,R29269,932-029,07-04-2021 22:58,08-04-2021 15:52,Glu,8,9,1496,2.52,31.53,26.51,6.2920000000000025,28.57,26.03,1154.85,26.625999999999998,59.812,33.626999999999995,126.649,200.52700000000002,34.481,Failed,1.85,0.43,3.4,2.53,460,2.2,0.85
,27686,R29269,932-029,07-04-2021 22:40,08-04-2021 15:24,Glu,2,12,1495,2.296,31.23,25.64,6.871,29.36,25.96,1139.35,26.139,63.953,33.602,147.757,205.804,35.09,Failed,1.83,0.24,2.9,4.16,450,0.8,0.43
,27665,R29248,932-029,07-04-2021 03:22,08-04-2021 03:04,Glu,1,4,2044,2.445,34.04,25.87,6.309,27.49,26.65,1160.06,23.905,61.12,30.516,137.203,205.804,33.118,Failed,3.2,0.39,1.7,4.15,517,0.1,0.67
,27583,R29217,932-029,06-04-2021 04:52,08-04-2021 01:56,Glu,1,2,2388,2.572,34.59,25.0,5.8260000000000005,27.17,26.75,1176.75,22.166999999999998,59.967,26.08,104.992,194.235,29.070999999999998,Failed,1.45,0.47,2.7,3.98,521,0.6,0.66
,27463,R29172,932-029,06-04-2021 15:20,07-04-2021 15:32,Glu,8,1,2379,2.6210000000000004,33.25,26.45,5.319,28.57,26.42,1179.36,24.441,65.382,31.229,131.92600000000002,179.419,33.693000000000005,Failed,1.57,0.24,0.5,4.3,496,0.2,0.03
,27503,R29192,932-029,06-04-2021 07:36,07-04-2021 04:44,Glu,3,8,3006,2.28,32.72,26.19,5.3770000000000024,29.56,26.03,1162.82,21.101999999999997,63.199,29.163,142.428,211.005,29.307,Failed,1.82,0.23,1.6,4.29,440,1.2,0.52
,27470,R29179,932-029,06-04-2021 04:34,06-04-2021 23:18,Glu,3,6,2015,2.593,35.31,24.86,5.574,27.96,26.36,1164.86,24.146,62.63,30.6,110.818,211.081,33.345,Failed,2.82,0.18,3.4,3.77,517,3.1,0.58
932-029-R29179-N002-A7-Failed,27470,R29179,932-029,06-04-2021 04:30,06-04-2021 23:14,Glu,2,7,2018,2.593,34.98,24.97,5.627999999999999,27.85,26.17,1158.92,24.558000000000003,62.302,30.96,121.37200000000001,205.804,33.275999999999996,Failed,2.82,0.19,3.0,4.12,436,0.0,0.47
,27521,R29210,932-029,05-04-2021 23:26,06-04-2021 22:28,Glu,8,4,2763,2.737,28.39,27.42,6.8660000000000005,28.45,26.52,1167.09,25.396,58.713,32.016,79.155,168.865,33.899,Failed,2.75,0.23,2.2,4.11,245,5.8,0.17
932-029-R29210-N001-A15-Failed,27521,R29210,932-029,05-04-2021 23:04,06-04-2021 21:50,Glu,1,15,2760,2.694,28.33,27.21,7.121,28.17,26.52,1164.78,25.439,58.475,31.979,21.108,174.142,34.621,Failed,2.83,0.2,2.1,4.5,262,6.3,0.36
,27456,R29165,932-029,06-04-2021 01:40,06-04-2021 20:40,Glu,3,9,1558,2.658,29.66,27.26,5.886,28.55,26.21,1213.27,22.236,61.515,31.324,116.053,211.005,28.57800000000001,Failed,1.57,0.35,1.3,4.01,404,0.3,0.58
,27581,R29215,932-029,02-04-2021 15:26,06-04-2021 20:02,Glu,3,6,1549,2.7119999999999997,29.29,26.81,6.4220000000000015,28.67,26.42,1154.56,20.084,58.971000000000004,29.969,120.875,204.96200000000002,27.739,Failed,1.65,0.28,3.2,4.11,414,7.0,0.47
,27497,R29186,932-029,06-04-2021 01:32,06-04-2021 17:34,Glu,8,16,690,2.717,29.73,27.21,6.382999999999999,30.44,25.46,1166.65,20.027,60.876999999999995,29.408,105.109,162.91899999999995,28.256,Failed,1.82,0.21,1.2,2.02,102,7.1,2.06
932-029-R29207-N004-A16-Failed,27518,R29207,932-029,02-04-2021 16:02,06-04-2021 10:42,Glu,4,16,2465,2.5180000000000002,29.66,26.42,7.055,28.77,26.42,1173.66,25.398000000000003,56.128,32.207,121.37200000000001,174.142,33.824,Failed,2.75,0.23,2.8,4.24,422,8.7,0.06
932-029-R29207-N002-A16-Failed,27518,R29207,932-029,02-04-2021 15:56,06-04-2021 10:32,Glu,2,16,2467,2.559,29.33,26.52,7.186,28.23,26.43,1177.48,25.217,57.791000000000004,31.87,94.98700000000001,179.419,34.06,Failed,2.82,0.2,1.9,4.24,360,6.9,0.11
932-029-R29183-N003-A6-Failed,27474,R29183,932-029,01-04-2021 01:22,01-04-2021 17:50,Glu,3,6,949,2.5069999999999997,30.13,27.11,6.064,28.94,25.85,1167.45,23.059,58.31,27.112,120.741,204.734,28.573,Failed,1.38,0.25,2.1,4.32,417,0.8,0.66
932-029-R29178-N008-A14-Failed,27469,R29178,932-029,31-03-2021 15:40,01-04-2021 17:34,Glu,8,14,509,2.609,29.6,27.28,6.468,29.92,25.02,1185.67,21.818,61.125,32.01,120.875,183.94099999999997,30.182,Failed,1.37,0.19,1.7,3.11,347,5.9,1.45
932-029-R29140-N002-A4-Failed,27412,R29140,932-029,30-03-2021 08:50,01-04-2021 12:18,Glu,2,4,712,2.491,32.49,26.31,6.069,28.32,26.61,1171.19,23.419,62.428000000000004,27.246,131.24,188.985,28.386,Failed,1.27,0.34,1.8,4.14,421,1.1,0.48
932-029-R29176-N002-A10-Failed,27467,R29176,932-029,30-03-2021 20:24,31-03-2021 14:36,Glu,2,10,1906,2.523,32.93,25.48,5.1370000000000005,27.73,26.88,1158.31,22.045,66.503,32.357,126.131,194.452,30.268,Failed,1.28,0.17,0.4,2.38,532,0.4,0.93
,27468,R29177,932-029,30-03-2021 20:50,31-03-2021 13:46,Glu,2,6,1911,2.274,32.1,25.6,6.426,26.64,26.95,1200.69,23.00800000000001,57.181999999999995,32.196,21.101,211.005,29.291999999999998,Failed,1.83,0.21,0.8,2.59,299,5.8,0.93
932-029-R29141-N002-A10-Failed,27413,R29141,932-029,30-03-2021 09:14,31-03-2021 12:54,Glu,2,10,2704,2.385,32.15,26.72,5.977,27.63,26.56,1165.55,23.189,60.738,29.022,121.37200000000001,205.804,30.519000000000002,Failed,1.35,0.13,0.0,0.76,343,8.0,1.98
932-029-R29117-N003-A6-Failed,27356,R29117,932-029,29-03-2021 20:30,31-03-2021 09:42,Glu,3,6,1790,2.766,32.89,26.68,5.559,27.17,26.88,1198.08,20.374000000000002,56.787,29.811999999999998,110.36399999999999,194.452,27.385,Failed,2.18,0.21,2.1,4.16,405,1.0,0.83
932-029-R29150-N003-A4-Failed,27422,R29150,932-029,30-03-2021 14:42,31-03-2021 08:08,Glu,3,4,907,2.508,32.56,26.98,6.1720000000000015,28.18,26.63,1153.46,23.316,62.538000000000004,29.879,131.92600000000002,205.804,31.3,Failed,1.37,0.36,2.0,4.38,435,0.6,0.6
932-029-R29150-N001-A15-Failed,27422,R29150,932-029,30-03-2021 14:36,31-03-2021 08:00,Glu,1,15,908,2.298,32.72,26.91,6.232,28.65,26.13,1167.84,23.218000000000004,60.48,28.881999999999998,121.37200000000001,189.97299999999998,30.502,Failed,1.43,0.44,3.7,4.34,489,0.6,0.61
932-029-R29075-N003-A16-Failed,27292,R29075,932-029,29-03-2021 07:20,31-03-2021 07:26,Glu,3,16,920,2.542,30.72,26.05,6.279,29.34,25.76,1176.08,23.761999999999997,61.37,27.84800000000001,78.744,178.486,28.904,Failed,1.43,0.53,2.2,2.64,465,4.6,0.34
932-029-R29159-N008-A10-Failed,27450,R29159,932-029,30-03-2021 15:22,31-03-2021 07:12,Glu,8,10,1024,2.432,32.44,27.18,6.109,28.4,26.91,1164.02,20.162,60.635,29.635,26.276999999999997,199.707,27.824,Failed,2.25,0.31,3.5,4.15,474,0.0,0.78
932-029-R29139-N008-A14-Failed,27411,R29139,932-029,30-03-2021 10:28,31-03-2021 06:26,Glu,8,14,956,2.371,31.35,27.07,6.2920000000000025,27.36,26.66,1198.53,20.899,59.19600000000001,28.516,137.153,211.005,26.478,Failed,4.33,0.2,2.0,4.56,411,1.3,0.49
932-029-R29139-N003-A14-Failed,27411,R29139,932-029,30-03-2021 10:14,31-03-2021 06:00,Glu,3,14,979,2.271,31.55,27.04,6.0889999999999995,27.88,26.35,1179.82,21.59800000000001,61.923,29.985,131.878,211.005,26.862,Failed,4.35,0.3,2.4,5.13,492,0.2,0.72
,27414,R29142,932-029,30-03-2021 10:04,31-03-2021 03:54,Glu,8,5,1926,2.33,31.68,27.04,5.978,27.16,26.61,1173.01,20.636999999999997,59.957,29.48,126.131,204.96200000000002,27.455,Failed,1.33,0.19,4.5,5.18,461,0.6,0.36
932-029-R29119-N003-A3-Failed,27358,R29119,932-029,30-03-2021 07:14,31-03-2021 01:56,Glu,3,3,2635,2.441,31.41,27.07,5.851,28.5,26.31,1161.88,23.208000000000002,59.305,29.374000000000002,147.757,205.804,32.701,Failed,2.13,0.21,2.1,3.87,437,0.2,0.62
932-029-R29145-N002-A14-Failed,27417,R29145,932-029,30-03-2021 05:18,31-03-2021 01:16,Glu,2,14,2068,2.43,31.41,26.98,6.142,28.6,25.85,1171.6,23.717,61.412,27.980999999999998,141.739,199.484,28.775,Failed,1.43,0.28,2.6,4.43,434,0.7,0.75
,27405,R29133,932-029,30-03-2021 07:58,31-03-2021 01:06,Glu,8,12,1843,2.543,31.31,27.41,6.074,28.87,25.92,1174.86,20.611,59.872,30.086,136.642,204.96200000000002,27.987,Failed,1.08,0.45,1.6,3.95,412,1.3,0.01
,27302,R29085,932-029,29-03-2021 15:44,31-03-2021 00:02,Glu,3,6,1563,2.299,30.47,27.23,5.934,27.85,26.66,1173.26,21.098000000000006,56.001999999999995,29.394000000000002,116.053,211.005,27.500999999999998,Failed,1.38,0.52,1.6,6.02,467,0.8,1.09
932-029-R29085-N002-A1-Failed,27302,R29085,932-029,29-03-2021 15:42,30-03-2021 23:58,Glu,2,1,1566,2.474,30.57,27.25,6.037000000000001,27.71,26.65,1173.96,20.544,55.61600000000001,28.291,84.402,211.005,28.13300000000001,Failed,1.45,0.21,0.6,0.92,290,6.1,2.75
932-029-R29112-N001-A12-Failed,27351,R29112,932-029,28-03-2021 15:18,30-03-2021 09:56,Glu,1,12,2757,2.583,31.46,25.69,6.4579999999999975,28.25,26.58,1171.11,23.287,61.372,27.822,125.99,194.235,30.149,Failed,1.48,0.6,2.2,3.49,445,6.9,0.43
,27256,R29057,932-029,29-03-2021 10:22,30-03-2021 08:00,Glu,2,14,1722,2.589,29.55,27.02,6.081,29.13,26.05,1166.31,20.881999999999998,61.772,30.38,110.36399999999999,210.218,28.891,Failed,1.07,0.31,0.1,4.15,423,0.6,0.93
,27210,R29029,932-029,29-03-2021 08:28,30-03-2021 02:52,Glu,1,10,1930,2.356,29.16,26.96,6.275,28.79,26.1,1182.36,20.844,60.795,27.612,121.32799999999999,211.005,27.416999999999998,Failed,4.22,0.34,1.4,3.5,431,1.5,0.78
932-029-R29081-N008-A14-Failed,27298,R29081,932-029,25-03-2021 14:32,30-03-2021 00:34,Glu,8,14,2664,2.594,32.27,26.1,6.0020000000000024,27.85,26.63,1147.45,21.041,60.183,31.57800000000001,126.131,204.96200000000002,28.336,Failed,1.18,0.19,0.7,4.76,440,0.0,0.85
932-029-R29051-N002-A15-Failed,27250,R29051,932-029,24-03-2021 14:20,29-03-2021 19:44,Glu,2,15,819,2.49,31.8,26.1,4.9510000000000005,28.15,26.12,1183.87,23.783,56.33600000000001,27.44,83.993,167.987,29.519000000000002,Failed,4.4,0.2,0.2,4.25,730,0.4,0.21
932-029-R29051-N001-A2-Failed,27250,R29051,932-029,24-03-2021 14:18,29-03-2021 19:38,Glu,1,2,821,2.562,31.67,26.38,5.506,28.05,26.28,1184.46,23.752,56.629,27.68,78.744,188.985,29.396,Failed,4.3,0.23,0.0,3.82,479,0.8,0.62
932-029-R29086-N008-A4-Failed,27303,R29086,932-029,25-03-2021 04:36,29-03-2021 15:38,Glu,8,4,3627,2.431,30.94,27.16,5.856,28.55,26.1,1177.06,22.929000000000002,57.074,27.195999999999998,136.489,178.486,29.173000000000002,Failed,1.38,0.4,1.4,2.25,458,4.7,1.03
,27347,R29108,932-029,26-03-2021 15:52,29-03-2021 10:06,Glu,1,14,3215,2.647,28.27,26.89,6.916,29.02,26.01,1177.16,26.467,60.733999999999995,33.777,121.37200000000001,189.97299999999998,34.661,Failed,4.37,0.17,1.0,3.43,336,6.2,1.43
932-029-R29107-N002-A13-Failed,27346,R29107,932-029,26-03-2021 17:08,29-03-2021 09:28,Glu,2,13,1854,2.342,30.64,25.92,5.57,29.87,25.53,1174.2,23.65,60.666000000000004,27.826,120.741,204.734,29.823,Failed,1.33,0.23,0.4,4.26,447,0.3,0.3
,27346,R29107,932-029,26-03-2021 17:04,29-03-2021 09:22,Glu,1,9,1859,2.519,30.37,25.98,5.41,28.81,25.94,1175.25,23.65,63.792,27.717,115.491,188.985,30.351999999999997,Failed,1.25,0.23,0.4,4.5,427,0.4,0.79
,27314,R29097,932-029,25-03-2021 07:34,26-03-2021 15:26,Glu,8,8,1323,2.417,32.32,26.56,6.117999999999999,30.1,25.07,1157.15,23.579,65.189,29.875,94.98700000000001,205.804,31.354,Failed,1.73,0.22,2.3,4.01,438,2.8,0.55
,27314,R29097,932-029,25-03-2021 07:14,26-03-2021 14:48,Glu,1,2,1332,2.4730000000000003,31.72,26.58,5.57,29.8,25.64,1161.95,22.54300000000001,60.122,28.697,79.155,211.081,29.789,Failed,1.72,0.26,4.1,3.74,412,0.1,0.57
,27299,R29082,932-029,25-03-2021 01:54,26-03-2021 14:42,Glu,8,14,1578,2.623,32.09,26.28,6.6229999999999976,29.14,25.85,1160.24,23.090999999999998,59.59,27.684,136.489,204.734,28.397,Failed,1.8,0.22,2.1,4.03,420,5.0,0.51
,27345,R29106,932-029,25-03-2021 14:06,26-03-2021 09:32,Glu,8,15,682,2.2569999999999997,32.02,26.35,6.025,27.96,26.49,1184.13,24.627,56.44,28.595,104.992,194.235,30.57,Failed,1.63,0.26,1.4,4.0,415,3.2,0.42
,27309,R29092,932-029,25-03-2021 09:06,26-03-2021 03:46,Glu,1,1,930,2.593,32.96,25.41,6.22,27.11,26.84,1179.74,23.198,59.361999999999995,29.683000000000003,126.649,195.25,30.76,Failed,1.6,0.31,1.7,3.73,414,0.7,0.67
,27207,R29026,932-029,24-03-2021 12:30,25-03-2021 23:00,Glu,8,8,1382,2.533,31.36,26.45,5.539,27.7,27.02,1178.17,22.109,60.775,25.886999999999997,115.491,178.486,28.53,Failed,2.67,0.19,0.9,4.85,438,0.6,0.61
,27218,R29037,932-029,24-03-2021 08:08,25-03-2021 14:22,Glu,2,11,1894,2.471,32.78,25.59,5.874,28.05,26.73,1153.15,22.263,60.56399999999999,27.816999999999997,100.264,200.52700000000002,30.0,Failed,1.95,0.37,3.5,3.71,458,0.3,0.42
,27197,R29016,932-029,24-03-2021 01:12,25-03-2021 11:14,Glu,2,2,2535,2.383,29.21,27.16,5.728,28.07,26.88,1159.23,22.474,59.131,28.075,110.818,200.52700000000002,30.340999999999998,Failed,2.0,0.42,3.9,3.98,495,1.1,0.42
,27267,R29068,932-029,24-03-2021 17:02,25-03-2021 07:56,Glu,1,1,1359,2.494,30.32,26.89,6.143,28.42,26.21,1171.61,24.461,60.363,31.096999999999998,142.48,179.419,33.211,Failed,1.9,0.45,3.4,4.28,495,1.0,0.05
,27198,R29017,932-029,24-03-2021 01:58,25-03-2021 04:50,Glu,2,8,1282,2.373,32.72,25.5,5.755,27.7,26.59,1172.75,22.709,57.994,28.2,121.37200000000001,174.142,29.783,Failed,0.6,0.4,2.0,4.57,475,0.0,0.48
932-029-R29017-N001-A15-Failed,27198,R29017,932-029,24-03-2021 02:20,25-03-2021 04:44,Glu,1,15,1283,2.438,31.33,26.52,6.121,27.96,26.36,1167.23,22.329,56.81,28.182,116.095,189.97299999999998,29.25,Failed,0.67,0.19,0.8,1.99,342,7.2,2.03
932-029-R29049-N003-A1-Failed,27248,R29049,932-029,24-03-2021 09:06,25-03-2021 03:22,Glu,3,1,2293,2.6239999999999997,34.68,24.53,5.955,27.29,26.54,1166.77,20.772,61.56800000000001,30.254,115.62,183.94099999999997,28.971999999999998,Failed,1.9,0.26,1.6,1.28,355,6.8,1.97
,27201,R29020,932-029,24-03-2021 04:20,25-03-2021 02:34,Glu,2,15,1709,2.373,34.56,25.0,6.183,28.03,26.52,1181.54,20.122,59.44300000000001,27.413,100.227,211.005,25.805,Failed,0.53,0.38,1.8,3.21,510,4.7,0.4
932-029-R29018-N002-A13-Failed,27199,R29018,932-029,23-03-2021 08:10,24-03-2021 22:38,Glu,2,13,2273,2.412,27.44,28.62,5.2360000000000015,29.83,25.25,1168.89,22.38,58.496,27.746,105.541,200.52700000000002,29.724,Failed,1.33,0.24,0.4,3.87,419,0.3,0.12
,27212,R29031,932-029,23-03-2021 23:00,24-03-2021 14:00,Glu,8,14,2053,2.255,29.75,26.68,6.2570000000000014,28.59,26.1,1163.35,22.02,56.585,26.136,110.241,204.734,27.531,Failed,1.9,0.35,2.8,4.38,431,0.9,0.55
932-029-R29019-N002-A5-Failed,27200,R29019,932-029,23-03-2021 05:38,24-03-2021 12:44,Glu,2,5,2517,2.497,29.55,26.58,6.218,28.42,26.61,1171.06,20.854,58.526,28.818,121.32799999999999,211.005,26.913,Failed,1.4,0.41,1.8,3.95,427,0.6,0.5
932-029-R29012-N002-A10-Failed,27175,R29012,932-029,23-03-2021 11:44,24-03-2021 11:54,Glu,2,10,2449,2.449,30.74,27.05,5.916,28.17,26.51,1161.9,18.897000000000002,59.536,27.738000000000003,105.109,178.685,26.735,Failed,1.32,0.3,2.0,4.5,417,1.7,0.02
,27082,R28982,932-029,23-03-2021 09:00,24-03-2021 11:10,Glu,1,4,1744,2.484,28.49,27.92,6.037999999999999,28.15,26.58,1147.95,23.91,66.132,30.038,73.878,205.804,30.572,Failed,1.88,0.42,3.1,4.02,431,0.7,0.38
932-029-R29004-N008-A4-Failed,27167,R29004,932-029,23-03-2021 06:20,24-03-2021 11:04,Glu,8,4,1715,2.414,29.02,26.95,6.121,27.63,26.63,1171.83,25.305,60.913000000000004,29.734,125.99,204.734,31.124000000000002,Failed,1.3,0.29,1.0,4.28,424,1.6,0.1
932-029-R29023-N008-A12-Failed,27204,R29023,932-029,23-03-2021 06:44,24-03-2021 09:24,Glu,8,12,2747,2.492,27.76,27.87,5.659,29.33,25.6,1163.17,19.0,60.731,27.743000000000002,110.36399999999999,194.452,26.445999999999998,Failed,2.1,0.3,1.0,3.72,413,1.4,0.08
932-029-R29032-N003-A13-Failed,27213,R29032,932-029,23-03-2021 06:54,24-03-2021 08:14,Glu,3,13,1848,2.463,28.12,28.04,5.827000000000001,27.7,26.59,1160.96,22.068,59.227,28.07,110.818,189.97299999999998,30.285999999999998,Failed,1.42,0.27,1.7,4.78,493,1.4,0.03
932-029-R29032-N002-A9-Failed,27213,R29032,932-029,23-03-2021 06:50,24-03-2021 08:08,Glu,2,9,1850,2.634,27.85,27.97,6.051,28.32,26.52,1161.38,22.616999999999997,65.297,28.412,94.98700000000001,179.419,29.248,Failed,1.4,0.16,0.5,3.36,342,8.3,2.79
932-029-R28981-N008-A15-Failed,27081,R28981,932-029,23-03-2021 10:14,24-03-2021 06:14,Glu,8,15,1873,2.608,30.24,26.79,6.0710000000000015,29.01,25.83,1166.13,20.718000000000004,66.608,30.16,99.853,210.218,28.108,Failed,1.92,0.43,2.5,3.32,403,2.2,0.56
932-029-R28995-N008-A1-Failed,27158,R28995,932-029,23-03-2021 10:38,24-03-2021 03:28,Glu,8,1,975,2.5069999999999997,29.5,27.32,6.4910000000000005,27.78,26.75,1170.55,24.975,58.596000000000004,31.531999999999996,121.37200000000001,179.419,33.119,Failed,1.42,0.26,1.5,5.31,459,3.3,0.12
932-029-R28996-N008-A14-Failed,27159,R28996,932-029,22-03-2021 15:40,24-03-2021 02:38,Glu,8,14,2615,2.4930000000000003,30.24,26.7,6.178,27.9,26.51,1163.13,22.089000000000002,62.467,32.068000000000005,131.386,204.96200000000002,30.13,Failed,1.3,0.23,0.0,1.61,362,6.9,2.5
932-029-R28996-N003-A6-Failed,27159,R28996,932-029,22-03-2021 15:24,24-03-2021 02:12,Glu,3,6,2615,2.4619999999999997,26.42,29.12,6.267,27.88,26.28,1166.35,22.279,58.59,32.023,115.62,210.218,31.068,Failed,1.27,0.31,0.8,3.45,364,6.0,1.13
932-029-R29042-N002-A7-Failed,27223,R29042,932-029,23-03-2021 09:32,24-03-2021 00:38,Glu,2,7,510,2.483,28.4,27.74,5.952999999999999,27.65,26.82,1170.36,25.311999999999998,59.43,29.263,115.491,178.486,31.766,Failed,1.68,0.32,0.8,3.73,443,2.8,0.86
932-029-R29002-N008-A3-Failed,27165,R29002,932-029,22-03-2021 08:34,24-03-2021 00:26,Glu,8,3,2060,2.49,26.99,28.02,5.902,27.09,26.98,1155.14,19.93,61.391999999999996,29.230999999999998,115.62,204.96200000000002,27.708000000000002,Failed,1.87,0.29,3.8,4.57,448,0.6,0.1
932-029-R28976-N008-A7-Failed,27076,R28976,932-029,22-03-2021 13:32,23-03-2021 22:06,Glu,8,7,1055,2.25,28.79,27.35,5.89,27.39,26.91,1172.23,22.128,72.148,31.393,105.109,162.91899999999995,29.201,Failed,2.13,0.29,0.9,3.78,457,3.5,0.63
932-029-R28989-N003-A2-Failed,27152,R28989,932-029,22-03-2021 16:48,23-03-2021 17:44,Glu,3,2,1376,2.499,27.26,28.82,6.3610000000000015,28.82,26.08,1161.54,24.026999999999997,66.479,27.833000000000002,94.493,209.984,29.173000000000002,Failed,2.03,0.26,0.0,4.4,429,3.8,0.33
932-029-R28978-N002-A2-Failed,27078,R28978,932-029,18-03-2021 13:24,23-03-2021 15:38,Glu,2,2,3211,2.278,31.92,26.68,5.8389999999999995,28.3,26.35,1172.65,20.988000000000003,70.727,30.479,110.36399999999999,168.174,29.3,Failed,1.9,0.24,0.8,1.58,262,7.3,2.68
932-029-R28978-N001-A6-Failed,27078,R28978,932-029,18-03-2021 13:20,23-03-2021 15:34,Glu,1,6,3212,2.404,32.12,26.66,5.9860000000000015,28.3,26.38,1174.82,21.144000000000002,71.077,31.241999999999997,131.386,189.196,29.028000000000002,Failed,1.98,0.3,2.6,4.06,421,0.8,0.12
,27085,R28985,932-029,21-03-2021 09:06,23-03-2021 15:06,Glu,3,14,2652,2.759,26.52,28.22,6.712999999999999,28.55,26.17,1157.79,23.349,66.589,29.796999999999997,94.98700000000001,179.419,31.189,Failed,1.67,0.24,1.2,4.3,318,7.9,1.23
,27022,R28946,932-029,22-03-2021 14:28,23-03-2021 14:24,Glu,2,4,1128,2.229,27.63,28.2,5.0169999999999995,28.28,26.21,1153.36,22.394000000000002,60.57100000000001,27.016,136.489,194.235,29.823,Failed,1.9,0.18,1.9,4.49,516,0.2,0.97
,27160,R28997,932-029,22-03-2021 09:02,23-03-2021 09:12,Glu,8,6,1238,2.43,28.18,27.51,6.4110000000000005,29.75,25.69,1178.81,21.825,57.155,30.979,84.402,211.005,29.531999999999996,Failed,1.67,0.24,1.2,4.51,159,5.8,0.96
932-029-R28920-N008-A6-Failed,26996,R28920,932-029,16-03-2021 21:06,23-03-2021 08:28,Glu,8,6,2240,2.697,31.6,26.15,6.151,28.59,26.61,1171.46,19.535999999999998,61.059,28.739,110.36399999999999,199.707,27.666999999999998,Failed,1.65,0.35,1.2,3.74,472,2.6,0.08
932-029-R29010-N008-A7-Failed,27173,R29010,932-029,22-03-2021 07:38,23-03-2021 06:52,Glu,8,7,1009,2.445,28.22,27.09,6.482,29.5,25.94,1155.58,26.215999999999998,61.776,30.808000000000003,104.992,209.984,33.104,Failed,1.67,0.17,2.6,4.15,535,2.8,0.59
932-029-R28990-N008-A15-Failed,27153,R28990,932-029,21-03-2021 10:10,23-03-2021 04:40,Glu,8,15,1259,2.6630000000000003,26.43,28.48,6.232,28.69,26.06,1162.95,21.486,67.575,30.226,26.276999999999997,199.707,28.741999999999997,Failed,1.82,0.25,1.5,3.95,529,1.6,0.26
932-029-R28990-N002-A4-Failed,27153,R28990,932-029,21-03-2021 09:52,23-03-2021 04:10,Glu,2,4,1273,2.714,25.98,28.71,6.8210000000000015,27.65,26.66,1152.73,20.805999999999997,65.89699999999999,29.885,89.34299999999998,210.218,28.215,Failed,1.8,0.16,1.1,2.18,384,7.0,0.7
,27156,R28993,932-029,21-03-2021 10:36,23-03-2021 02:38,Glu,8,12,1663,2.364,25.96,28.52,6.718,27.65,26.68,1158.74,22.021,70.308,30.704,94.95200000000001,211.005,28.805999999999997,Failed,1.68,0.22,0.8,4.04,475,5.1,0.91
932-029-R28974-N001-A1-Failed,27074,R28974,932-029,21-03-2021 12:02,23-03-2021 00:58,Glu,1,1,1561,2.654,26.13,28.92,6.772,28.25,26.61,1167.93,21.795,72.062,31.564,84.087,194.452,30.683000000000003,Failed,1.78,0.18,1.8,4.78,487,0.9,0.75
,27080,R28980,932-029,21-03-2021 12:48,23-03-2021 00:54,Glu,8,14,1656,2.6519999999999997,26.64,28.31,6.607,27.54,26.82,1167.66,24.666999999999998,77.452,31.166999999999998,105.541,211.081,32.843,Failed,1.38,0.18,2.2,4.92,495,5.0,0.44
932-029-R28979-N003-A16-Failed,27079,R28979,932-029,21-03-2021 11:44,22-03-2021 21:10,Glu,3,16,1397,2.5610000000000004,26.28,28.8,5.608,28.91,26.24,1177.54,24.238000000000003,71.822,29.732,84.432,158.311,32.041,Failed,1.57,0.22,0.3,4.22,709,0.8,1.8
932-029-R28979-N002-A3-Failed,27079,R28979,932-029,21-03-2021 11:40,22-03-2021 21:06,Glu,2,3,1399,2.45,26.28,28.78,5.292000000000002,28.92,26.01,1175.96,24.142,71.402,29.951999999999998,94.98700000000001,174.142,31.910999999999998,Failed,1.58,0.23,0.1,5.06,930,0.2,1.67
932-029-R28979-N001-A11-Failed,27079,R28979,932-029,21-03-2021 11:38,22-03-2021 21:00,Glu,1,11,1399,2.356,26.08,28.77,5.49,28.89,26.08,1163.55,24.689,76.204,30.741999999999997,110.818,184.696,32.82,Failed,1.62,0.23,0.1,4.57,856,0.5,0.89
,26941,R28913,932-029,16-03-2021 13:30,22-03-2021 18:46,Glu,2,4,1735,2.667,30.54,27.12,6.231,28.5,26.38,1163.73,21.371,66.559,30.493000000000002,94.598,157.66299999999995,29.215999999999998,Failed,1.28,0.19,0.0,4.53,491,1.1,0.6
932-029-R28969-N001-A2-Failed,27069,R28969,932-029,21-03-2021 13:38,22-03-2021 18:02,Glu,1,2,1036,2.589,26.8,28.34,5.785,28.37,26.38,1160.77,24.831,60.395,31.588,116.095,211.081,34.968,Failed,1.68,0.2,0.1,5.36,525,0.9,0.56
932-029-R28936-N008-A1-Failed,27012,R28936,932-029,21-03-2021 09:46,22-03-2021 17:46,Glu,8,1,1215,2.594,25.93,28.61,7.1,28.08,26.24,1186.0,24.658,55.68600000000001,29.44,104.992,178.486,31.991,Failed,1.65,0.3,1.5,4.4,446,5.7,0.06
932-029-R28944-N003-A6-Failed,27020,R28944,932-029,20-03-2021 15:32,22-03-2021 14:38,Glu,3,6,1705,2.593,27.07,27.23,5.89,28.67,25.9,1149.61,22.537,63.558,29.17,137.203,211.081,32.83,Failed,1.58,0.26,0.6,5.29,470,0.9,0.13
932-029-R28944-N001-A6-Failed,27020,R28944,932-029,20-03-2021 15:26,22-03-2021 14:28,Glu,1,6,1706,2.468,27.36,27.12,5.692,29.56,25.6,1158.73,22.565,60.70399999999999,28.645,89.71,205.804,32.188,Failed,1.67,0.26,0.4,5.36,435,0.8,0.24
,26936,R28908,932-029,18-03-2021 14:26,19-03-2021 11:40,Glu,1,4,564,2.0869999999999997,32.84,25.98,6.596,27.33,27.11,1165.55,23.622,65.425,30.445999999999998,142.48,211.081,30.732,Failed,1.78,0.32,3.4,5.72,469,0.8,0.61
,27018,R28942,932-029,18-03-2021 03:36,19-03-2021 04:32,Glu,2,6,685,2.474,31.36,26.51,5.867000000000001,27.51,26.66,1170.35,20.386,59.54600000000001,28.39,126.603,211.005,28.500999999999998,Failed,1.77,0.46,1.9,5.22,441,0.3,0.06
,27023,R28947,932-029,18-03-2021 07:48,19-03-2021 03:22,Glu,8,4,852,2.3890000000000002,32.3,26.4,6.251,26.92,27.18,1143.1,22.771,62.415,29.15,121.37200000000001,211.081,31.523000000000003,Failed,1.55,0.32,1.2,4.8,404,0.1,0.4
,26925,R28897,932-029,17-03-2021 23:46,19-03-2021 00:38,Glu,1,11,1161,2.575,28.89,27.35,6.039,27.33,27.07,1178.24,21.214000000000002,62.958,28.368000000000002,126.603,211.005,26.982,Failed,5.15,0.37,2.3,4.62,438,0.6,0.48
